[INFO ] 2023-02-14T19:17:21,283Z [Test worker] cordapp.JarScanningCordappLoader. - Loading CorDapps from RestrictedURL(url=file:/C:/Users/Anvith/Dropbox/PC/Desktop/Work/Corda/samples-java/Basic/tutorial-applestamp/contracts/build/generated-custom-cordapps/20230214-191720.973-11B4CE98A80E56A5/custom-cordapp_1_11_b32e6b08-7e0a-42b8-953c-9b845c48a83e.jar, rootPackageName=null) {}
[INFO ] 2023-02-14T19:17:21,321Z [Test worker] cordapp.JarScanningCordappLoader. - Scanning CorDapp in file:/C:/Users/Anvith/Dropbox/PC/Desktop/Work/Corda/samples-java/Basic/tutorial-applestamp/contracts/build/generated-custom-cordapps/20230214-191720.973-11B4CE98A80E56A5/custom-cordapp_1_11_b32e6b08-7e0a-42b8-953c-9b845c48a83e.jar {}
[ERROR] 2023-02-14T19:17:22,955Z [Test worker] internal.Verifier. - Error validating transaction 6594EA4DFC5EDC6E1F49B83862D032283D9B4AA57870A44510AEA5EC99D50569. {}
java.lang.IllegalArgumentException: Failed requirement: The output AppleStamp state should have clear description of the type of redeemable goods
	at net.corda.core.contracts.Requirements.using(ContractsDSL.kt:26) ~[corda-core-4.9.jar:?]
	at com.tutorial.contracts.AppleStampContract.lambda$verify$0(AppleStampContract.java:27) ~[main/:?]
	at net.corda.core.contracts.ContractsDSL.requireThat(ContractsDSL.kt:30) ~[corda-core-4.9.jar:?]
	at com.tutorial.contracts.AppleStampContract.verify(AppleStampContract.java:25) ~[main/:?]
	at net.corda.core.internal.TransactionVerifier.apply(TransactionVerifierServiceInternal.kt:507) ~[corda-core-4.9.jar:?]
	at net.corda.core.internal.AbstractVerifier.verify(TransactionVerifierServiceInternal.kt:80) ~[corda-core-4.9.jar:?]
	at net.corda.core.transactions.LedgerTransaction.verify(LedgerTransaction.kt:250) ~[corda-core-4.9.jar:?]
	at net.corda.core.transactions.TransactionBuilder.addMissingDependency(TransactionBuilder.kt:248) ~[corda-core-4.9.jar:?]
	at net.corda.core.transactions.TransactionBuilder.toWireTransactionWithContext(TransactionBuilder.kt:228) ~[corda-core-4.9.jar:?]
	at net.corda.core.transactions.TransactionBuilder.toWireTransactionWithContext$core(TransactionBuilder.kt:186) ~[corda-core-4.9.jar:?]
	at net.corda.core.transactions.TransactionBuilder.toWireTransaction(TransactionBuilder.kt:144) ~[corda-core-4.9.jar:?]
	at net.corda.testing.dsl.TestTransactionDSLInterpreter.toWireTransaction$test_utils(TestDSL.kt:146) ~[corda-test-utils-4.9.jar:?]
	at net.corda.testing.dsl.TestTransactionDSLInterpreter.verifies(TestDSL.kt:190) ~[corda-test-utils-4.9.jar:?]
	at net.corda.testing.dsl.Verifies$DefaultImpls.failsWith(LedgerDSLInterpreter.kt:45) ~[corda-test-utils-4.9.jar:?]
	at net.corda.testing.dsl.TransactionDSLInterpreter$DefaultImpls.failsWith(TransactionDSLInterpreter.kt) ~[corda-test-utils-4.9.jar:?]
	at net.corda.testing.dsl.TestTransactionDSLInterpreter.failsWith(TestDSL.kt:80) ~[corda-test-utils-4.9.jar:?]
	at net.corda.testing.dsl.Verifies$DefaultImpls.fails(LedgerDSLInterpreter.kt:75) ~[corda-test-utils-4.9.jar:?]
	at net.corda.testing.dsl.TransactionDSLInterpreter$DefaultImpls.fails(TransactionDSLInterpreter.kt) ~[corda-test-utils-4.9.jar:?]
	at net.corda.testing.dsl.TestTransactionDSLInterpreter.fails(TestDSL.kt:80) ~[corda-test-utils-4.9.jar:?]
	at net.corda.testing.dsl.TransactionDSL.fails(TransactionDSLInterpreter.kt) ~[corda-test-utils-4.9.jar:?]
	at com.tutorial.contracts.ContractTests.lambda$null$6(ContractTests.java:71) ~[test/:?]
	at net.corda.testing.dsl.LedgerDSL$transaction$1.invoke(LedgerDSLInterpreter.kt:141) ~[corda-test-utils-4.9.jar:?]
	at net.corda.testing.dsl.LedgerDSL$transaction$1.invoke(LedgerDSLInterpreter.kt:132) ~[corda-test-utils-4.9.jar:?]
	at net.corda.testing.dsl.TestLedgerDSLInterpreter.interpretTransactionDsl(TestDSL.kt:285) ~[corda-test-utils-4.9.jar:?]
	at net.corda.testing.dsl.TestLedgerDSLInterpreter.recordTransactionWithTransactionMap(TestDSL.kt:309) ~[corda-test-utils-4.9.jar:?]
	at net.corda.testing.dsl.TestLedgerDSLInterpreter._transaction(TestDSL.kt:345) ~[corda-test-utils-4.9.jar:?]
	at net.corda.testing.dsl.LedgerDSL._transaction(LedgerDSLInterpreter.kt) ~[corda-test-utils-4.9.jar:?]
	at net.corda.testing.dsl.LedgerDSL.transaction(LedgerDSLInterpreter.kt:141) ~[corda-test-utils-4.9.jar:?]
	at net.corda.testing.dsl.LedgerDSL.transaction$default(LedgerDSLInterpreter.kt:139) ~[corda-test-utils-4.9.jar:?]
	at net.corda.testing.dsl.LedgerDSL.transaction(LedgerDSLInterpreter.kt) ~[corda-test-utils-4.9.jar:?]
	at com.tutorial.contracts.ContractTests.lambda$StampMustHaveDescription$8(ContractTests.java:68) ~[test/:?]
	at net.corda.testing.node.NodeTestUtils$ledger$2.invoke(NodeTestUtils.kt:39) ~[corda-node-driver-4.9.jar:?]
	at net.corda.testing.node.NodeTestUtils$ledger$2.invoke(NodeTestUtils.kt) ~[corda-node-driver-4.9.jar:?]
	at net.corda.testing.internal.InternalTestUtilsKt$withTestSerializationEnvIfNotSet$1.invoke(InternalTestUtils.kt:241) ~[corda-test-utils-4.9.jar:?]
	at net.corda.testing.internal.InternalTestUtilsKt$withTestSerializationEnvIfNotSet$1.invoke(InternalTestUtils.kt) ~[corda-test-utils-4.9.jar:?]
	at net.corda.testing.common.internal.CommonSerializationTestHelpersKt.asContextEnv(CommonSerializationTestHelpers.kt:19) ~[corda-test-common-4.9.jar:?]
	at net.corda.coretesting.internal.InternalSerializationTestHelpersKt.asTestContextEnv(InternalSerializationTestHelpers.kt:70) ~[corda-core-test-utils-4.9.jar:?]
	at net.corda.testing.internal.InternalTestUtilsKt.withTestSerializationEnvIfNotSet(InternalTestUtils.kt:241) ~[corda-test-utils-4.9.jar:?]
	at net.corda.testing.node.NodeTestUtils.ledger(NodeTestUtils.kt:36) ~[corda-node-driver-4.9.jar:?]
	at net.corda.testing.node.NodeTestUtils.ledger$default(NodeTestUtils.kt:23) ~[corda-node-driver-4.9.jar:?]
	at net.corda.testing.node.NodeTestUtils.ledger(NodeTestUtils.kt) ~[corda-node-driver-4.9.jar:?]
	at com.tutorial.contracts.ContractTests.StampMustHaveDescription(ContractTests.java:67) ~[test/:?]
	at sun.reflect.NativeMethodAccessorImpl.invoke0(Native Method) ~[?:1.8.0_341]
	at sun.reflect.NativeMethodAccessorImpl.invoke(NativeMethodAccessorImpl.java:62) ~[?:1.8.0_341]
	at sun.reflect.DelegatingMethodAccessorImpl.invoke(DelegatingMethodAccessorImpl.java:43) ~[?:1.8.0_341]
	at java.lang.reflect.Method.invoke(Method.java:498) ~[?:1.8.0_341]
	at org.junit.runners.model.FrameworkMethod$1.runReflectiveCall(FrameworkMethod.java:50) ~[junit-4.12.jar:4.12]
	at org.junit.internal.runners.model.ReflectiveCallable.run(ReflectiveCallable.java:12) ~[junit-4.12.jar:4.12]
	at org.junit.runners.model.FrameworkMethod.invokeExplosively(FrameworkMethod.java:47) ~[junit-4.12.jar:4.12]
	at org.junit.internal.runners.statements.InvokeMethod.evaluate(InvokeMethod.java:17) ~[junit-4.12.jar:4.12]
	at org.junit.runners.ParentRunner.runLeaf(ParentRunner.java:325) ~[junit-4.12.jar:4.12]
	at org.junit.runners.BlockJUnit4ClassRunner.runChild(BlockJUnit4ClassRunner.java:78) ~[junit-4.12.jar:4.12]
	at org.junit.runners.BlockJUnit4ClassRunner.runChild(BlockJUnit4ClassRunner.java:57) ~[junit-4.12.jar:4.12]
	at org.junit.runners.ParentRunner$3.run(ParentRunner.java:290) ~[junit-4.12.jar:4.12]
	at org.junit.runners.ParentRunner$1.schedule(ParentRunner.java:71) ~[junit-4.12.jar:4.12]
	at org.junit.runners.ParentRunner.runChildren(ParentRunner.java:288) ~[junit-4.12.jar:4.12]
	at org.junit.runners.ParentRunner.access$000(ParentRunner.java:58) ~[junit-4.12.jar:4.12]
	at org.junit.runners.ParentRunner$2.evaluate(ParentRunner.java:268) ~[junit-4.12.jar:4.12]
	at org.junit.runners.ParentRunner.run(ParentRunner.java:363) ~[junit-4.12.jar:4.12]
	at org.gradle.api.internal.tasks.testing.junit.JUnitTestClassExecutor.runTestClass(JUnitTestClassExecutor.java:110) ~[?:?]
	at org.gradle.api.internal.tasks.testing.junit.JUnitTestClassExecutor.execute(JUnitTestClassExecutor.java:58) ~[?:?]
	at org.gradle.api.internal.tasks.testing.junit.JUnitTestClassExecutor.execute(JUnitTestClassExecutor.java:38) ~[?:?]
	at org.gradle.api.internal.tasks.testing.junit.AbstractJUnitTestClassProcessor.processTestClass(AbstractJUnitTestClassProcessor.java:62) ~[?:?]
	at org.gradle.api.internal.tasks.testing.SuiteTestClassProcessor.processTestClass(SuiteTestClassProcessor.java:51) ~[?:?]
	at sun.reflect.NativeMethodAccessorImpl.invoke0(Native Method) ~[?:1.8.0_341]
	at sun.reflect.NativeMethodAccessorImpl.invoke(NativeMethodAccessorImpl.java:62) ~[?:1.8.0_341]
	at sun.reflect.DelegatingMethodAccessorImpl.invoke(DelegatingMethodAccessorImpl.java:43) ~[?:1.8.0_341]
	at java.lang.reflect.Method.invoke(Method.java:498) ~[?:1.8.0_341]
	at org.gradle.internal.dispatch.ReflectionDispatch.dispatch(ReflectionDispatch.java:36) ~[gradle-tooling-api-5.6.4.jar:5.6.4]
	at org.gradle.internal.dispatch.ReflectionDispatch.dispatch(ReflectionDispatch.java:24) ~[gradle-tooling-api-5.6.4.jar:5.6.4]
	at org.gradle.internal.dispatch.ContextClassLoaderDispatch.dispatch(ContextClassLoaderDispatch.java:33) ~[?:?]
	at org.gradle.internal.dispatch.ProxyDispatchAdapter$DispatchingInvocationHandler.invoke(ProxyDispatchAdapter.java:94) ~[gradle-tooling-api-5.6.4.jar:5.6.4]
	at com.sun.proxy.$Proxy2.processTestClass(Unknown Source) ~[?:?]
	at org.gradle.api.internal.tasks.testing.worker.TestWorker.processTestClass(TestWorker.java:118) ~[?:?]
	at sun.reflect.NativeMethodAccessorImpl.invoke0(Native Method) ~[?:1.8.0_341]
	at sun.reflect.NativeMethodAccessorImpl.invoke(NativeMethodAccessorImpl.java:62) ~[?:1.8.0_341]
	at sun.reflect.DelegatingMethodAccessorImpl.invoke(DelegatingMethodAccessorImpl.java:43) ~[?:1.8.0_341]
	at java.lang.reflect.Method.invoke(Method.java:498) ~[?:1.8.0_341]
	at org.gradle.internal.dispatch.ReflectionDispatch.dispatch(ReflectionDispatch.java:36) ~[gradle-tooling-api-5.6.4.jar:5.6.4]
	at org.gradle.internal.dispatch.ReflectionDispatch.dispatch(ReflectionDispatch.java:24) ~[gradle-tooling-api-5.6.4.jar:5.6.4]
	at org.gradle.internal.remote.internal.hub.MessageHubBackedObjectConnection$DispatchWrapper.dispatch(MessageHubBackedObjectConnection.java:182) ~[?:?]
	at org.gradle.internal.remote.internal.hub.MessageHubBackedObjectConnection$DispatchWrapper.dispatch(MessageHubBackedObjectConnection.java:164) ~[?:?]
	at org.gradle.internal.remote.internal.hub.MessageHub$Handler.run(MessageHub.java:412) ~[?:?]
	at org.gradle.internal.concurrent.ExecutorPolicy$CatchAndRecordFailures.onExecute(ExecutorPolicy.java:64) ~[gradle-tooling-api-5.6.4.jar:5.6.4]
	at org.gradle.internal.concurrent.ManagedExecutorImpl$1.run(ManagedExecutorImpl.java:48) ~[gradle-tooling-api-5.6.4.jar:5.6.4]
	at java.util.concurrent.ThreadPoolExecutor.runWorker(ThreadPoolExecutor.java:1149) ~[?:1.8.0_341]
	at java.util.concurrent.ThreadPoolExecutor$Worker.run(ThreadPoolExecutor.java:624) ~[?:1.8.0_341]
	at org.gradle.internal.concurrent.ThreadFactoryImpl$ManagedThreadRunnable.run(ThreadFactoryImpl.java:56) ~[gradle-tooling-api-5.6.4.jar:5.6.4]
	at java.lang.Thread.run(Thread.java:750) [?:1.8.0_341]
[ERROR] 2023-02-14T19:17:22,960Z [Test worker] internal.Verifier. - Error validating transaction 6594EA4DFC5EDC6E1F49B83862D032283D9B4AA57870A44510AEA5EC99D50569. {}
java.lang.IllegalArgumentException: Failed requirement: The output AppleStamp state should have clear description of the type of redeemable goods
	at net.corda.core.contracts.Requirements.using(ContractsDSL.kt:26) ~[corda-core-4.9.jar:?]
	at com.tutorial.contracts.AppleStampContract.lambda$verify$0(AppleStampContract.java:27) ~[main/:?]
	at net.corda.core.contracts.ContractsDSL.requireThat(ContractsDSL.kt:30) ~[corda-core-4.9.jar:?]
	at com.tutorial.contracts.AppleStampContract.verify(AppleStampContract.java:25) ~[main/:?]
	at net.corda.core.internal.TransactionVerifier.apply(TransactionVerifierServiceInternal.kt:507) ~[corda-core-4.9.jar:?]
	at net.corda.core.internal.AbstractVerifier.verify(TransactionVerifierServiceInternal.kt:80) ~[corda-core-4.9.jar:?]
	at net.corda.core.transactions.LedgerTransaction.verify(LedgerTransaction.kt:250) ~[corda-core-4.9.jar:?]
	at net.corda.testing.dsl.TestTransactionDSLInterpreter.verifies(TestDSL.kt:190) ~[corda-test-utils-4.9.jar:?]
	at net.corda.testing.dsl.Verifies$DefaultImpls.failsWith(LedgerDSLInterpreter.kt:45) ~[corda-test-utils-4.9.jar:?]
	at net.corda.testing.dsl.TransactionDSLInterpreter$DefaultImpls.failsWith(TransactionDSLInterpreter.kt) ~[corda-test-utils-4.9.jar:?]
	at net.corda.testing.dsl.TestTransactionDSLInterpreter.failsWith(TestDSL.kt:80) ~[corda-test-utils-4.9.jar:?]
	at net.corda.testing.dsl.Verifies$DefaultImpls.fails(LedgerDSLInterpreter.kt:75) ~[corda-test-utils-4.9.jar:?]
	at net.corda.testing.dsl.TransactionDSLInterpreter$DefaultImpls.fails(TransactionDSLInterpreter.kt) ~[corda-test-utils-4.9.jar:?]
	at net.corda.testing.dsl.TestTransactionDSLInterpreter.fails(TestDSL.kt:80) ~[corda-test-utils-4.9.jar:?]
	at net.corda.testing.dsl.TransactionDSL.fails(TransactionDSLInterpreter.kt) ~[corda-test-utils-4.9.jar:?]
	at com.tutorial.contracts.ContractTests.lambda$null$6(ContractTests.java:71) ~[test/:?]
	at net.corda.testing.dsl.LedgerDSL$transaction$1.invoke(LedgerDSLInterpreter.kt:141) ~[corda-test-utils-4.9.jar:?]
	at net.corda.testing.dsl.LedgerDSL$transaction$1.invoke(LedgerDSLInterpreter.kt:132) ~[corda-test-utils-4.9.jar:?]
	at net.corda.testing.dsl.TestLedgerDSLInterpreter.interpretTransactionDsl(TestDSL.kt:285) ~[corda-test-utils-4.9.jar:?]
	at net.corda.testing.dsl.TestLedgerDSLInterpreter.recordTransactionWithTransactionMap(TestDSL.kt:309) ~[corda-test-utils-4.9.jar:?]
	at net.corda.testing.dsl.TestLedgerDSLInterpreter._transaction(TestDSL.kt:345) ~[corda-test-utils-4.9.jar:?]
	at net.corda.testing.dsl.LedgerDSL._transaction(LedgerDSLInterpreter.kt) ~[corda-test-utils-4.9.jar:?]
	at net.corda.testing.dsl.LedgerDSL.transaction(LedgerDSLInterpreter.kt:141) ~[corda-test-utils-4.9.jar:?]
	at net.corda.testing.dsl.LedgerDSL.transaction$default(LedgerDSLInterpreter.kt:139) ~[corda-test-utils-4.9.jar:?]
	at net.corda.testing.dsl.LedgerDSL.transaction(LedgerDSLInterpreter.kt) ~[corda-test-utils-4.9.jar:?]
	at com.tutorial.contracts.ContractTests.lambda$StampMustHaveDescription$8(ContractTests.java:68) ~[test/:?]
	at net.corda.testing.node.NodeTestUtils$ledger$2.invoke(NodeTestUtils.kt:39) ~[corda-node-driver-4.9.jar:?]
	at net.corda.testing.node.NodeTestUtils$ledger$2.invoke(NodeTestUtils.kt) ~[corda-node-driver-4.9.jar:?]
	at net.corda.testing.internal.InternalTestUtilsKt$withTestSerializationEnvIfNotSet$1.invoke(InternalTestUtils.kt:241) ~[corda-test-utils-4.9.jar:?]
	at net.corda.testing.internal.InternalTestUtilsKt$withTestSerializationEnvIfNotSet$1.invoke(InternalTestUtils.kt) ~[corda-test-utils-4.9.jar:?]
	at net.corda.testing.common.internal.CommonSerializationTestHelpersKt.asContextEnv(CommonSerializationTestHelpers.kt:19) ~[corda-test-common-4.9.jar:?]
	at net.corda.coretesting.internal.InternalSerializationTestHelpersKt.asTestContextEnv(InternalSerializationTestHelpers.kt:70) ~[corda-core-test-utils-4.9.jar:?]
	at net.corda.testing.internal.InternalTestUtilsKt.withTestSerializationEnvIfNotSet(InternalTestUtils.kt:241) ~[corda-test-utils-4.9.jar:?]
	at net.corda.testing.node.NodeTestUtils.ledger(NodeTestUtils.kt:36) ~[corda-node-driver-4.9.jar:?]
	at net.corda.testing.node.NodeTestUtils.ledger$default(NodeTestUtils.kt:23) ~[corda-node-driver-4.9.jar:?]
	at net.corda.testing.node.NodeTestUtils.ledger(NodeTestUtils.kt) ~[corda-node-driver-4.9.jar:?]
	at com.tutorial.contracts.ContractTests.StampMustHaveDescription(ContractTests.java:67) ~[test/:?]
	at sun.reflect.NativeMethodAccessorImpl.invoke0(Native Method) ~[?:1.8.0_341]
	at sun.reflect.NativeMethodAccessorImpl.invoke(NativeMethodAccessorImpl.java:62) ~[?:1.8.0_341]
	at sun.reflect.DelegatingMethodAccessorImpl.invoke(DelegatingMethodAccessorImpl.java:43) ~[?:1.8.0_341]
	at java.lang.reflect.Method.invoke(Method.java:498) ~[?:1.8.0_341]
	at org.junit.runners.model.FrameworkMethod$1.runReflectiveCall(FrameworkMethod.java:50) ~[junit-4.12.jar:4.12]
	at org.junit.internal.runners.model.ReflectiveCallable.run(ReflectiveCallable.java:12) ~[junit-4.12.jar:4.12]
	at org.junit.runners.model.FrameworkMethod.invokeExplosively(FrameworkMethod.java:47) ~[junit-4.12.jar:4.12]
	at org.junit.internal.runners.statements.InvokeMethod.evaluate(InvokeMethod.java:17) ~[junit-4.12.jar:4.12]
	at org.junit.runners.ParentRunner.runLeaf(ParentRunner.java:325) ~[junit-4.12.jar:4.12]
	at org.junit.runners.BlockJUnit4ClassRunner.runChild(BlockJUnit4ClassRunner.java:78) ~[junit-4.12.jar:4.12]
	at org.junit.runners.BlockJUnit4ClassRunner.runChild(BlockJUnit4ClassRunner.java:57) ~[junit-4.12.jar:4.12]
	at org.junit.runners.ParentRunner$3.run(ParentRunner.java:290) ~[junit-4.12.jar:4.12]
	at org.junit.runners.ParentRunner$1.schedule(ParentRunner.java:71) ~[junit-4.12.jar:4.12]
	at org.junit.runners.ParentRunner.runChildren(ParentRunner.java:288) ~[junit-4.12.jar:4.12]
	at org.junit.runners.ParentRunner.access$000(ParentRunner.java:58) ~[junit-4.12.jar:4.12]
	at org.junit.runners.ParentRunner$2.evaluate(ParentRunner.java:268) ~[junit-4.12.jar:4.12]
	at org.junit.runners.ParentRunner.run(ParentRunner.java:363) ~[junit-4.12.jar:4.12]
	at org.gradle.api.internal.tasks.testing.junit.JUnitTestClassExecutor.runTestClass(JUnitTestClassExecutor.java:110) ~[?:?]
	at org.gradle.api.internal.tasks.testing.junit.JUnitTestClassExecutor.execute(JUnitTestClassExecutor.java:58) ~[?:?]
	at org.gradle.api.internal.tasks.testing.junit.JUnitTestClassExecutor.execute(JUnitTestClassExecutor.java:38) ~[?:?]
	at org.gradle.api.internal.tasks.testing.junit.AbstractJUnitTestClassProcessor.processTestClass(AbstractJUnitTestClassProcessor.java:62) ~[?:?]
	at org.gradle.api.internal.tasks.testing.SuiteTestClassProcessor.processTestClass(SuiteTestClassProcessor.java:51) ~[?:?]
	at sun.reflect.NativeMethodAccessorImpl.invoke0(Native Method) ~[?:1.8.0_341]
	at sun.reflect.NativeMethodAccessorImpl.invoke(NativeMethodAccessorImpl.java:62) ~[?:1.8.0_341]
	at sun.reflect.DelegatingMethodAccessorImpl.invoke(DelegatingMethodAccessorImpl.java:43) ~[?:1.8.0_341]
	at java.lang.reflect.Method.invoke(Method.java:498) ~[?:1.8.0_341]
	at org.gradle.internal.dispatch.ReflectionDispatch.dispatch(ReflectionDispatch.java:36) ~[gradle-tooling-api-5.6.4.jar:5.6.4]
	at org.gradle.internal.dispatch.ReflectionDispatch.dispatch(ReflectionDispatch.java:24) ~[gradle-tooling-api-5.6.4.jar:5.6.4]
	at org.gradle.internal.dispatch.ContextClassLoaderDispatch.dispatch(ContextClassLoaderDispatch.java:33) ~[?:?]
	at org.gradle.internal.dispatch.ProxyDispatchAdapter$DispatchingInvocationHandler.invoke(ProxyDispatchAdapter.java:94) ~[gradle-tooling-api-5.6.4.jar:5.6.4]
	at com.sun.proxy.$Proxy2.processTestClass(Unknown Source) ~[?:?]
	at org.gradle.api.internal.tasks.testing.worker.TestWorker.processTestClass(TestWorker.java:118) ~[?:?]
	at sun.reflect.NativeMethodAccessorImpl.invoke0(Native Method) ~[?:1.8.0_341]
	at sun.reflect.NativeMethodAccessorImpl.invoke(NativeMethodAccessorImpl.java:62) ~[?:1.8.0_341]
	at sun.reflect.DelegatingMethodAccessorImpl.invoke(DelegatingMethodAccessorImpl.java:43) ~[?:1.8.0_341]
	at java.lang.reflect.Method.invoke(Method.java:498) ~[?:1.8.0_341]
	at org.gradle.internal.dispatch.ReflectionDispatch.dispatch(ReflectionDispatch.java:36) ~[gradle-tooling-api-5.6.4.jar:5.6.4]
	at org.gradle.internal.dispatch.ReflectionDispatch.dispatch(ReflectionDispatch.java:24) ~[gradle-tooling-api-5.6.4.jar:5.6.4]
	at org.gradle.internal.remote.internal.hub.MessageHubBackedObjectConnection$DispatchWrapper.dispatch(MessageHubBackedObjectConnection.java:182) ~[?:?]
	at org.gradle.internal.remote.internal.hub.MessageHubBackedObjectConnection$DispatchWrapper.dispatch(MessageHubBackedObjectConnection.java:164) ~[?:?]
	at org.gradle.internal.remote.internal.hub.MessageHub$Handler.run(MessageHub.java:412) ~[?:?]
	at org.gradle.internal.concurrent.ExecutorPolicy$CatchAndRecordFailures.onExecute(ExecutorPolicy.java:64) ~[gradle-tooling-api-5.6.4.jar:5.6.4]
	at org.gradle.internal.concurrent.ManagedExecutorImpl$1.run(ManagedExecutorImpl.java:48) ~[gradle-tooling-api-5.6.4.jar:5.6.4]
	at java.util.concurrent.ThreadPoolExecutor.runWorker(ThreadPoolExecutor.java:1149) ~[?:1.8.0_341]
	at java.util.concurrent.ThreadPoolExecutor$Worker.run(ThreadPoolExecutor.java:624) ~[?:1.8.0_341]
	at org.gradle.internal.concurrent.ThreadFactoryImpl$ManagedThreadRunnable.run(ThreadFactoryImpl.java:56) ~[gradle-tooling-api-5.6.4.jar:5.6.4]
	at java.lang.Thread.run(Thread.java:750) [?:1.8.0_341]
[ERROR] 2023-02-14T19:17:22,969Z [Test worker] internal.Verifier. - Error validating transaction 6594EA4DFC5EDC6E1F49B83862D032283D9B4AA57870A44510AEA5EC99D50569. {}
java.lang.IllegalArgumentException: Failed requirement: The output AppleStamp state should have clear description of the type of redeemable goods
	at net.corda.core.contracts.Requirements.using(ContractsDSL.kt:26) ~[corda-core-4.9.jar:?]
	at com.tutorial.contracts.AppleStampContract.lambda$verify$0(AppleStampContract.java:27) ~[main/:?]
	at net.corda.core.contracts.ContractsDSL.requireThat(ContractsDSL.kt:30) ~[corda-core-4.9.jar:?]
	at com.tutorial.contracts.AppleStampContract.verify(AppleStampContract.java:25) ~[main/:?]
	at net.corda.core.internal.TransactionVerifier.apply(TransactionVerifierServiceInternal.kt:507) ~[corda-core-4.9.jar:?]
	at net.corda.core.internal.AbstractVerifier.verify(TransactionVerifierServiceInternal.kt:80) ~[corda-core-4.9.jar:?]
	at net.corda.core.transactions.LedgerTransaction.verify(LedgerTransaction.kt:250) ~[corda-core-4.9.jar:?]
	at net.corda.core.transactions.TransactionBuilder.addMissingDependency(TransactionBuilder.kt:248) ~[corda-core-4.9.jar:?]
	at net.corda.core.transactions.TransactionBuilder.toWireTransactionWithContext(TransactionBuilder.kt:228) ~[corda-core-4.9.jar:?]
	at net.corda.core.transactions.TransactionBuilder.toWireTransactionWithContext$core(TransactionBuilder.kt:186) ~[corda-core-4.9.jar:?]
	at net.corda.core.transactions.TransactionBuilder.toWireTransaction(TransactionBuilder.kt:144) ~[corda-core-4.9.jar:?]
	at net.corda.testing.dsl.TestTransactionDSLInterpreter.toWireTransaction$test_utils(TestDSL.kt:146) ~[corda-test-utils-4.9.jar:?]
	at net.corda.testing.dsl.TestLedgerDSLInterpreter.recordTransactionWithTransactionMap(TestDSL.kt:313) ~[corda-test-utils-4.9.jar:?]
	at net.corda.testing.dsl.TestLedgerDSLInterpreter._transaction(TestDSL.kt:345) ~[corda-test-utils-4.9.jar:?]
	at net.corda.testing.dsl.LedgerDSL._transaction(LedgerDSLInterpreter.kt) ~[corda-test-utils-4.9.jar:?]
	at net.corda.testing.dsl.LedgerDSL.transaction(LedgerDSLInterpreter.kt:141) ~[corda-test-utils-4.9.jar:?]
	at net.corda.testing.dsl.LedgerDSL.transaction$default(LedgerDSLInterpreter.kt:139) ~[corda-test-utils-4.9.jar:?]
	at net.corda.testing.dsl.LedgerDSL.transaction(LedgerDSLInterpreter.kt) ~[corda-test-utils-4.9.jar:?]
	at com.tutorial.contracts.ContractTests.lambda$StampMustHaveDescription$8(ContractTests.java:68) ~[test/:?]
	at net.corda.testing.node.NodeTestUtils$ledger$2.invoke(NodeTestUtils.kt:39) ~[corda-node-driver-4.9.jar:?]
	at net.corda.testing.node.NodeTestUtils$ledger$2.invoke(NodeTestUtils.kt) ~[corda-node-driver-4.9.jar:?]
	at net.corda.testing.internal.InternalTestUtilsKt$withTestSerializationEnvIfNotSet$1.invoke(InternalTestUtils.kt:241) ~[corda-test-utils-4.9.jar:?]
	at net.corda.testing.internal.InternalTestUtilsKt$withTestSerializationEnvIfNotSet$1.invoke(InternalTestUtils.kt) ~[corda-test-utils-4.9.jar:?]
	at net.corda.testing.common.internal.CommonSerializationTestHelpersKt.asContextEnv(CommonSerializationTestHelpers.kt:19) ~[corda-test-common-4.9.jar:?]
	at net.corda.coretesting.internal.InternalSerializationTestHelpersKt.asTestContextEnv(InternalSerializationTestHelpers.kt:70) ~[corda-core-test-utils-4.9.jar:?]
	at net.corda.testing.internal.InternalTestUtilsKt.withTestSerializationEnvIfNotSet(InternalTestUtils.kt:241) ~[corda-test-utils-4.9.jar:?]
	at net.corda.testing.node.NodeTestUtils.ledger(NodeTestUtils.kt:36) ~[corda-node-driver-4.9.jar:?]
	at net.corda.testing.node.NodeTestUtils.ledger$default(NodeTestUtils.kt:23) ~[corda-node-driver-4.9.jar:?]
	at net.corda.testing.node.NodeTestUtils.ledger(NodeTestUtils.kt) ~[corda-node-driver-4.9.jar:?]
	at com.tutorial.contracts.ContractTests.StampMustHaveDescription(ContractTests.java:67) ~[test/:?]
	at sun.reflect.NativeMethodAccessorImpl.invoke0(Native Method) ~[?:1.8.0_341]
	at sun.reflect.NativeMethodAccessorImpl.invoke(NativeMethodAccessorImpl.java:62) ~[?:1.8.0_341]
	at sun.reflect.DelegatingMethodAccessorImpl.invoke(DelegatingMethodAccessorImpl.java:43) ~[?:1.8.0_341]
	at java.lang.reflect.Method.invoke(Method.java:498) ~[?:1.8.0_341]
	at org.junit.runners.model.FrameworkMethod$1.runReflectiveCall(FrameworkMethod.java:50) ~[junit-4.12.jar:4.12]
	at org.junit.internal.runners.model.ReflectiveCallable.run(ReflectiveCallable.java:12) ~[junit-4.12.jar:4.12]
	at org.junit.runners.model.FrameworkMethod.invokeExplosively(FrameworkMethod.java:47) ~[junit-4.12.jar:4.12]
	at org.junit.internal.runners.statements.InvokeMethod.evaluate(InvokeMethod.java:17) ~[junit-4.12.jar:4.12]
	at org.junit.runners.ParentRunner.runLeaf(ParentRunner.java:325) ~[junit-4.12.jar:4.12]
	at org.junit.runners.BlockJUnit4ClassRunner.runChild(BlockJUnit4ClassRunner.java:78) ~[junit-4.12.jar:4.12]
	at org.junit.runners.BlockJUnit4ClassRunner.runChild(BlockJUnit4ClassRunner.java:57) ~[junit-4.12.jar:4.12]
	at org.junit.runners.ParentRunner$3.run(ParentRunner.java:290) ~[junit-4.12.jar:4.12]
	at org.junit.runners.ParentRunner$1.schedule(ParentRunner.java:71) ~[junit-4.12.jar:4.12]
	at org.junit.runners.ParentRunner.runChildren(ParentRunner.java:288) ~[junit-4.12.jar:4.12]
	at org.junit.runners.ParentRunner.access$000(ParentRunner.java:58) ~[junit-4.12.jar:4.12]
	at org.junit.runners.ParentRunner$2.evaluate(ParentRunner.java:268) ~[junit-4.12.jar:4.12]
	at org.junit.runners.ParentRunner.run(ParentRunner.java:363) ~[junit-4.12.jar:4.12]
	at org.gradle.api.internal.tasks.testing.junit.JUnitTestClassExecutor.runTestClass(JUnitTestClassExecutor.java:110) ~[?:?]
	at org.gradle.api.internal.tasks.testing.junit.JUnitTestClassExecutor.execute(JUnitTestClassExecutor.java:58) ~[?:?]
	at org.gradle.api.internal.tasks.testing.junit.JUnitTestClassExecutor.execute(JUnitTestClassExecutor.java:38) ~[?:?]
	at org.gradle.api.internal.tasks.testing.junit.AbstractJUnitTestClassProcessor.processTestClass(AbstractJUnitTestClassProcessor.java:62) ~[?:?]
	at org.gradle.api.internal.tasks.testing.SuiteTestClassProcessor.processTestClass(SuiteTestClassProcessor.java:51) ~[?:?]
	at sun.reflect.NativeMethodAccessorImpl.invoke0(Native Method) ~[?:1.8.0_341]
	at sun.reflect.NativeMethodAccessorImpl.invoke(NativeMethodAccessorImpl.java:62) ~[?:1.8.0_341]
	at sun.reflect.DelegatingMethodAccessorImpl.invoke(DelegatingMethodAccessorImpl.java:43) ~[?:1.8.0_341]
	at java.lang.reflect.Method.invoke(Method.java:498) ~[?:1.8.0_341]
	at org.gradle.internal.dispatch.ReflectionDispatch.dispatch(ReflectionDispatch.java:36) ~[gradle-tooling-api-5.6.4.jar:5.6.4]
	at org.gradle.internal.dispatch.ReflectionDispatch.dispatch(ReflectionDispatch.java:24) ~[gradle-tooling-api-5.6.4.jar:5.6.4]
	at org.gradle.internal.dispatch.ContextClassLoaderDispatch.dispatch(ContextClassLoaderDispatch.java:33) ~[?:?]
	at org.gradle.internal.dispatch.ProxyDispatchAdapter$DispatchingInvocationHandler.invoke(ProxyDispatchAdapter.java:94) ~[gradle-tooling-api-5.6.4.jar:5.6.4]
	at com.sun.proxy.$Proxy2.processTestClass(Unknown Source) ~[?:?]
	at org.gradle.api.internal.tasks.testing.worker.TestWorker.processTestClass(TestWorker.java:118) ~[?:?]
	at sun.reflect.NativeMethodAccessorImpl.invoke0(Native Method) ~[?:1.8.0_341]
	at sun.reflect.NativeMethodAccessorImpl.invoke(NativeMethodAccessorImpl.java:62) ~[?:1.8.0_341]
	at sun.reflect.DelegatingMethodAccessorImpl.invoke(DelegatingMethodAccessorImpl.java:43) ~[?:1.8.0_341]
	at java.lang.reflect.Method.invoke(Method.java:498) ~[?:1.8.0_341]
	at org.gradle.internal.dispatch.ReflectionDispatch.dispatch(ReflectionDispatch.java:36) ~[gradle-tooling-api-5.6.4.jar:5.6.4]
	at org.gradle.internal.dispatch.ReflectionDispatch.dispatch(ReflectionDispatch.java:24) ~[gradle-tooling-api-5.6.4.jar:5.6.4]
	at org.gradle.internal.remote.internal.hub.MessageHubBackedObjectConnection$DispatchWrapper.dispatch(MessageHubBackedObjectConnection.java:182) ~[?:?]
	at org.gradle.internal.remote.internal.hub.MessageHubBackedObjectConnection$DispatchWrapper.dispatch(MessageHubBackedObjectConnection.java:164) ~[?:?]
	at org.gradle.internal.remote.internal.hub.MessageHub$Handler.run(MessageHub.java:412) ~[?:?]
	at org.gradle.internal.concurrent.ExecutorPolicy$CatchAndRecordFailures.onExecute(ExecutorPolicy.java:64) ~[gradle-tooling-api-5.6.4.jar:5.6.4]
	at org.gradle.internal.concurrent.ManagedExecutorImpl$1.run(ManagedExecutorImpl.java:48) ~[gradle-tooling-api-5.6.4.jar:5.6.4]
	at java.util.concurrent.ThreadPoolExecutor.runWorker(ThreadPoolExecutor.java:1149) ~[?:1.8.0_341]
	at java.util.concurrent.ThreadPoolExecutor$Worker.run(ThreadPoolExecutor.java:624) ~[?:1.8.0_341]
	at org.gradle.internal.concurrent.ThreadFactoryImpl$ManagedThreadRunnable.run(ThreadFactoryImpl.java:56) ~[gradle-tooling-api-5.6.4.jar:5.6.4]
	at java.lang.Thread.run(Thread.java:750) [?:1.8.0_341]
[INFO ] 2023-02-14T19:17:23,339Z [Test worker] cordapp.JarScanningCordappLoader. - Loading CorDapps from RestrictedURL(url=file:/C:/Users/Anvith/Dropbox/PC/Desktop/Work/Corda/samples-java/Basic/tutorial-applestamp/contracts/build/generated-custom-cordapps/20230214-191720.973-11B4CE98A80E56A5/custom-cordapp_1_11_b32e6b08-7e0a-42b8-953c-9b845c48a83e.jar, rootPackageName=null) {}
[INFO ] 2023-02-14T19:17:23,340Z [Test worker] cordapp.JarScanningCordappLoader. - Scanning CorDapp in file:/C:/Users/Anvith/Dropbox/PC/Desktop/Work/Corda/samples-java/Basic/tutorial-applestamp/contracts/build/generated-custom-cordapps/20230214-191720.973-11B4CE98A80E56A5/custom-cordapp_1_11_b32e6b08-7e0a-42b8-953c-9b845c48a83e.jar {}
[WARN ] 2023-02-14T19:17:23,515Z [Test worker] contracts.AttachmentConstraint. - Found state com.tutorial.contracts.TemplateContract that is constrained by the insecure: AlwaysAcceptAttachmentConstraint. {}
[ERROR] 2023-02-14T19:17:23,762Z [Test worker] internal.Verifier. - Error validating transaction DCF7458ADB81C295BA75E0C25ACA88165A0E5B6EFE6E0CBEEF3BAAD0DDDFFBB1. {}
java.lang.IllegalArgumentException: Failed requirement: No inputs should be consumed when sending the Hello-World message.
	at net.corda.core.contracts.Requirements.using(ContractsDSL.kt:26) ~[corda-core-4.9.jar:?]
	at com.tutorial.contracts.TemplateContract.lambda$verify$0(TemplateContract.java:33) ~[main/:?]
	at net.corda.core.contracts.ContractsDSL.requireThat(ContractsDSL.kt:30) ~[corda-core-4.9.jar:?]
	at com.tutorial.contracts.TemplateContract.verify(TemplateContract.java:32) ~[main/:?]
	at net.corda.core.internal.TransactionVerifier.apply(TransactionVerifierServiceInternal.kt:507) ~[corda-core-4.9.jar:?]
	at net.corda.core.internal.AbstractVerifier.verify(TransactionVerifierServiceInternal.kt:80) ~[corda-core-4.9.jar:?]
	at net.corda.core.transactions.LedgerTransaction.verify(LedgerTransaction.kt:250) ~[corda-core-4.9.jar:?]
	at net.corda.core.transactions.TransactionBuilder.addMissingDependency(TransactionBuilder.kt:248) ~[corda-core-4.9.jar:?]
	at net.corda.core.transactions.TransactionBuilder.toWireTransactionWithContext(TransactionBuilder.kt:228) ~[corda-core-4.9.jar:?]
	at net.corda.core.transactions.TransactionBuilder.toWireTransactionWithContext$core(TransactionBuilder.kt:186) ~[corda-core-4.9.jar:?]
	at net.corda.core.transactions.TransactionBuilder.toWireTransaction(TransactionBuilder.kt:144) ~[corda-core-4.9.jar:?]
	at net.corda.testing.dsl.TestTransactionDSLInterpreter.toWireTransaction$test_utils(TestDSL.kt:146) ~[corda-test-utils-4.9.jar:?]
	at net.corda.testing.dsl.TestTransactionDSLInterpreter.verifies(TestDSL.kt:190) ~[corda-test-utils-4.9.jar:?]
	at net.corda.testing.dsl.Verifies$DefaultImpls.failsWith(LedgerDSLInterpreter.kt:45) ~[corda-test-utils-4.9.jar:?]
	at net.corda.testing.dsl.TransactionDSLInterpreter$DefaultImpls.failsWith(TransactionDSLInterpreter.kt) ~[corda-test-utils-4.9.jar:?]
	at net.corda.testing.dsl.TestTransactionDSLInterpreter.failsWith(TestDSL.kt:80) ~[corda-test-utils-4.9.jar:?]
	at net.corda.testing.dsl.Verifies$DefaultImpls.fails(LedgerDSLInterpreter.kt:75) ~[corda-test-utils-4.9.jar:?]
	at net.corda.testing.dsl.TransactionDSLInterpreter$DefaultImpls.fails(TransactionDSLInterpreter.kt) ~[corda-test-utils-4.9.jar:?]
	at net.corda.testing.dsl.TestTransactionDSLInterpreter.fails(TestDSL.kt:80) ~[corda-test-utils-4.9.jar:?]
	at net.corda.testing.dsl.TransactionDSL.fails(TransactionDSLInterpreter.kt) ~[corda-test-utils-4.9.jar:?]
	at com.tutorial.contracts.ContractTests.lambda$null$0(ContractTests.java:29) ~[test/:?]
	at net.corda.testing.dsl.LedgerDSL$transaction$1.invoke(LedgerDSLInterpreter.kt:141) ~[corda-test-utils-4.9.jar:?]
	at net.corda.testing.dsl.LedgerDSL$transaction$1.invoke(LedgerDSLInterpreter.kt:132) ~[corda-test-utils-4.9.jar:?]
	at net.corda.testing.dsl.TestLedgerDSLInterpreter.interpretTransactionDsl(TestDSL.kt:285) ~[corda-test-utils-4.9.jar:?]
	at net.corda.testing.dsl.TestLedgerDSLInterpreter.recordTransactionWithTransactionMap(TestDSL.kt:309) ~[corda-test-utils-4.9.jar:?]
	at net.corda.testing.dsl.TestLedgerDSLInterpreter._transaction(TestDSL.kt:345) ~[corda-test-utils-4.9.jar:?]
	at net.corda.testing.dsl.LedgerDSL._transaction(LedgerDSLInterpreter.kt) ~[corda-test-utils-4.9.jar:?]
	at net.corda.testing.dsl.LedgerDSL.transaction(LedgerDSLInterpreter.kt:141) ~[corda-test-utils-4.9.jar:?]
	at net.corda.testing.dsl.LedgerDSL.transaction$default(LedgerDSLInterpreter.kt:139) ~[corda-test-utils-4.9.jar:?]
	at net.corda.testing.dsl.LedgerDSL.transaction(LedgerDSLInterpreter.kt) ~[corda-test-utils-4.9.jar:?]
	at com.tutorial.contracts.ContractTests.lambda$issuerAndRecipientCannotHaveSameEmail$2(ContractTests.java:25) ~[test/:?]
	at net.corda.testing.node.NodeTestUtils$ledger$2.invoke(NodeTestUtils.kt:39) ~[corda-node-driver-4.9.jar:?]
	at net.corda.testing.node.NodeTestUtils$ledger$2.invoke(NodeTestUtils.kt) ~[corda-node-driver-4.9.jar:?]
	at net.corda.testing.internal.InternalTestUtilsKt$withTestSerializationEnvIfNotSet$1.invoke(InternalTestUtils.kt:241) ~[corda-test-utils-4.9.jar:?]
	at net.corda.testing.internal.InternalTestUtilsKt$withTestSerializationEnvIfNotSet$1.invoke(InternalTestUtils.kt) ~[corda-test-utils-4.9.jar:?]
	at net.corda.testing.common.internal.CommonSerializationTestHelpersKt.asContextEnv(CommonSerializationTestHelpers.kt:19) ~[corda-test-common-4.9.jar:?]
	at net.corda.coretesting.internal.InternalSerializationTestHelpersKt.asTestContextEnv(InternalSerializationTestHelpers.kt:70) ~[corda-core-test-utils-4.9.jar:?]
	at net.corda.testing.internal.InternalTestUtilsKt.withTestSerializationEnvIfNotSet(InternalTestUtils.kt:241) ~[corda-test-utils-4.9.jar:?]
	at net.corda.testing.node.NodeTestUtils.ledger(NodeTestUtils.kt:36) ~[corda-node-driver-4.9.jar:?]
	at net.corda.testing.node.NodeTestUtils.ledger$default(NodeTestUtils.kt:23) ~[corda-node-driver-4.9.jar:?]
	at net.corda.testing.node.NodeTestUtils.ledger(NodeTestUtils.kt) ~[corda-node-driver-4.9.jar:?]
	at com.tutorial.contracts.ContractTests.issuerAndRecipientCannotHaveSameEmail(ContractTests.java:24) ~[test/:?]
	at sun.reflect.NativeMethodAccessorImpl.invoke0(Native Method) ~[?:1.8.0_341]
	at sun.reflect.NativeMethodAccessorImpl.invoke(NativeMethodAccessorImpl.java:62) ~[?:1.8.0_341]
	at sun.reflect.DelegatingMethodAccessorImpl.invoke(DelegatingMethodAccessorImpl.java:43) ~[?:1.8.0_341]
	at java.lang.reflect.Method.invoke(Method.java:498) ~[?:1.8.0_341]
	at org.junit.runners.model.FrameworkMethod$1.runReflectiveCall(FrameworkMethod.java:50) ~[junit-4.12.jar:4.12]
	at org.junit.internal.runners.model.ReflectiveCallable.run(ReflectiveCallable.java:12) ~[junit-4.12.jar:4.12]
	at org.junit.runners.model.FrameworkMethod.invokeExplosively(FrameworkMethod.java:47) ~[junit-4.12.jar:4.12]
	at org.junit.internal.runners.statements.InvokeMethod.evaluate(InvokeMethod.java:17) ~[junit-4.12.jar:4.12]
	at org.junit.runners.ParentRunner.runLeaf(ParentRunner.java:325) ~[junit-4.12.jar:4.12]
	at org.junit.runners.BlockJUnit4ClassRunner.runChild(BlockJUnit4ClassRunner.java:78) ~[junit-4.12.jar:4.12]
	at org.junit.runners.BlockJUnit4ClassRunner.runChild(BlockJUnit4ClassRunner.java:57) ~[junit-4.12.jar:4.12]
	at org.junit.runners.ParentRunner$3.run(ParentRunner.java:290) ~[junit-4.12.jar:4.12]
	at org.junit.runners.ParentRunner$1.schedule(ParentRunner.java:71) ~[junit-4.12.jar:4.12]
	at org.junit.runners.ParentRunner.runChildren(ParentRunner.java:288) ~[junit-4.12.jar:4.12]
	at org.junit.runners.ParentRunner.access$000(ParentRunner.java:58) ~[junit-4.12.jar:4.12]
	at org.junit.runners.ParentRunner$2.evaluate(ParentRunner.java:268) ~[junit-4.12.jar:4.12]
	at org.junit.runners.ParentRunner.run(ParentRunner.java:363) ~[junit-4.12.jar:4.12]
	at org.gradle.api.internal.tasks.testing.junit.JUnitTestClassExecutor.runTestClass(JUnitTestClassExecutor.java:110) ~[?:?]
	at org.gradle.api.internal.tasks.testing.junit.JUnitTestClassExecutor.execute(JUnitTestClassExecutor.java:58) ~[?:?]
	at org.gradle.api.internal.tasks.testing.junit.JUnitTestClassExecutor.execute(JUnitTestClassExecutor.java:38) ~[?:?]
	at org.gradle.api.internal.tasks.testing.junit.AbstractJUnitTestClassProcessor.processTestClass(AbstractJUnitTestClassProcessor.java:62) ~[?:?]
	at org.gradle.api.internal.tasks.testing.SuiteTestClassProcessor.processTestClass(SuiteTestClassProcessor.java:51) ~[?:?]
	at sun.reflect.NativeMethodAccessorImpl.invoke0(Native Method) ~[?:1.8.0_341]
	at sun.reflect.NativeMethodAccessorImpl.invoke(NativeMethodAccessorImpl.java:62) ~[?:1.8.0_341]
	at sun.reflect.DelegatingMethodAccessorImpl.invoke(DelegatingMethodAccessorImpl.java:43) ~[?:1.8.0_341]
	at java.lang.reflect.Method.invoke(Method.java:498) ~[?:1.8.0_341]
	at org.gradle.internal.dispatch.ReflectionDispatch.dispatch(ReflectionDispatch.java:36) ~[gradle-tooling-api-5.6.4.jar:5.6.4]
	at org.gradle.internal.dispatch.ReflectionDispatch.dispatch(ReflectionDispatch.java:24) ~[gradle-tooling-api-5.6.4.jar:5.6.4]
	at org.gradle.internal.dispatch.ContextClassLoaderDispatch.dispatch(ContextClassLoaderDispatch.java:33) ~[?:?]
	at org.gradle.internal.dispatch.ProxyDispatchAdapter$DispatchingInvocationHandler.invoke(ProxyDispatchAdapter.java:94) ~[gradle-tooling-api-5.6.4.jar:5.6.4]
	at com.sun.proxy.$Proxy2.processTestClass(Unknown Source) ~[?:?]
	at org.gradle.api.internal.tasks.testing.worker.TestWorker.processTestClass(TestWorker.java:118) ~[?:?]
	at sun.reflect.NativeMethodAccessorImpl.invoke0(Native Method) ~[?:1.8.0_341]
	at sun.reflect.NativeMethodAccessorImpl.invoke(NativeMethodAccessorImpl.java:62) ~[?:1.8.0_341]
	at sun.reflect.DelegatingMethodAccessorImpl.invoke(DelegatingMethodAccessorImpl.java:43) ~[?:1.8.0_341]
	at java.lang.reflect.Method.invoke(Method.java:498) ~[?:1.8.0_341]
	at org.gradle.internal.dispatch.ReflectionDispatch.dispatch(ReflectionDispatch.java:36) ~[gradle-tooling-api-5.6.4.jar:5.6.4]
	at org.gradle.internal.dispatch.ReflectionDispatch.dispatch(ReflectionDispatch.java:24) ~[gradle-tooling-api-5.6.4.jar:5.6.4]
	at org.gradle.internal.remote.internal.hub.MessageHubBackedObjectConnection$DispatchWrapper.dispatch(MessageHubBackedObjectConnection.java:182) ~[?:?]
	at org.gradle.internal.remote.internal.hub.MessageHubBackedObjectConnection$DispatchWrapper.dispatch(MessageHubBackedObjectConnection.java:164) ~[?:?]
	at org.gradle.internal.remote.internal.hub.MessageHub$Handler.run(MessageHub.java:412) ~[?:?]
	at org.gradle.internal.concurrent.ExecutorPolicy$CatchAndRecordFailures.onExecute(ExecutorPolicy.java:64) ~[gradle-tooling-api-5.6.4.jar:5.6.4]
	at org.gradle.internal.concurrent.ManagedExecutorImpl$1.run(ManagedExecutorImpl.java:48) ~[gradle-tooling-api-5.6.4.jar:5.6.4]
	at java.util.concurrent.ThreadPoolExecutor.runWorker(ThreadPoolExecutor.java:1149) ~[?:1.8.0_341]
	at java.util.concurrent.ThreadPoolExecutor$Worker.run(ThreadPoolExecutor.java:624) ~[?:1.8.0_341]
	at org.gradle.internal.concurrent.ThreadFactoryImpl$ManagedThreadRunnable.run(ThreadFactoryImpl.java:56) ~[gradle-tooling-api-5.6.4.jar:5.6.4]
	at java.lang.Thread.run(Thread.java:750) [?:1.8.0_341]
[ERROR] 2023-02-14T19:17:23,768Z [Test worker] internal.Verifier. - Error validating transaction DCF7458ADB81C295BA75E0C25ACA88165A0E5B6EFE6E0CBEEF3BAAD0DDDFFBB1. {}
java.lang.IllegalArgumentException: Failed requirement: No inputs should be consumed when sending the Hello-World message.
	at net.corda.core.contracts.Requirements.using(ContractsDSL.kt:26) ~[corda-core-4.9.jar:?]
	at com.tutorial.contracts.TemplateContract.lambda$verify$0(TemplateContract.java:33) ~[main/:?]
	at net.corda.core.contracts.ContractsDSL.requireThat(ContractsDSL.kt:30) ~[corda-core-4.9.jar:?]
	at com.tutorial.contracts.TemplateContract.verify(TemplateContract.java:32) ~[main/:?]
	at net.corda.core.internal.TransactionVerifier.apply(TransactionVerifierServiceInternal.kt:507) ~[corda-core-4.9.jar:?]
	at net.corda.core.internal.AbstractVerifier.verify(TransactionVerifierServiceInternal.kt:80) ~[corda-core-4.9.jar:?]
	at net.corda.core.transactions.LedgerTransaction.verify(LedgerTransaction.kt:250) ~[corda-core-4.9.jar:?]
	at net.corda.testing.dsl.TestTransactionDSLInterpreter.verifies(TestDSL.kt:190) ~[corda-test-utils-4.9.jar:?]
	at net.corda.testing.dsl.Verifies$DefaultImpls.failsWith(LedgerDSLInterpreter.kt:45) ~[corda-test-utils-4.9.jar:?]
	at net.corda.testing.dsl.TransactionDSLInterpreter$DefaultImpls.failsWith(TransactionDSLInterpreter.kt) ~[corda-test-utils-4.9.jar:?]
	at net.corda.testing.dsl.TestTransactionDSLInterpreter.failsWith(TestDSL.kt:80) ~[corda-test-utils-4.9.jar:?]
	at net.corda.testing.dsl.Verifies$DefaultImpls.fails(LedgerDSLInterpreter.kt:75) ~[corda-test-utils-4.9.jar:?]
	at net.corda.testing.dsl.TransactionDSLInterpreter$DefaultImpls.fails(TransactionDSLInterpreter.kt) ~[corda-test-utils-4.9.jar:?]
	at net.corda.testing.dsl.TestTransactionDSLInterpreter.fails(TestDSL.kt:80) ~[corda-test-utils-4.9.jar:?]
	at net.corda.testing.dsl.TransactionDSL.fails(TransactionDSLInterpreter.kt) ~[corda-test-utils-4.9.jar:?]
	at com.tutorial.contracts.ContractTests.lambda$null$0(ContractTests.java:29) ~[test/:?]
	at net.corda.testing.dsl.LedgerDSL$transaction$1.invoke(LedgerDSLInterpreter.kt:141) ~[corda-test-utils-4.9.jar:?]
	at net.corda.testing.dsl.LedgerDSL$transaction$1.invoke(LedgerDSLInterpreter.kt:132) ~[corda-test-utils-4.9.jar:?]
	at net.corda.testing.dsl.TestLedgerDSLInterpreter.interpretTransactionDsl(TestDSL.kt:285) ~[corda-test-utils-4.9.jar:?]
	at net.corda.testing.dsl.TestLedgerDSLInterpreter.recordTransactionWithTransactionMap(TestDSL.kt:309) ~[corda-test-utils-4.9.jar:?]
	at net.corda.testing.dsl.TestLedgerDSLInterpreter._transaction(TestDSL.kt:345) ~[corda-test-utils-4.9.jar:?]
	at net.corda.testing.dsl.LedgerDSL._transaction(LedgerDSLInterpreter.kt) ~[corda-test-utils-4.9.jar:?]
	at net.corda.testing.dsl.LedgerDSL.transaction(LedgerDSLInterpreter.kt:141) ~[corda-test-utils-4.9.jar:?]
	at net.corda.testing.dsl.LedgerDSL.transaction$default(LedgerDSLInterpreter.kt:139) ~[corda-test-utils-4.9.jar:?]
	at net.corda.testing.dsl.LedgerDSL.transaction(LedgerDSLInterpreter.kt) ~[corda-test-utils-4.9.jar:?]
	at com.tutorial.contracts.ContractTests.lambda$issuerAndRecipientCannotHaveSameEmail$2(ContractTests.java:25) ~[test/:?]
	at net.corda.testing.node.NodeTestUtils$ledger$2.invoke(NodeTestUtils.kt:39) ~[corda-node-driver-4.9.jar:?]
	at net.corda.testing.node.NodeTestUtils$ledger$2.invoke(NodeTestUtils.kt) ~[corda-node-driver-4.9.jar:?]
	at net.corda.testing.internal.InternalTestUtilsKt$withTestSerializationEnvIfNotSet$1.invoke(InternalTestUtils.kt:241) ~[corda-test-utils-4.9.jar:?]
	at net.corda.testing.internal.InternalTestUtilsKt$withTestSerializationEnvIfNotSet$1.invoke(InternalTestUtils.kt) ~[corda-test-utils-4.9.jar:?]
	at net.corda.testing.common.internal.CommonSerializationTestHelpersKt.asContextEnv(CommonSerializationTestHelpers.kt:19) ~[corda-test-common-4.9.jar:?]
	at net.corda.coretesting.internal.InternalSerializationTestHelpersKt.asTestContextEnv(InternalSerializationTestHelpers.kt:70) ~[corda-core-test-utils-4.9.jar:?]
	at net.corda.testing.internal.InternalTestUtilsKt.withTestSerializationEnvIfNotSet(InternalTestUtils.kt:241) ~[corda-test-utils-4.9.jar:?]
	at net.corda.testing.node.NodeTestUtils.ledger(NodeTestUtils.kt:36) ~[corda-node-driver-4.9.jar:?]
	at net.corda.testing.node.NodeTestUtils.ledger$default(NodeTestUtils.kt:23) ~[corda-node-driver-4.9.jar:?]
	at net.corda.testing.node.NodeTestUtils.ledger(NodeTestUtils.kt) ~[corda-node-driver-4.9.jar:?]
	at com.tutorial.contracts.ContractTests.issuerAndRecipientCannotHaveSameEmail(ContractTests.java:24) ~[test/:?]
	at sun.reflect.NativeMethodAccessorImpl.invoke0(Native Method) ~[?:1.8.0_341]
	at sun.reflect.NativeMethodAccessorImpl.invoke(NativeMethodAccessorImpl.java:62) ~[?:1.8.0_341]
	at sun.reflect.DelegatingMethodAccessorImpl.invoke(DelegatingMethodAccessorImpl.java:43) ~[?:1.8.0_341]
	at java.lang.reflect.Method.invoke(Method.java:498) ~[?:1.8.0_341]
	at org.junit.runners.model.FrameworkMethod$1.runReflectiveCall(FrameworkMethod.java:50) ~[junit-4.12.jar:4.12]
	at org.junit.internal.runners.model.ReflectiveCallable.run(ReflectiveCallable.java:12) ~[junit-4.12.jar:4.12]
	at org.junit.runners.model.FrameworkMethod.invokeExplosively(FrameworkMethod.java:47) ~[junit-4.12.jar:4.12]
	at org.junit.internal.runners.statements.InvokeMethod.evaluate(InvokeMethod.java:17) ~[junit-4.12.jar:4.12]
	at org.junit.runners.ParentRunner.runLeaf(ParentRunner.java:325) ~[junit-4.12.jar:4.12]
	at org.junit.runners.BlockJUnit4ClassRunner.runChild(BlockJUnit4ClassRunner.java:78) ~[junit-4.12.jar:4.12]
	at org.junit.runners.BlockJUnit4ClassRunner.runChild(BlockJUnit4ClassRunner.java:57) ~[junit-4.12.jar:4.12]
	at org.junit.runners.ParentRunner$3.run(ParentRunner.java:290) ~[junit-4.12.jar:4.12]
	at org.junit.runners.ParentRunner$1.schedule(ParentRunner.java:71) ~[junit-4.12.jar:4.12]
	at org.junit.runners.ParentRunner.runChildren(ParentRunner.java:288) ~[junit-4.12.jar:4.12]
	at org.junit.runners.ParentRunner.access$000(ParentRunner.java:58) ~[junit-4.12.jar:4.12]
	at org.junit.runners.ParentRunner$2.evaluate(ParentRunner.java:268) ~[junit-4.12.jar:4.12]
	at org.junit.runners.ParentRunner.run(ParentRunner.java:363) ~[junit-4.12.jar:4.12]
	at org.gradle.api.internal.tasks.testing.junit.JUnitTestClassExecutor.runTestClass(JUnitTestClassExecutor.java:110) ~[?:?]
	at org.gradle.api.internal.tasks.testing.junit.JUnitTestClassExecutor.execute(JUnitTestClassExecutor.java:58) ~[?:?]
	at org.gradle.api.internal.tasks.testing.junit.JUnitTestClassExecutor.execute(JUnitTestClassExecutor.java:38) ~[?:?]
	at org.gradle.api.internal.tasks.testing.junit.AbstractJUnitTestClassProcessor.processTestClass(AbstractJUnitTestClassProcessor.java:62) ~[?:?]
	at org.gradle.api.internal.tasks.testing.SuiteTestClassProcessor.processTestClass(SuiteTestClassProcessor.java:51) ~[?:?]
	at sun.reflect.NativeMethodAccessorImpl.invoke0(Native Method) ~[?:1.8.0_341]
	at sun.reflect.NativeMethodAccessorImpl.invoke(NativeMethodAccessorImpl.java:62) ~[?:1.8.0_341]
	at sun.reflect.DelegatingMethodAccessorImpl.invoke(DelegatingMethodAccessorImpl.java:43) ~[?:1.8.0_341]
	at java.lang.reflect.Method.invoke(Method.java:498) ~[?:1.8.0_341]
	at org.gradle.internal.dispatch.ReflectionDispatch.dispatch(ReflectionDispatch.java:36) ~[gradle-tooling-api-5.6.4.jar:5.6.4]
	at org.gradle.internal.dispatch.ReflectionDispatch.dispatch(ReflectionDispatch.java:24) ~[gradle-tooling-api-5.6.4.jar:5.6.4]
	at org.gradle.internal.dispatch.ContextClassLoaderDispatch.dispatch(ContextClassLoaderDispatch.java:33) ~[?:?]
	at org.gradle.internal.dispatch.ProxyDispatchAdapter$DispatchingInvocationHandler.invoke(ProxyDispatchAdapter.java:94) ~[gradle-tooling-api-5.6.4.jar:5.6.4]
	at com.sun.proxy.$Proxy2.processTestClass(Unknown Source) ~[?:?]
	at org.gradle.api.internal.tasks.testing.worker.TestWorker.processTestClass(TestWorker.java:118) ~[?:?]
	at sun.reflect.NativeMethodAccessorImpl.invoke0(Native Method) ~[?:1.8.0_341]
	at sun.reflect.NativeMethodAccessorImpl.invoke(NativeMethodAccessorImpl.java:62) ~[?:1.8.0_341]
	at sun.reflect.DelegatingMethodAccessorImpl.invoke(DelegatingMethodAccessorImpl.java:43) ~[?:1.8.0_341]
	at java.lang.reflect.Method.invoke(Method.java:498) ~[?:1.8.0_341]
	at org.gradle.internal.dispatch.ReflectionDispatch.dispatch(ReflectionDispatch.java:36) ~[gradle-tooling-api-5.6.4.jar:5.6.4]
	at org.gradle.internal.dispatch.ReflectionDispatch.dispatch(ReflectionDispatch.java:24) ~[gradle-tooling-api-5.6.4.jar:5.6.4]
	at org.gradle.internal.remote.internal.hub.MessageHubBackedObjectConnection$DispatchWrapper.dispatch(MessageHubBackedObjectConnection.java:182) ~[?:?]
	at org.gradle.internal.remote.internal.hub.MessageHubBackedObjectConnection$DispatchWrapper.dispatch(MessageHubBackedObjectConnection.java:164) ~[?:?]
	at org.gradle.internal.remote.internal.hub.MessageHub$Handler.run(MessageHub.java:412) ~[?:?]
	at org.gradle.internal.concurrent.ExecutorPolicy$CatchAndRecordFailures.onExecute(ExecutorPolicy.java:64) ~[gradle-tooling-api-5.6.4.jar:5.6.4]
	at org.gradle.internal.concurrent.ManagedExecutorImpl$1.run(ManagedExecutorImpl.java:48) ~[gradle-tooling-api-5.6.4.jar:5.6.4]
	at java.util.concurrent.ThreadPoolExecutor.runWorker(ThreadPoolExecutor.java:1149) ~[?:1.8.0_341]
	at java.util.concurrent.ThreadPoolExecutor$Worker.run(ThreadPoolExecutor.java:624) ~[?:1.8.0_341]
	at org.gradle.internal.concurrent.ThreadFactoryImpl$ManagedThreadRunnable.run(ThreadFactoryImpl.java:56) ~[gradle-tooling-api-5.6.4.jar:5.6.4]
	at java.lang.Thread.run(Thread.java:750) [?:1.8.0_341]
[ERROR] 2023-02-14T19:17:23,774Z [Test worker] internal.Verifier. - Error validating transaction DCF7458ADB81C295BA75E0C25ACA88165A0E5B6EFE6E0CBEEF3BAAD0DDDFFBB1. {}
java.lang.IllegalArgumentException: Failed requirement: No inputs should be consumed when sending the Hello-World message.
	at net.corda.core.contracts.Requirements.using(ContractsDSL.kt:26) ~[corda-core-4.9.jar:?]
	at com.tutorial.contracts.TemplateContract.lambda$verify$0(TemplateContract.java:33) ~[main/:?]
	at net.corda.core.contracts.ContractsDSL.requireThat(ContractsDSL.kt:30) ~[corda-core-4.9.jar:?]
	at com.tutorial.contracts.TemplateContract.verify(TemplateContract.java:32) ~[main/:?]
	at net.corda.core.internal.TransactionVerifier.apply(TransactionVerifierServiceInternal.kt:507) ~[corda-core-4.9.jar:?]
	at net.corda.core.internal.AbstractVerifier.verify(TransactionVerifierServiceInternal.kt:80) ~[corda-core-4.9.jar:?]
	at net.corda.core.transactions.LedgerTransaction.verify(LedgerTransaction.kt:250) ~[corda-core-4.9.jar:?]
	at net.corda.core.transactions.TransactionBuilder.addMissingDependency(TransactionBuilder.kt:248) ~[corda-core-4.9.jar:?]
	at net.corda.core.transactions.TransactionBuilder.toWireTransactionWithContext(TransactionBuilder.kt:228) ~[corda-core-4.9.jar:?]
	at net.corda.core.transactions.TransactionBuilder.toWireTransactionWithContext$core(TransactionBuilder.kt:186) ~[corda-core-4.9.jar:?]
	at net.corda.core.transactions.TransactionBuilder.toWireTransaction(TransactionBuilder.kt:144) ~[corda-core-4.9.jar:?]
	at net.corda.testing.dsl.TestTransactionDSLInterpreter.toWireTransaction$test_utils(TestDSL.kt:146) ~[corda-test-utils-4.9.jar:?]
	at net.corda.testing.dsl.TestLedgerDSLInterpreter.recordTransactionWithTransactionMap(TestDSL.kt:313) ~[corda-test-utils-4.9.jar:?]
	at net.corda.testing.dsl.TestLedgerDSLInterpreter._transaction(TestDSL.kt:345) ~[corda-test-utils-4.9.jar:?]
	at net.corda.testing.dsl.LedgerDSL._transaction(LedgerDSLInterpreter.kt) ~[corda-test-utils-4.9.jar:?]
	at net.corda.testing.dsl.LedgerDSL.transaction(LedgerDSLInterpreter.kt:141) ~[corda-test-utils-4.9.jar:?]
	at net.corda.testing.dsl.LedgerDSL.transaction$default(LedgerDSLInterpreter.kt:139) ~[corda-test-utils-4.9.jar:?]
	at net.corda.testing.dsl.LedgerDSL.transaction(LedgerDSLInterpreter.kt) ~[corda-test-utils-4.9.jar:?]
	at com.tutorial.contracts.ContractTests.lambda$issuerAndRecipientCannotHaveSameEmail$2(ContractTests.java:25) ~[test/:?]
	at net.corda.testing.node.NodeTestUtils$ledger$2.invoke(NodeTestUtils.kt:39) ~[corda-node-driver-4.9.jar:?]
	at net.corda.testing.node.NodeTestUtils$ledger$2.invoke(NodeTestUtils.kt) ~[corda-node-driver-4.9.jar:?]
	at net.corda.testing.internal.InternalTestUtilsKt$withTestSerializationEnvIfNotSet$1.invoke(InternalTestUtils.kt:241) ~[corda-test-utils-4.9.jar:?]
	at net.corda.testing.internal.InternalTestUtilsKt$withTestSerializationEnvIfNotSet$1.invoke(InternalTestUtils.kt) ~[corda-test-utils-4.9.jar:?]
	at net.corda.testing.common.internal.CommonSerializationTestHelpersKt.asContextEnv(CommonSerializationTestHelpers.kt:19) ~[corda-test-common-4.9.jar:?]
	at net.corda.coretesting.internal.InternalSerializationTestHelpersKt.asTestContextEnv(InternalSerializationTestHelpers.kt:70) ~[corda-core-test-utils-4.9.jar:?]
	at net.corda.testing.internal.InternalTestUtilsKt.withTestSerializationEnvIfNotSet(InternalTestUtils.kt:241) ~[corda-test-utils-4.9.jar:?]
	at net.corda.testing.node.NodeTestUtils.ledger(NodeTestUtils.kt:36) ~[corda-node-driver-4.9.jar:?]
	at net.corda.testing.node.NodeTestUtils.ledger$default(NodeTestUtils.kt:23) ~[corda-node-driver-4.9.jar:?]
	at net.corda.testing.node.NodeTestUtils.ledger(NodeTestUtils.kt) ~[corda-node-driver-4.9.jar:?]
	at com.tutorial.contracts.ContractTests.issuerAndRecipientCannotHaveSameEmail(ContractTests.java:24) ~[test/:?]
	at sun.reflect.NativeMethodAccessorImpl.invoke0(Native Method) ~[?:1.8.0_341]
	at sun.reflect.NativeMethodAccessorImpl.invoke(NativeMethodAccessorImpl.java:62) ~[?:1.8.0_341]
	at sun.reflect.DelegatingMethodAccessorImpl.invoke(DelegatingMethodAccessorImpl.java:43) ~[?:1.8.0_341]
	at java.lang.reflect.Method.invoke(Method.java:498) ~[?:1.8.0_341]
	at org.junit.runners.model.FrameworkMethod$1.runReflectiveCall(FrameworkMethod.java:50) ~[junit-4.12.jar:4.12]
	at org.junit.internal.runners.model.ReflectiveCallable.run(ReflectiveCallable.java:12) ~[junit-4.12.jar:4.12]
	at org.junit.runners.model.FrameworkMethod.invokeExplosively(FrameworkMethod.java:47) ~[junit-4.12.jar:4.12]
	at org.junit.internal.runners.statements.InvokeMethod.evaluate(InvokeMethod.java:17) ~[junit-4.12.jar:4.12]
	at org.junit.runners.ParentRunner.runLeaf(ParentRunner.java:325) ~[junit-4.12.jar:4.12]
	at org.junit.runners.BlockJUnit4ClassRunner.runChild(BlockJUnit4ClassRunner.java:78) ~[junit-4.12.jar:4.12]
	at org.junit.runners.BlockJUnit4ClassRunner.runChild(BlockJUnit4ClassRunner.java:57) ~[junit-4.12.jar:4.12]
	at org.junit.runners.ParentRunner$3.run(ParentRunner.java:290) ~[junit-4.12.jar:4.12]
	at org.junit.runners.ParentRunner$1.schedule(ParentRunner.java:71) ~[junit-4.12.jar:4.12]
	at org.junit.runners.ParentRunner.runChildren(ParentRunner.java:288) ~[junit-4.12.jar:4.12]
	at org.junit.runners.ParentRunner.access$000(ParentRunner.java:58) ~[junit-4.12.jar:4.12]
	at org.junit.runners.ParentRunner$2.evaluate(ParentRunner.java:268) ~[junit-4.12.jar:4.12]
	at org.junit.runners.ParentRunner.run(ParentRunner.java:363) ~[junit-4.12.jar:4.12]
	at org.gradle.api.internal.tasks.testing.junit.JUnitTestClassExecutor.runTestClass(JUnitTestClassExecutor.java:110) ~[?:?]
	at org.gradle.api.internal.tasks.testing.junit.JUnitTestClassExecutor.execute(JUnitTestClassExecutor.java:58) ~[?:?]
	at org.gradle.api.internal.tasks.testing.junit.JUnitTestClassExecutor.execute(JUnitTestClassExecutor.java:38) ~[?:?]
	at org.gradle.api.internal.tasks.testing.junit.AbstractJUnitTestClassProcessor.processTestClass(AbstractJUnitTestClassProcessor.java:62) ~[?:?]
	at org.gradle.api.internal.tasks.testing.SuiteTestClassProcessor.processTestClass(SuiteTestClassProcessor.java:51) ~[?:?]
	at sun.reflect.NativeMethodAccessorImpl.invoke0(Native Method) ~[?:1.8.0_341]
	at sun.reflect.NativeMethodAccessorImpl.invoke(NativeMethodAccessorImpl.java:62) ~[?:1.8.0_341]
	at sun.reflect.DelegatingMethodAccessorImpl.invoke(DelegatingMethodAccessorImpl.java:43) ~[?:1.8.0_341]
	at java.lang.reflect.Method.invoke(Method.java:498) ~[?:1.8.0_341]
	at org.gradle.internal.dispatch.ReflectionDispatch.dispatch(ReflectionDispatch.java:36) ~[gradle-tooling-api-5.6.4.jar:5.6.4]
	at org.gradle.internal.dispatch.ReflectionDispatch.dispatch(ReflectionDispatch.java:24) ~[gradle-tooling-api-5.6.4.jar:5.6.4]
	at org.gradle.internal.dispatch.ContextClassLoaderDispatch.dispatch(ContextClassLoaderDispatch.java:33) ~[?:?]
	at org.gradle.internal.dispatch.ProxyDispatchAdapter$DispatchingInvocationHandler.invoke(ProxyDispatchAdapter.java:94) ~[gradle-tooling-api-5.6.4.jar:5.6.4]
	at com.sun.proxy.$Proxy2.processTestClass(Unknown Source) ~[?:?]
	at org.gradle.api.internal.tasks.testing.worker.TestWorker.processTestClass(TestWorker.java:118) ~[?:?]
	at sun.reflect.NativeMethodAccessorImpl.invoke0(Native Method) ~[?:1.8.0_341]
	at sun.reflect.NativeMethodAccessorImpl.invoke(NativeMethodAccessorImpl.java:62) ~[?:1.8.0_341]
	at sun.reflect.DelegatingMethodAccessorImpl.invoke(DelegatingMethodAccessorImpl.java:43) ~[?:1.8.0_341]
	at java.lang.reflect.Method.invoke(Method.java:498) ~[?:1.8.0_341]
	at org.gradle.internal.dispatch.ReflectionDispatch.dispatch(ReflectionDispatch.java:36) ~[gradle-tooling-api-5.6.4.jar:5.6.4]
	at org.gradle.internal.dispatch.ReflectionDispatch.dispatch(ReflectionDispatch.java:24) ~[gradle-tooling-api-5.6.4.jar:5.6.4]
	at org.gradle.internal.remote.internal.hub.MessageHubBackedObjectConnection$DispatchWrapper.dispatch(MessageHubBackedObjectConnection.java:182) ~[?:?]
	at org.gradle.internal.remote.internal.hub.MessageHubBackedObjectConnection$DispatchWrapper.dispatch(MessageHubBackedObjectConnection.java:164) ~[?:?]
	at org.gradle.internal.remote.internal.hub.MessageHub$Handler.run(MessageHub.java:412) ~[?:?]
	at org.gradle.internal.concurrent.ExecutorPolicy$CatchAndRecordFailures.onExecute(ExecutorPolicy.java:64) ~[gradle-tooling-api-5.6.4.jar:5.6.4]
	at org.gradle.internal.concurrent.ManagedExecutorImpl$1.run(ManagedExecutorImpl.java:48) ~[gradle-tooling-api-5.6.4.jar:5.6.4]
	at java.util.concurrent.ThreadPoolExecutor.runWorker(ThreadPoolExecutor.java:1149) ~[?:1.8.0_341]
	at java.util.concurrent.ThreadPoolExecutor$Worker.run(ThreadPoolExecutor.java:624) ~[?:1.8.0_341]
	at org.gradle.internal.concurrent.ThreadFactoryImpl$ManagedThreadRunnable.run(ThreadFactoryImpl.java:56) ~[gradle-tooling-api-5.6.4.jar:5.6.4]
	at java.lang.Thread.run(Thread.java:750) [?:1.8.0_341]
[INFO ] 2023-02-14T19:17:23,829Z [Test worker] cordapp.JarScanningCordappLoader. - Loading CorDapps from RestrictedURL(url=file:/C:/Users/Anvith/Dropbox/PC/Desktop/Work/Corda/samples-java/Basic/tutorial-applestamp/contracts/build/generated-custom-cordapps/20230214-191720.973-11B4CE98A80E56A5/custom-cordapp_1_11_b32e6b08-7e0a-42b8-953c-9b845c48a83e.jar, rootPackageName=null) {}
[INFO ] 2023-02-14T19:17:23,829Z [Test worker] cordapp.JarScanningCordappLoader. - Scanning CorDapp in file:/C:/Users/Anvith/Dropbox/PC/Desktop/Work/Corda/samples-java/Basic/tutorial-applestamp/contracts/build/generated-custom-cordapps/20230214-191720.973-11B4CE98A80E56A5/custom-cordapp_1_11_b32e6b08-7e0a-42b8-953c-9b845c48a83e.jar {}
[ERROR] 2023-02-14T19:17:23,969Z [Test worker] internal.Verifier. - Error validating transaction CE0937FC00469BD9FCB81106178CA10D02EC69A712F9A094ADC2F8511F78B7BF. {}
java.lang.IllegalArgumentException: Failed requirement: This transaction should only have one AppleStamp state as output
	at net.corda.core.contracts.Requirements.using(ContractsDSL.kt:26) ~[corda-core-4.9.jar:?]
	at com.tutorial.contracts.AppleStampContract.lambda$verify$0(AppleStampContract.java:26) ~[main/:?]
	at net.corda.core.contracts.ContractsDSL.requireThat(ContractsDSL.kt:30) ~[corda-core-4.9.jar:?]
	at com.tutorial.contracts.AppleStampContract.verify(AppleStampContract.java:25) ~[main/:?]
	at net.corda.core.internal.TransactionVerifier.apply(TransactionVerifierServiceInternal.kt:507) ~[corda-core-4.9.jar:?]
	at net.corda.core.internal.AbstractVerifier.verify(TransactionVerifierServiceInternal.kt:80) ~[corda-core-4.9.jar:?]
	at net.corda.core.transactions.LedgerTransaction.verify(LedgerTransaction.kt:250) ~[corda-core-4.9.jar:?]
	at net.corda.core.transactions.TransactionBuilder.addMissingDependency(TransactionBuilder.kt:248) ~[corda-core-4.9.jar:?]
	at net.corda.core.transactions.TransactionBuilder.toWireTransactionWithContext(TransactionBuilder.kt:228) ~[corda-core-4.9.jar:?]
	at net.corda.core.transactions.TransactionBuilder.toWireTransactionWithContext$core(TransactionBuilder.kt:186) ~[corda-core-4.9.jar:?]
	at net.corda.core.transactions.TransactionBuilder.toWireTransaction(TransactionBuilder.kt:144) ~[corda-core-4.9.jar:?]
	at net.corda.testing.dsl.TestTransactionDSLInterpreter.toWireTransaction$test_utils(TestDSL.kt:146) ~[corda-test-utils-4.9.jar:?]
	at net.corda.testing.dsl.TestTransactionDSLInterpreter.verifies(TestDSL.kt:190) ~[corda-test-utils-4.9.jar:?]
	at net.corda.testing.dsl.Verifies$DefaultImpls.failsWith(LedgerDSLInterpreter.kt:45) ~[corda-test-utils-4.9.jar:?]
	at net.corda.testing.dsl.TransactionDSLInterpreter$DefaultImpls.failsWith(TransactionDSLInterpreter.kt) ~[corda-test-utils-4.9.jar:?]
	at net.corda.testing.dsl.TestTransactionDSLInterpreter.failsWith(TestDSL.kt:80) ~[corda-test-utils-4.9.jar:?]
	at net.corda.testing.dsl.Verifies$DefaultImpls.fails(LedgerDSLInterpreter.kt:75) ~[corda-test-utils-4.9.jar:?]
	at net.corda.testing.dsl.TransactionDSLInterpreter$DefaultImpls.fails(TransactionDSLInterpreter.kt) ~[corda-test-utils-4.9.jar:?]
	at net.corda.testing.dsl.TestTransactionDSLInterpreter.fails(TestDSL.kt:80) ~[corda-test-utils-4.9.jar:?]
	at net.corda.testing.dsl.TransactionDSL.fails(TransactionDSLInterpreter.kt) ~[corda-test-utils-4.9.jar:?]
	at com.tutorial.contracts.ContractTests.lambda$null$3(ContractTests.java:51) ~[test/:?]
	at net.corda.testing.dsl.LedgerDSL$transaction$1.invoke(LedgerDSLInterpreter.kt:141) ~[corda-test-utils-4.9.jar:?]
	at net.corda.testing.dsl.LedgerDSL$transaction$1.invoke(LedgerDSLInterpreter.kt:132) ~[corda-test-utils-4.9.jar:?]
	at net.corda.testing.dsl.TestLedgerDSLInterpreter.interpretTransactionDsl(TestDSL.kt:285) ~[corda-test-utils-4.9.jar:?]
	at net.corda.testing.dsl.TestLedgerDSLInterpreter.recordTransactionWithTransactionMap(TestDSL.kt:309) ~[corda-test-utils-4.9.jar:?]
	at net.corda.testing.dsl.TestLedgerDSLInterpreter._transaction(TestDSL.kt:345) ~[corda-test-utils-4.9.jar:?]
	at net.corda.testing.dsl.LedgerDSL._transaction(LedgerDSLInterpreter.kt) ~[corda-test-utils-4.9.jar:?]
	at net.corda.testing.dsl.LedgerDSL.transaction(LedgerDSLInterpreter.kt:141) ~[corda-test-utils-4.9.jar:?]
	at net.corda.testing.dsl.LedgerDSL.transaction$default(LedgerDSLInterpreter.kt:139) ~[corda-test-utils-4.9.jar:?]
	at net.corda.testing.dsl.LedgerDSL.transaction(LedgerDSLInterpreter.kt) ~[corda-test-utils-4.9.jar:?]
	at com.tutorial.contracts.ContractTests.lambda$StampIssuanceCanOnlyHaveOneOutput$5(ContractTests.java:47) ~[test/:?]
	at net.corda.testing.node.NodeTestUtils$ledger$2.invoke(NodeTestUtils.kt:39) ~[corda-node-driver-4.9.jar:?]
	at net.corda.testing.node.NodeTestUtils$ledger$2.invoke(NodeTestUtils.kt) ~[corda-node-driver-4.9.jar:?]
	at net.corda.testing.internal.InternalTestUtilsKt$withTestSerializationEnvIfNotSet$1.invoke(InternalTestUtils.kt:241) ~[corda-test-utils-4.9.jar:?]
	at net.corda.testing.internal.InternalTestUtilsKt$withTestSerializationEnvIfNotSet$1.invoke(InternalTestUtils.kt) ~[corda-test-utils-4.9.jar:?]
	at net.corda.testing.common.internal.CommonSerializationTestHelpersKt.asContextEnv(CommonSerializationTestHelpers.kt:19) ~[corda-test-common-4.9.jar:?]
	at net.corda.coretesting.internal.InternalSerializationTestHelpersKt.asTestContextEnv(InternalSerializationTestHelpers.kt:70) ~[corda-core-test-utils-4.9.jar:?]
	at net.corda.testing.internal.InternalTestUtilsKt.withTestSerializationEnvIfNotSet(InternalTestUtils.kt:241) ~[corda-test-utils-4.9.jar:?]
	at net.corda.testing.node.NodeTestUtils.ledger(NodeTestUtils.kt:36) ~[corda-node-driver-4.9.jar:?]
	at net.corda.testing.node.NodeTestUtils.ledger$default(NodeTestUtils.kt:23) ~[corda-node-driver-4.9.jar:?]
	at net.corda.testing.node.NodeTestUtils.ledger(NodeTestUtils.kt) ~[corda-node-driver-4.9.jar:?]
	at com.tutorial.contracts.ContractTests.StampIssuanceCanOnlyHaveOneOutput(ContractTests.java:46) ~[test/:?]
	at sun.reflect.NativeMethodAccessorImpl.invoke0(Native Method) ~[?:1.8.0_341]
	at sun.reflect.NativeMethodAccessorImpl.invoke(NativeMethodAccessorImpl.java:62) ~[?:1.8.0_341]
	at sun.reflect.DelegatingMethodAccessorImpl.invoke(DelegatingMethodAccessorImpl.java:43) ~[?:1.8.0_341]
	at java.lang.reflect.Method.invoke(Method.java:498) ~[?:1.8.0_341]
	at org.junit.runners.model.FrameworkMethod$1.runReflectiveCall(FrameworkMethod.java:50) ~[junit-4.12.jar:4.12]
	at org.junit.internal.runners.model.ReflectiveCallable.run(ReflectiveCallable.java:12) ~[junit-4.12.jar:4.12]
	at org.junit.runners.model.FrameworkMethod.invokeExplosively(FrameworkMethod.java:47) ~[junit-4.12.jar:4.12]
	at org.junit.internal.runners.statements.InvokeMethod.evaluate(InvokeMethod.java:17) ~[junit-4.12.jar:4.12]
	at org.junit.runners.ParentRunner.runLeaf(ParentRunner.java:325) ~[junit-4.12.jar:4.12]
	at org.junit.runners.BlockJUnit4ClassRunner.runChild(BlockJUnit4ClassRunner.java:78) ~[junit-4.12.jar:4.12]
	at org.junit.runners.BlockJUnit4ClassRunner.runChild(BlockJUnit4ClassRunner.java:57) ~[junit-4.12.jar:4.12]
	at org.junit.runners.ParentRunner$3.run(ParentRunner.java:290) ~[junit-4.12.jar:4.12]
	at org.junit.runners.ParentRunner$1.schedule(ParentRunner.java:71) ~[junit-4.12.jar:4.12]
	at org.junit.runners.ParentRunner.runChildren(ParentRunner.java:288) ~[junit-4.12.jar:4.12]
	at org.junit.runners.ParentRunner.access$000(ParentRunner.java:58) ~[junit-4.12.jar:4.12]
	at org.junit.runners.ParentRunner$2.evaluate(ParentRunner.java:268) ~[junit-4.12.jar:4.12]
	at org.junit.runners.ParentRunner.run(ParentRunner.java:363) ~[junit-4.12.jar:4.12]
	at org.gradle.api.internal.tasks.testing.junit.JUnitTestClassExecutor.runTestClass(JUnitTestClassExecutor.java:110) ~[?:?]
	at org.gradle.api.internal.tasks.testing.junit.JUnitTestClassExecutor.execute(JUnitTestClassExecutor.java:58) ~[?:?]
	at org.gradle.api.internal.tasks.testing.junit.JUnitTestClassExecutor.execute(JUnitTestClassExecutor.java:38) ~[?:?]
	at org.gradle.api.internal.tasks.testing.junit.AbstractJUnitTestClassProcessor.processTestClass(AbstractJUnitTestClassProcessor.java:62) ~[?:?]
	at org.gradle.api.internal.tasks.testing.SuiteTestClassProcessor.processTestClass(SuiteTestClassProcessor.java:51) ~[?:?]
	at sun.reflect.NativeMethodAccessorImpl.invoke0(Native Method) ~[?:1.8.0_341]
	at sun.reflect.NativeMethodAccessorImpl.invoke(NativeMethodAccessorImpl.java:62) ~[?:1.8.0_341]
	at sun.reflect.DelegatingMethodAccessorImpl.invoke(DelegatingMethodAccessorImpl.java:43) ~[?:1.8.0_341]
	at java.lang.reflect.Method.invoke(Method.java:498) ~[?:1.8.0_341]
	at org.gradle.internal.dispatch.ReflectionDispatch.dispatch(ReflectionDispatch.java:36) ~[gradle-tooling-api-5.6.4.jar:5.6.4]
	at org.gradle.internal.dispatch.ReflectionDispatch.dispatch(ReflectionDispatch.java:24) ~[gradle-tooling-api-5.6.4.jar:5.6.4]
	at org.gradle.internal.dispatch.ContextClassLoaderDispatch.dispatch(ContextClassLoaderDispatch.java:33) ~[?:?]
	at org.gradle.internal.dispatch.ProxyDispatchAdapter$DispatchingInvocationHandler.invoke(ProxyDispatchAdapter.java:94) ~[gradle-tooling-api-5.6.4.jar:5.6.4]
	at com.sun.proxy.$Proxy2.processTestClass(Unknown Source) ~[?:?]
	at org.gradle.api.internal.tasks.testing.worker.TestWorker.processTestClass(TestWorker.java:118) ~[?:?]
	at sun.reflect.NativeMethodAccessorImpl.invoke0(Native Method) ~[?:1.8.0_341]
	at sun.reflect.NativeMethodAccessorImpl.invoke(NativeMethodAccessorImpl.java:62) ~[?:1.8.0_341]
	at sun.reflect.DelegatingMethodAccessorImpl.invoke(DelegatingMethodAccessorImpl.java:43) ~[?:1.8.0_341]
	at java.lang.reflect.Method.invoke(Method.java:498) ~[?:1.8.0_341]
	at org.gradle.internal.dispatch.ReflectionDispatch.dispatch(ReflectionDispatch.java:36) ~[gradle-tooling-api-5.6.4.jar:5.6.4]
	at org.gradle.internal.dispatch.ReflectionDispatch.dispatch(ReflectionDispatch.java:24) ~[gradle-tooling-api-5.6.4.jar:5.6.4]
	at org.gradle.internal.remote.internal.hub.MessageHubBackedObjectConnection$DispatchWrapper.dispatch(MessageHubBackedObjectConnection.java:182) ~[?:?]
	at org.gradle.internal.remote.internal.hub.MessageHubBackedObjectConnection$DispatchWrapper.dispatch(MessageHubBackedObjectConnection.java:164) ~[?:?]
	at org.gradle.internal.remote.internal.hub.MessageHub$Handler.run(MessageHub.java:412) ~[?:?]
	at org.gradle.internal.concurrent.ExecutorPolicy$CatchAndRecordFailures.onExecute(ExecutorPolicy.java:64) ~[gradle-tooling-api-5.6.4.jar:5.6.4]
	at org.gradle.internal.concurrent.ManagedExecutorImpl$1.run(ManagedExecutorImpl.java:48) ~[gradle-tooling-api-5.6.4.jar:5.6.4]
	at java.util.concurrent.ThreadPoolExecutor.runWorker(ThreadPoolExecutor.java:1149) ~[?:1.8.0_341]
	at java.util.concurrent.ThreadPoolExecutor$Worker.run(ThreadPoolExecutor.java:624) ~[?:1.8.0_341]
	at org.gradle.internal.concurrent.ThreadFactoryImpl$ManagedThreadRunnable.run(ThreadFactoryImpl.java:56) ~[gradle-tooling-api-5.6.4.jar:5.6.4]
	at java.lang.Thread.run(Thread.java:750) [?:1.8.0_341]
[ERROR] 2023-02-14T19:17:23,971Z [Test worker] internal.Verifier. - Error validating transaction CE0937FC00469BD9FCB81106178CA10D02EC69A712F9A094ADC2F8511F78B7BF. {}
java.lang.IllegalArgumentException: Failed requirement: This transaction should only have one AppleStamp state as output
	at net.corda.core.contracts.Requirements.using(ContractsDSL.kt:26) ~[corda-core-4.9.jar:?]
	at com.tutorial.contracts.AppleStampContract.lambda$verify$0(AppleStampContract.java:26) ~[main/:?]
	at net.corda.core.contracts.ContractsDSL.requireThat(ContractsDSL.kt:30) ~[corda-core-4.9.jar:?]
	at com.tutorial.contracts.AppleStampContract.verify(AppleStampContract.java:25) ~[main/:?]
	at net.corda.core.internal.TransactionVerifier.apply(TransactionVerifierServiceInternal.kt:507) ~[corda-core-4.9.jar:?]
	at net.corda.core.internal.AbstractVerifier.verify(TransactionVerifierServiceInternal.kt:80) ~[corda-core-4.9.jar:?]
	at net.corda.core.transactions.LedgerTransaction.verify(LedgerTransaction.kt:250) ~[corda-core-4.9.jar:?]
	at net.corda.testing.dsl.TestTransactionDSLInterpreter.verifies(TestDSL.kt:190) ~[corda-test-utils-4.9.jar:?]
	at net.corda.testing.dsl.Verifies$DefaultImpls.failsWith(LedgerDSLInterpreter.kt:45) ~[corda-test-utils-4.9.jar:?]
	at net.corda.testing.dsl.TransactionDSLInterpreter$DefaultImpls.failsWith(TransactionDSLInterpreter.kt) ~[corda-test-utils-4.9.jar:?]
	at net.corda.testing.dsl.TestTransactionDSLInterpreter.failsWith(TestDSL.kt:80) ~[corda-test-utils-4.9.jar:?]
	at net.corda.testing.dsl.Verifies$DefaultImpls.fails(LedgerDSLInterpreter.kt:75) ~[corda-test-utils-4.9.jar:?]
	at net.corda.testing.dsl.TransactionDSLInterpreter$DefaultImpls.fails(TransactionDSLInterpreter.kt) ~[corda-test-utils-4.9.jar:?]
	at net.corda.testing.dsl.TestTransactionDSLInterpreter.fails(TestDSL.kt:80) ~[corda-test-utils-4.9.jar:?]
	at net.corda.testing.dsl.TransactionDSL.fails(TransactionDSLInterpreter.kt) ~[corda-test-utils-4.9.jar:?]
	at com.tutorial.contracts.ContractTests.lambda$null$3(ContractTests.java:51) ~[test/:?]
	at net.corda.testing.dsl.LedgerDSL$transaction$1.invoke(LedgerDSLInterpreter.kt:141) ~[corda-test-utils-4.9.jar:?]
	at net.corda.testing.dsl.LedgerDSL$transaction$1.invoke(LedgerDSLInterpreter.kt:132) ~[corda-test-utils-4.9.jar:?]
	at net.corda.testing.dsl.TestLedgerDSLInterpreter.interpretTransactionDsl(TestDSL.kt:285) ~[corda-test-utils-4.9.jar:?]
	at net.corda.testing.dsl.TestLedgerDSLInterpreter.recordTransactionWithTransactionMap(TestDSL.kt:309) ~[corda-test-utils-4.9.jar:?]
	at net.corda.testing.dsl.TestLedgerDSLInterpreter._transaction(TestDSL.kt:345) ~[corda-test-utils-4.9.jar:?]
	at net.corda.testing.dsl.LedgerDSL._transaction(LedgerDSLInterpreter.kt) ~[corda-test-utils-4.9.jar:?]
	at net.corda.testing.dsl.LedgerDSL.transaction(LedgerDSLInterpreter.kt:141) ~[corda-test-utils-4.9.jar:?]
	at net.corda.testing.dsl.LedgerDSL.transaction$default(LedgerDSLInterpreter.kt:139) ~[corda-test-utils-4.9.jar:?]
	at net.corda.testing.dsl.LedgerDSL.transaction(LedgerDSLInterpreter.kt) ~[corda-test-utils-4.9.jar:?]
	at com.tutorial.contracts.ContractTests.lambda$StampIssuanceCanOnlyHaveOneOutput$5(ContractTests.java:47) ~[test/:?]
	at net.corda.testing.node.NodeTestUtils$ledger$2.invoke(NodeTestUtils.kt:39) ~[corda-node-driver-4.9.jar:?]
	at net.corda.testing.node.NodeTestUtils$ledger$2.invoke(NodeTestUtils.kt) ~[corda-node-driver-4.9.jar:?]
	at net.corda.testing.internal.InternalTestUtilsKt$withTestSerializationEnvIfNotSet$1.invoke(InternalTestUtils.kt:241) ~[corda-test-utils-4.9.jar:?]
	at net.corda.testing.internal.InternalTestUtilsKt$withTestSerializationEnvIfNotSet$1.invoke(InternalTestUtils.kt) ~[corda-test-utils-4.9.jar:?]
	at net.corda.testing.common.internal.CommonSerializationTestHelpersKt.asContextEnv(CommonSerializationTestHelpers.kt:19) ~[corda-test-common-4.9.jar:?]
	at net.corda.coretesting.internal.InternalSerializationTestHelpersKt.asTestContextEnv(InternalSerializationTestHelpers.kt:70) ~[corda-core-test-utils-4.9.jar:?]
	at net.corda.testing.internal.InternalTestUtilsKt.withTestSerializationEnvIfNotSet(InternalTestUtils.kt:241) ~[corda-test-utils-4.9.jar:?]
	at net.corda.testing.node.NodeTestUtils.ledger(NodeTestUtils.kt:36) ~[corda-node-driver-4.9.jar:?]
	at net.corda.testing.node.NodeTestUtils.ledger$default(NodeTestUtils.kt:23) ~[corda-node-driver-4.9.jar:?]
	at net.corda.testing.node.NodeTestUtils.ledger(NodeTestUtils.kt) ~[corda-node-driver-4.9.jar:?]
	at com.tutorial.contracts.ContractTests.StampIssuanceCanOnlyHaveOneOutput(ContractTests.java:46) ~[test/:?]
	at sun.reflect.NativeMethodAccessorImpl.invoke0(Native Method) ~[?:1.8.0_341]
	at sun.reflect.NativeMethodAccessorImpl.invoke(NativeMethodAccessorImpl.java:62) ~[?:1.8.0_341]
	at sun.reflect.DelegatingMethodAccessorImpl.invoke(DelegatingMethodAccessorImpl.java:43) ~[?:1.8.0_341]
	at java.lang.reflect.Method.invoke(Method.java:498) ~[?:1.8.0_341]
	at org.junit.runners.model.FrameworkMethod$1.runReflectiveCall(FrameworkMethod.java:50) ~[junit-4.12.jar:4.12]
	at org.junit.internal.runners.model.ReflectiveCallable.run(ReflectiveCallable.java:12) ~[junit-4.12.jar:4.12]
	at org.junit.runners.model.FrameworkMethod.invokeExplosively(FrameworkMethod.java:47) ~[junit-4.12.jar:4.12]
	at org.junit.internal.runners.statements.InvokeMethod.evaluate(InvokeMethod.java:17) ~[junit-4.12.jar:4.12]
	at org.junit.runners.ParentRunner.runLeaf(ParentRunner.java:325) ~[junit-4.12.jar:4.12]
	at org.junit.runners.BlockJUnit4ClassRunner.runChild(BlockJUnit4ClassRunner.java:78) ~[junit-4.12.jar:4.12]
	at org.junit.runners.BlockJUnit4ClassRunner.runChild(BlockJUnit4ClassRunner.java:57) ~[junit-4.12.jar:4.12]
	at org.junit.runners.ParentRunner$3.run(ParentRunner.java:290) ~[junit-4.12.jar:4.12]
	at org.junit.runners.ParentRunner$1.schedule(ParentRunner.java:71) ~[junit-4.12.jar:4.12]
	at org.junit.runners.ParentRunner.runChildren(ParentRunner.java:288) ~[junit-4.12.jar:4.12]
	at org.junit.runners.ParentRunner.access$000(ParentRunner.java:58) ~[junit-4.12.jar:4.12]
	at org.junit.runners.ParentRunner$2.evaluate(ParentRunner.java:268) ~[junit-4.12.jar:4.12]
	at org.junit.runners.ParentRunner.run(ParentRunner.java:363) ~[junit-4.12.jar:4.12]
	at org.gradle.api.internal.tasks.testing.junit.JUnitTestClassExecutor.runTestClass(JUnitTestClassExecutor.java:110) ~[?:?]
	at org.gradle.api.internal.tasks.testing.junit.JUnitTestClassExecutor.execute(JUnitTestClassExecutor.java:58) ~[?:?]
	at org.gradle.api.internal.tasks.testing.junit.JUnitTestClassExecutor.execute(JUnitTestClassExecutor.java:38) ~[?:?]
	at org.gradle.api.internal.tasks.testing.junit.AbstractJUnitTestClassProcessor.processTestClass(AbstractJUnitTestClassProcessor.java:62) ~[?:?]
	at org.gradle.api.internal.tasks.testing.SuiteTestClassProcessor.processTestClass(SuiteTestClassProcessor.java:51) ~[?:?]
	at sun.reflect.NativeMethodAccessorImpl.invoke0(Native Method) ~[?:1.8.0_341]
	at sun.reflect.NativeMethodAccessorImpl.invoke(NativeMethodAccessorImpl.java:62) ~[?:1.8.0_341]
	at sun.reflect.DelegatingMethodAccessorImpl.invoke(DelegatingMethodAccessorImpl.java:43) ~[?:1.8.0_341]
	at java.lang.reflect.Method.invoke(Method.java:498) ~[?:1.8.0_341]
	at org.gradle.internal.dispatch.ReflectionDispatch.dispatch(ReflectionDispatch.java:36) ~[gradle-tooling-api-5.6.4.jar:5.6.4]
	at org.gradle.internal.dispatch.ReflectionDispatch.dispatch(ReflectionDispatch.java:24) ~[gradle-tooling-api-5.6.4.jar:5.6.4]
	at org.gradle.internal.dispatch.ContextClassLoaderDispatch.dispatch(ContextClassLoaderDispatch.java:33) ~[?:?]
	at org.gradle.internal.dispatch.ProxyDispatchAdapter$DispatchingInvocationHandler.invoke(ProxyDispatchAdapter.java:94) ~[gradle-tooling-api-5.6.4.jar:5.6.4]
	at com.sun.proxy.$Proxy2.processTestClass(Unknown Source) ~[?:?]
	at org.gradle.api.internal.tasks.testing.worker.TestWorker.processTestClass(TestWorker.java:118) ~[?:?]
	at sun.reflect.NativeMethodAccessorImpl.invoke0(Native Method) ~[?:1.8.0_341]
	at sun.reflect.NativeMethodAccessorImpl.invoke(NativeMethodAccessorImpl.java:62) ~[?:1.8.0_341]
	at sun.reflect.DelegatingMethodAccessorImpl.invoke(DelegatingMethodAccessorImpl.java:43) ~[?:1.8.0_341]
	at java.lang.reflect.Method.invoke(Method.java:498) ~[?:1.8.0_341]
	at org.gradle.internal.dispatch.ReflectionDispatch.dispatch(ReflectionDispatch.java:36) ~[gradle-tooling-api-5.6.4.jar:5.6.4]
	at org.gradle.internal.dispatch.ReflectionDispatch.dispatch(ReflectionDispatch.java:24) ~[gradle-tooling-api-5.6.4.jar:5.6.4]
	at org.gradle.internal.remote.internal.hub.MessageHubBackedObjectConnection$DispatchWrapper.dispatch(MessageHubBackedObjectConnection.java:182) ~[?:?]
	at org.gradle.internal.remote.internal.hub.MessageHubBackedObjectConnection$DispatchWrapper.dispatch(MessageHubBackedObjectConnection.java:164) ~[?:?]
	at org.gradle.internal.remote.internal.hub.MessageHub$Handler.run(MessageHub.java:412) ~[?:?]
	at org.gradle.internal.concurrent.ExecutorPolicy$CatchAndRecordFailures.onExecute(ExecutorPolicy.java:64) ~[gradle-tooling-api-5.6.4.jar:5.6.4]
	at org.gradle.internal.concurrent.ManagedExecutorImpl$1.run(ManagedExecutorImpl.java:48) ~[gradle-tooling-api-5.6.4.jar:5.6.4]
	at java.util.concurrent.ThreadPoolExecutor.runWorker(ThreadPoolExecutor.java:1149) ~[?:1.8.0_341]
	at java.util.concurrent.ThreadPoolExecutor$Worker.run(ThreadPoolExecutor.java:624) ~[?:1.8.0_341]
	at org.gradle.internal.concurrent.ThreadFactoryImpl$ManagedThreadRunnable.run(ThreadFactoryImpl.java:56) ~[gradle-tooling-api-5.6.4.jar:5.6.4]
	at java.lang.Thread.run(Thread.java:750) [?:1.8.0_341]
[ERROR] 2023-02-14T19:17:23,976Z [Test worker] internal.Verifier. - Error validating transaction CE0937FC00469BD9FCB81106178CA10D02EC69A712F9A094ADC2F8511F78B7BF. {}
java.lang.IllegalArgumentException: Failed requirement: This transaction should only have one AppleStamp state as output
	at net.corda.core.contracts.Requirements.using(ContractsDSL.kt:26) ~[corda-core-4.9.jar:?]
	at com.tutorial.contracts.AppleStampContract.lambda$verify$0(AppleStampContract.java:26) ~[main/:?]
	at net.corda.core.contracts.ContractsDSL.requireThat(ContractsDSL.kt:30) ~[corda-core-4.9.jar:?]
	at com.tutorial.contracts.AppleStampContract.verify(AppleStampContract.java:25) ~[main/:?]
	at net.corda.core.internal.TransactionVerifier.apply(TransactionVerifierServiceInternal.kt:507) ~[corda-core-4.9.jar:?]
	at net.corda.core.internal.AbstractVerifier.verify(TransactionVerifierServiceInternal.kt:80) ~[corda-core-4.9.jar:?]
	at net.corda.core.transactions.LedgerTransaction.verify(LedgerTransaction.kt:250) ~[corda-core-4.9.jar:?]
	at net.corda.core.transactions.TransactionBuilder.addMissingDependency(TransactionBuilder.kt:248) ~[corda-core-4.9.jar:?]
	at net.corda.core.transactions.TransactionBuilder.toWireTransactionWithContext(TransactionBuilder.kt:228) ~[corda-core-4.9.jar:?]
	at net.corda.core.transactions.TransactionBuilder.toWireTransactionWithContext$core(TransactionBuilder.kt:186) ~[corda-core-4.9.jar:?]
	at net.corda.core.transactions.TransactionBuilder.toWireTransaction(TransactionBuilder.kt:144) ~[corda-core-4.9.jar:?]
	at net.corda.testing.dsl.TestTransactionDSLInterpreter.toWireTransaction$test_utils(TestDSL.kt:146) ~[corda-test-utils-4.9.jar:?]
	at net.corda.testing.dsl.TestLedgerDSLInterpreter.recordTransactionWithTransactionMap(TestDSL.kt:313) ~[corda-test-utils-4.9.jar:?]
	at net.corda.testing.dsl.TestLedgerDSLInterpreter._transaction(TestDSL.kt:345) ~[corda-test-utils-4.9.jar:?]
	at net.corda.testing.dsl.LedgerDSL._transaction(LedgerDSLInterpreter.kt) ~[corda-test-utils-4.9.jar:?]
	at net.corda.testing.dsl.LedgerDSL.transaction(LedgerDSLInterpreter.kt:141) ~[corda-test-utils-4.9.jar:?]
	at net.corda.testing.dsl.LedgerDSL.transaction$default(LedgerDSLInterpreter.kt:139) ~[corda-test-utils-4.9.jar:?]
	at net.corda.testing.dsl.LedgerDSL.transaction(LedgerDSLInterpreter.kt) ~[corda-test-utils-4.9.jar:?]
	at com.tutorial.contracts.ContractTests.lambda$StampIssuanceCanOnlyHaveOneOutput$5(ContractTests.java:47) ~[test/:?]
	at net.corda.testing.node.NodeTestUtils$ledger$2.invoke(NodeTestUtils.kt:39) ~[corda-node-driver-4.9.jar:?]
	at net.corda.testing.node.NodeTestUtils$ledger$2.invoke(NodeTestUtils.kt) ~[corda-node-driver-4.9.jar:?]
	at net.corda.testing.internal.InternalTestUtilsKt$withTestSerializationEnvIfNotSet$1.invoke(InternalTestUtils.kt:241) ~[corda-test-utils-4.9.jar:?]
	at net.corda.testing.internal.InternalTestUtilsKt$withTestSerializationEnvIfNotSet$1.invoke(InternalTestUtils.kt) ~[corda-test-utils-4.9.jar:?]
	at net.corda.testing.common.internal.CommonSerializationTestHelpersKt.asContextEnv(CommonSerializationTestHelpers.kt:19) ~[corda-test-common-4.9.jar:?]
	at net.corda.coretesting.internal.InternalSerializationTestHelpersKt.asTestContextEnv(InternalSerializationTestHelpers.kt:70) ~[corda-core-test-utils-4.9.jar:?]
	at net.corda.testing.internal.InternalTestUtilsKt.withTestSerializationEnvIfNotSet(InternalTestUtils.kt:241) ~[corda-test-utils-4.9.jar:?]
	at net.corda.testing.node.NodeTestUtils.ledger(NodeTestUtils.kt:36) ~[corda-node-driver-4.9.jar:?]
	at net.corda.testing.node.NodeTestUtils.ledger$default(NodeTestUtils.kt:23) ~[corda-node-driver-4.9.jar:?]
	at net.corda.testing.node.NodeTestUtils.ledger(NodeTestUtils.kt) ~[corda-node-driver-4.9.jar:?]
	at com.tutorial.contracts.ContractTests.StampIssuanceCanOnlyHaveOneOutput(ContractTests.java:46) ~[test/:?]
	at sun.reflect.NativeMethodAccessorImpl.invoke0(Native Method) ~[?:1.8.0_341]
	at sun.reflect.NativeMethodAccessorImpl.invoke(NativeMethodAccessorImpl.java:62) ~[?:1.8.0_341]
	at sun.reflect.DelegatingMethodAccessorImpl.invoke(DelegatingMethodAccessorImpl.java:43) ~[?:1.8.0_341]
	at java.lang.reflect.Method.invoke(Method.java:498) ~[?:1.8.0_341]
	at org.junit.runners.model.FrameworkMethod$1.runReflectiveCall(FrameworkMethod.java:50) ~[junit-4.12.jar:4.12]
	at org.junit.internal.runners.model.ReflectiveCallable.run(ReflectiveCallable.java:12) ~[junit-4.12.jar:4.12]
	at org.junit.runners.model.FrameworkMethod.invokeExplosively(FrameworkMethod.java:47) ~[junit-4.12.jar:4.12]
	at org.junit.internal.runners.statements.InvokeMethod.evaluate(InvokeMethod.java:17) ~[junit-4.12.jar:4.12]
	at org.junit.runners.ParentRunner.runLeaf(ParentRunner.java:325) ~[junit-4.12.jar:4.12]
	at org.junit.runners.BlockJUnit4ClassRunner.runChild(BlockJUnit4ClassRunner.java:78) ~[junit-4.12.jar:4.12]
	at org.junit.runners.BlockJUnit4ClassRunner.runChild(BlockJUnit4ClassRunner.java:57) ~[junit-4.12.jar:4.12]
	at org.junit.runners.ParentRunner$3.run(ParentRunner.java:290) ~[junit-4.12.jar:4.12]
	at org.junit.runners.ParentRunner$1.schedule(ParentRunner.java:71) ~[junit-4.12.jar:4.12]
	at org.junit.runners.ParentRunner.runChildren(ParentRunner.java:288) ~[junit-4.12.jar:4.12]
	at org.junit.runners.ParentRunner.access$000(ParentRunner.java:58) ~[junit-4.12.jar:4.12]
	at org.junit.runners.ParentRunner$2.evaluate(ParentRunner.java:268) ~[junit-4.12.jar:4.12]
	at org.junit.runners.ParentRunner.run(ParentRunner.java:363) ~[junit-4.12.jar:4.12]
	at org.gradle.api.internal.tasks.testing.junit.JUnitTestClassExecutor.runTestClass(JUnitTestClassExecutor.java:110) ~[?:?]
	at org.gradle.api.internal.tasks.testing.junit.JUnitTestClassExecutor.execute(JUnitTestClassExecutor.java:58) ~[?:?]
	at org.gradle.api.internal.tasks.testing.junit.JUnitTestClassExecutor.execute(JUnitTestClassExecutor.java:38) ~[?:?]
	at org.gradle.api.internal.tasks.testing.junit.AbstractJUnitTestClassProcessor.processTestClass(AbstractJUnitTestClassProcessor.java:62) ~[?:?]
	at org.gradle.api.internal.tasks.testing.SuiteTestClassProcessor.processTestClass(SuiteTestClassProcessor.java:51) ~[?:?]
	at sun.reflect.NativeMethodAccessorImpl.invoke0(Native Method) ~[?:1.8.0_341]
	at sun.reflect.NativeMethodAccessorImpl.invoke(NativeMethodAccessorImpl.java:62) ~[?:1.8.0_341]
	at sun.reflect.DelegatingMethodAccessorImpl.invoke(DelegatingMethodAccessorImpl.java:43) ~[?:1.8.0_341]
	at java.lang.reflect.Method.invoke(Method.java:498) ~[?:1.8.0_341]
	at org.gradle.internal.dispatch.ReflectionDispatch.dispatch(ReflectionDispatch.java:36) ~[gradle-tooling-api-5.6.4.jar:5.6.4]
	at org.gradle.internal.dispatch.ReflectionDispatch.dispatch(ReflectionDispatch.java:24) ~[gradle-tooling-api-5.6.4.jar:5.6.4]
	at org.gradle.internal.dispatch.ContextClassLoaderDispatch.dispatch(ContextClassLoaderDispatch.java:33) ~[?:?]
	at org.gradle.internal.dispatch.ProxyDispatchAdapter$DispatchingInvocationHandler.invoke(ProxyDispatchAdapter.java:94) ~[gradle-tooling-api-5.6.4.jar:5.6.4]
	at com.sun.proxy.$Proxy2.processTestClass(Unknown Source) ~[?:?]
	at org.gradle.api.internal.tasks.testing.worker.TestWorker.processTestClass(TestWorker.java:118) ~[?:?]
	at sun.reflect.NativeMethodAccessorImpl.invoke0(Native Method) ~[?:1.8.0_341]
	at sun.reflect.NativeMethodAccessorImpl.invoke(NativeMethodAccessorImpl.java:62) ~[?:1.8.0_341]
	at sun.reflect.DelegatingMethodAccessorImpl.invoke(DelegatingMethodAccessorImpl.java:43) ~[?:1.8.0_341]
	at java.lang.reflect.Method.invoke(Method.java:498) ~[?:1.8.0_341]
	at org.gradle.internal.dispatch.ReflectionDispatch.dispatch(ReflectionDispatch.java:36) ~[gradle-tooling-api-5.6.4.jar:5.6.4]
	at org.gradle.internal.dispatch.ReflectionDispatch.dispatch(ReflectionDispatch.java:24) ~[gradle-tooling-api-5.6.4.jar:5.6.4]
	at org.gradle.internal.remote.internal.hub.MessageHubBackedObjectConnection$DispatchWrapper.dispatch(MessageHubBackedObjectConnection.java:182) ~[?:?]
	at org.gradle.internal.remote.internal.hub.MessageHubBackedObjectConnection$DispatchWrapper.dispatch(MessageHubBackedObjectConnection.java:164) ~[?:?]
	at org.gradle.internal.remote.internal.hub.MessageHub$Handler.run(MessageHub.java:412) ~[?:?]
	at org.gradle.internal.concurrent.ExecutorPolicy$CatchAndRecordFailures.onExecute(ExecutorPolicy.java:64) ~[gradle-tooling-api-5.6.4.jar:5.6.4]
	at org.gradle.internal.concurrent.ManagedExecutorImpl$1.run(ManagedExecutorImpl.java:48) ~[gradle-tooling-api-5.6.4.jar:5.6.4]
	at java.util.concurrent.ThreadPoolExecutor.runWorker(ThreadPoolExecutor.java:1149) ~[?:1.8.0_341]
	at java.util.concurrent.ThreadPoolExecutor$Worker.run(ThreadPoolExecutor.java:624) ~[?:1.8.0_341]
	at org.gradle.internal.concurrent.ThreadFactoryImpl$ManagedThreadRunnable.run(ThreadFactoryImpl.java:56) ~[gradle-tooling-api-5.6.4.jar:5.6.4]
	at java.lang.Thread.run(Thread.java:750) [?:1.8.0_341]
[INFO ] 2023-02-15T11:58:10,999Z [Test worker] cordapp.JarScanningCordappLoader. - Loading CorDapps from RestrictedURL(url=file:/C:/Users/Anvith/Dropbox/PC/Desktop/Work/Corda/samples-java/Basic/tutorial-applestamp/contracts/build/generated-custom-cordapps/20230215-115810.693-46A237DB7027E4AD/custom-cordapp_1_11_5ba1a1a5-9575-4195-bd3e-4aee467c1e9c.jar, rootPackageName=null) {}
[INFO ] 2023-02-15T11:58:11,038Z [Test worker] cordapp.JarScanningCordappLoader. - Scanning CorDapp in file:/C:/Users/Anvith/Dropbox/PC/Desktop/Work/Corda/samples-java/Basic/tutorial-applestamp/contracts/build/generated-custom-cordapps/20230215-115810.693-46A237DB7027E4AD/custom-cordapp_1_11_5ba1a1a5-9575-4195-bd3e-4aee467c1e9c.jar {}
[ERROR] 2023-02-15T11:58:12,541Z [Test worker] internal.Verifier. - Error validating transaction 99D6F097FEA5E4BBDB7E9D3C13A5C7AE82298290A7AFFF93C1B46FA1B3C914EC. {}
java.lang.IllegalArgumentException: Failed requirement: The output AppleStamp state should have clear description of the type of redeemable goods
	at net.corda.core.contracts.Requirements.using(ContractsDSL.kt:26) ~[corda-core-4.9.jar:?]
	at com.tutorial.contracts.AppleStampContract.lambda$verify$0(AppleStampContract.java:27) ~[main/:?]
	at net.corda.core.contracts.ContractsDSL.requireThat(ContractsDSL.kt:30) ~[corda-core-4.9.jar:?]
	at com.tutorial.contracts.AppleStampContract.verify(AppleStampContract.java:25) ~[main/:?]
	at net.corda.core.internal.TransactionVerifier.apply(TransactionVerifierServiceInternal.kt:507) ~[corda-core-4.9.jar:?]
	at net.corda.core.internal.AbstractVerifier.verify(TransactionVerifierServiceInternal.kt:80) ~[corda-core-4.9.jar:?]
	at net.corda.core.transactions.LedgerTransaction.verify(LedgerTransaction.kt:250) ~[corda-core-4.9.jar:?]
	at net.corda.core.transactions.TransactionBuilder.addMissingDependency(TransactionBuilder.kt:248) ~[corda-core-4.9.jar:?]
	at net.corda.core.transactions.TransactionBuilder.toWireTransactionWithContext(TransactionBuilder.kt:228) ~[corda-core-4.9.jar:?]
	at net.corda.core.transactions.TransactionBuilder.toWireTransactionWithContext$core(TransactionBuilder.kt:186) ~[corda-core-4.9.jar:?]
	at net.corda.core.transactions.TransactionBuilder.toWireTransaction(TransactionBuilder.kt:144) ~[corda-core-4.9.jar:?]
	at net.corda.testing.dsl.TestTransactionDSLInterpreter.toWireTransaction$test_utils(TestDSL.kt:146) ~[corda-test-utils-4.9.jar:?]
	at net.corda.testing.dsl.TestTransactionDSLInterpreter.verifies(TestDSL.kt:190) ~[corda-test-utils-4.9.jar:?]
	at net.corda.testing.dsl.Verifies$DefaultImpls.failsWith(LedgerDSLInterpreter.kt:45) ~[corda-test-utils-4.9.jar:?]
	at net.corda.testing.dsl.TransactionDSLInterpreter$DefaultImpls.failsWith(TransactionDSLInterpreter.kt) ~[corda-test-utils-4.9.jar:?]
	at net.corda.testing.dsl.TestTransactionDSLInterpreter.failsWith(TestDSL.kt:80) ~[corda-test-utils-4.9.jar:?]
	at net.corda.testing.dsl.Verifies$DefaultImpls.fails(LedgerDSLInterpreter.kt:75) ~[corda-test-utils-4.9.jar:?]
	at net.corda.testing.dsl.TransactionDSLInterpreter$DefaultImpls.fails(TransactionDSLInterpreter.kt) ~[corda-test-utils-4.9.jar:?]
	at net.corda.testing.dsl.TestTransactionDSLInterpreter.fails(TestDSL.kt:80) ~[corda-test-utils-4.9.jar:?]
	at net.corda.testing.dsl.TransactionDSL.fails(TransactionDSLInterpreter.kt) ~[corda-test-utils-4.9.jar:?]
	at com.tutorial.contracts.ContractTests.lambda$null$6(ContractTests.java:71) ~[test/:?]
	at net.corda.testing.dsl.LedgerDSL$transaction$1.invoke(LedgerDSLInterpreter.kt:141) ~[corda-test-utils-4.9.jar:?]
	at net.corda.testing.dsl.LedgerDSL$transaction$1.invoke(LedgerDSLInterpreter.kt:132) ~[corda-test-utils-4.9.jar:?]
	at net.corda.testing.dsl.TestLedgerDSLInterpreter.interpretTransactionDsl(TestDSL.kt:285) ~[corda-test-utils-4.9.jar:?]
	at net.corda.testing.dsl.TestLedgerDSLInterpreter.recordTransactionWithTransactionMap(TestDSL.kt:309) ~[corda-test-utils-4.9.jar:?]
	at net.corda.testing.dsl.TestLedgerDSLInterpreter._transaction(TestDSL.kt:345) ~[corda-test-utils-4.9.jar:?]
	at net.corda.testing.dsl.LedgerDSL._transaction(LedgerDSLInterpreter.kt) ~[corda-test-utils-4.9.jar:?]
	at net.corda.testing.dsl.LedgerDSL.transaction(LedgerDSLInterpreter.kt:141) ~[corda-test-utils-4.9.jar:?]
	at net.corda.testing.dsl.LedgerDSL.transaction$default(LedgerDSLInterpreter.kt:139) ~[corda-test-utils-4.9.jar:?]
	at net.corda.testing.dsl.LedgerDSL.transaction(LedgerDSLInterpreter.kt) ~[corda-test-utils-4.9.jar:?]
	at com.tutorial.contracts.ContractTests.lambda$StampMustHaveDescription$8(ContractTests.java:68) ~[test/:?]
	at net.corda.testing.node.NodeTestUtils$ledger$2.invoke(NodeTestUtils.kt:39) ~[corda-node-driver-4.9.jar:?]
	at net.corda.testing.node.NodeTestUtils$ledger$2.invoke(NodeTestUtils.kt) ~[corda-node-driver-4.9.jar:?]
	at net.corda.testing.internal.InternalTestUtilsKt$withTestSerializationEnvIfNotSet$1.invoke(InternalTestUtils.kt:241) ~[corda-test-utils-4.9.jar:?]
	at net.corda.testing.internal.InternalTestUtilsKt$withTestSerializationEnvIfNotSet$1.invoke(InternalTestUtils.kt) ~[corda-test-utils-4.9.jar:?]
	at net.corda.testing.common.internal.CommonSerializationTestHelpersKt.asContextEnv(CommonSerializationTestHelpers.kt:19) ~[corda-test-common-4.9.jar:?]
	at net.corda.coretesting.internal.InternalSerializationTestHelpersKt.asTestContextEnv(InternalSerializationTestHelpers.kt:70) ~[corda-core-test-utils-4.9.jar:?]
	at net.corda.testing.internal.InternalTestUtilsKt.withTestSerializationEnvIfNotSet(InternalTestUtils.kt:241) ~[corda-test-utils-4.9.jar:?]
	at net.corda.testing.node.NodeTestUtils.ledger(NodeTestUtils.kt:36) ~[corda-node-driver-4.9.jar:?]
	at net.corda.testing.node.NodeTestUtils.ledger$default(NodeTestUtils.kt:23) ~[corda-node-driver-4.9.jar:?]
	at net.corda.testing.node.NodeTestUtils.ledger(NodeTestUtils.kt) ~[corda-node-driver-4.9.jar:?]
	at com.tutorial.contracts.ContractTests.StampMustHaveDescription(ContractTests.java:67) ~[test/:?]
	at sun.reflect.NativeMethodAccessorImpl.invoke0(Native Method) ~[?:1.8.0_341]
	at sun.reflect.NativeMethodAccessorImpl.invoke(NativeMethodAccessorImpl.java:62) ~[?:1.8.0_341]
	at sun.reflect.DelegatingMethodAccessorImpl.invoke(DelegatingMethodAccessorImpl.java:43) ~[?:1.8.0_341]
	at java.lang.reflect.Method.invoke(Method.java:498) ~[?:1.8.0_341]
	at org.junit.runners.model.FrameworkMethod$1.runReflectiveCall(FrameworkMethod.java:50) ~[junit-4.12.jar:4.12]
	at org.junit.internal.runners.model.ReflectiveCallable.run(ReflectiveCallable.java:12) ~[junit-4.12.jar:4.12]
	at org.junit.runners.model.FrameworkMethod.invokeExplosively(FrameworkMethod.java:47) ~[junit-4.12.jar:4.12]
	at org.junit.internal.runners.statements.InvokeMethod.evaluate(InvokeMethod.java:17) ~[junit-4.12.jar:4.12]
	at org.junit.runners.ParentRunner.runLeaf(ParentRunner.java:325) ~[junit-4.12.jar:4.12]
	at org.junit.runners.BlockJUnit4ClassRunner.runChild(BlockJUnit4ClassRunner.java:78) ~[junit-4.12.jar:4.12]
	at org.junit.runners.BlockJUnit4ClassRunner.runChild(BlockJUnit4ClassRunner.java:57) ~[junit-4.12.jar:4.12]
	at org.junit.runners.ParentRunner$3.run(ParentRunner.java:290) ~[junit-4.12.jar:4.12]
	at org.junit.runners.ParentRunner$1.schedule(ParentRunner.java:71) ~[junit-4.12.jar:4.12]
	at org.junit.runners.ParentRunner.runChildren(ParentRunner.java:288) ~[junit-4.12.jar:4.12]
	at org.junit.runners.ParentRunner.access$000(ParentRunner.java:58) ~[junit-4.12.jar:4.12]
	at org.junit.runners.ParentRunner$2.evaluate(ParentRunner.java:268) ~[junit-4.12.jar:4.12]
	at org.junit.runners.ParentRunner.run(ParentRunner.java:363) ~[junit-4.12.jar:4.12]
	at org.gradle.api.internal.tasks.testing.junit.JUnitTestClassExecutor.runTestClass(JUnitTestClassExecutor.java:110) ~[?:?]
	at org.gradle.api.internal.tasks.testing.junit.JUnitTestClassExecutor.execute(JUnitTestClassExecutor.java:58) ~[?:?]
	at org.gradle.api.internal.tasks.testing.junit.JUnitTestClassExecutor.execute(JUnitTestClassExecutor.java:38) ~[?:?]
	at org.gradle.api.internal.tasks.testing.junit.AbstractJUnitTestClassProcessor.processTestClass(AbstractJUnitTestClassProcessor.java:62) ~[?:?]
	at org.gradle.api.internal.tasks.testing.SuiteTestClassProcessor.processTestClass(SuiteTestClassProcessor.java:51) ~[?:?]
	at sun.reflect.NativeMethodAccessorImpl.invoke0(Native Method) ~[?:1.8.0_341]
	at sun.reflect.NativeMethodAccessorImpl.invoke(NativeMethodAccessorImpl.java:62) ~[?:1.8.0_341]
	at sun.reflect.DelegatingMethodAccessorImpl.invoke(DelegatingMethodAccessorImpl.java:43) ~[?:1.8.0_341]
	at java.lang.reflect.Method.invoke(Method.java:498) ~[?:1.8.0_341]
	at org.gradle.internal.dispatch.ReflectionDispatch.dispatch(ReflectionDispatch.java:36) ~[gradle-tooling-api-5.6.4.jar:5.6.4]
	at org.gradle.internal.dispatch.ReflectionDispatch.dispatch(ReflectionDispatch.java:24) ~[gradle-tooling-api-5.6.4.jar:5.6.4]
	at org.gradle.internal.dispatch.ContextClassLoaderDispatch.dispatch(ContextClassLoaderDispatch.java:33) ~[?:?]
	at org.gradle.internal.dispatch.ProxyDispatchAdapter$DispatchingInvocationHandler.invoke(ProxyDispatchAdapter.java:94) ~[gradle-tooling-api-5.6.4.jar:5.6.4]
	at com.sun.proxy.$Proxy2.processTestClass(Unknown Source) ~[?:?]
	at org.gradle.api.internal.tasks.testing.worker.TestWorker.processTestClass(TestWorker.java:118) ~[?:?]
	at sun.reflect.NativeMethodAccessorImpl.invoke0(Native Method) ~[?:1.8.0_341]
	at sun.reflect.NativeMethodAccessorImpl.invoke(NativeMethodAccessorImpl.java:62) ~[?:1.8.0_341]
	at sun.reflect.DelegatingMethodAccessorImpl.invoke(DelegatingMethodAccessorImpl.java:43) ~[?:1.8.0_341]
	at java.lang.reflect.Method.invoke(Method.java:498) ~[?:1.8.0_341]
	at org.gradle.internal.dispatch.ReflectionDispatch.dispatch(ReflectionDispatch.java:36) ~[gradle-tooling-api-5.6.4.jar:5.6.4]
	at org.gradle.internal.dispatch.ReflectionDispatch.dispatch(ReflectionDispatch.java:24) ~[gradle-tooling-api-5.6.4.jar:5.6.4]
	at org.gradle.internal.remote.internal.hub.MessageHubBackedObjectConnection$DispatchWrapper.dispatch(MessageHubBackedObjectConnection.java:182) ~[?:?]
	at org.gradle.internal.remote.internal.hub.MessageHubBackedObjectConnection$DispatchWrapper.dispatch(MessageHubBackedObjectConnection.java:164) ~[?:?]
	at org.gradle.internal.remote.internal.hub.MessageHub$Handler.run(MessageHub.java:412) ~[?:?]
	at org.gradle.internal.concurrent.ExecutorPolicy$CatchAndRecordFailures.onExecute(ExecutorPolicy.java:64) ~[gradle-tooling-api-5.6.4.jar:5.6.4]
	at org.gradle.internal.concurrent.ManagedExecutorImpl$1.run(ManagedExecutorImpl.java:48) ~[gradle-tooling-api-5.6.4.jar:5.6.4]
	at java.util.concurrent.ThreadPoolExecutor.runWorker(ThreadPoolExecutor.java:1149) ~[?:1.8.0_341]
	at java.util.concurrent.ThreadPoolExecutor$Worker.run(ThreadPoolExecutor.java:624) ~[?:1.8.0_341]
	at org.gradle.internal.concurrent.ThreadFactoryImpl$ManagedThreadRunnable.run(ThreadFactoryImpl.java:56) ~[gradle-tooling-api-5.6.4.jar:5.6.4]
	at java.lang.Thread.run(Thread.java:750) [?:1.8.0_341]
[ERROR] 2023-02-15T11:58:12,545Z [Test worker] internal.Verifier. - Error validating transaction 99D6F097FEA5E4BBDB7E9D3C13A5C7AE82298290A7AFFF93C1B46FA1B3C914EC. {}
java.lang.IllegalArgumentException: Failed requirement: The output AppleStamp state should have clear description of the type of redeemable goods
	at net.corda.core.contracts.Requirements.using(ContractsDSL.kt:26) ~[corda-core-4.9.jar:?]
	at com.tutorial.contracts.AppleStampContract.lambda$verify$0(AppleStampContract.java:27) ~[main/:?]
	at net.corda.core.contracts.ContractsDSL.requireThat(ContractsDSL.kt:30) ~[corda-core-4.9.jar:?]
	at com.tutorial.contracts.AppleStampContract.verify(AppleStampContract.java:25) ~[main/:?]
	at net.corda.core.internal.TransactionVerifier.apply(TransactionVerifierServiceInternal.kt:507) ~[corda-core-4.9.jar:?]
	at net.corda.core.internal.AbstractVerifier.verify(TransactionVerifierServiceInternal.kt:80) ~[corda-core-4.9.jar:?]
	at net.corda.core.transactions.LedgerTransaction.verify(LedgerTransaction.kt:250) ~[corda-core-4.9.jar:?]
	at net.corda.testing.dsl.TestTransactionDSLInterpreter.verifies(TestDSL.kt:190) ~[corda-test-utils-4.9.jar:?]
	at net.corda.testing.dsl.Verifies$DefaultImpls.failsWith(LedgerDSLInterpreter.kt:45) ~[corda-test-utils-4.9.jar:?]
	at net.corda.testing.dsl.TransactionDSLInterpreter$DefaultImpls.failsWith(TransactionDSLInterpreter.kt) ~[corda-test-utils-4.9.jar:?]
	at net.corda.testing.dsl.TestTransactionDSLInterpreter.failsWith(TestDSL.kt:80) ~[corda-test-utils-4.9.jar:?]
	at net.corda.testing.dsl.Verifies$DefaultImpls.fails(LedgerDSLInterpreter.kt:75) ~[corda-test-utils-4.9.jar:?]
	at net.corda.testing.dsl.TransactionDSLInterpreter$DefaultImpls.fails(TransactionDSLInterpreter.kt) ~[corda-test-utils-4.9.jar:?]
	at net.corda.testing.dsl.TestTransactionDSLInterpreter.fails(TestDSL.kt:80) ~[corda-test-utils-4.9.jar:?]
	at net.corda.testing.dsl.TransactionDSL.fails(TransactionDSLInterpreter.kt) ~[corda-test-utils-4.9.jar:?]
	at com.tutorial.contracts.ContractTests.lambda$null$6(ContractTests.java:71) ~[test/:?]
	at net.corda.testing.dsl.LedgerDSL$transaction$1.invoke(LedgerDSLInterpreter.kt:141) ~[corda-test-utils-4.9.jar:?]
	at net.corda.testing.dsl.LedgerDSL$transaction$1.invoke(LedgerDSLInterpreter.kt:132) ~[corda-test-utils-4.9.jar:?]
	at net.corda.testing.dsl.TestLedgerDSLInterpreter.interpretTransactionDsl(TestDSL.kt:285) ~[corda-test-utils-4.9.jar:?]
	at net.corda.testing.dsl.TestLedgerDSLInterpreter.recordTransactionWithTransactionMap(TestDSL.kt:309) ~[corda-test-utils-4.9.jar:?]
	at net.corda.testing.dsl.TestLedgerDSLInterpreter._transaction(TestDSL.kt:345) ~[corda-test-utils-4.9.jar:?]
	at net.corda.testing.dsl.LedgerDSL._transaction(LedgerDSLInterpreter.kt) ~[corda-test-utils-4.9.jar:?]
	at net.corda.testing.dsl.LedgerDSL.transaction(LedgerDSLInterpreter.kt:141) ~[corda-test-utils-4.9.jar:?]
	at net.corda.testing.dsl.LedgerDSL.transaction$default(LedgerDSLInterpreter.kt:139) ~[corda-test-utils-4.9.jar:?]
	at net.corda.testing.dsl.LedgerDSL.transaction(LedgerDSLInterpreter.kt) ~[corda-test-utils-4.9.jar:?]
	at com.tutorial.contracts.ContractTests.lambda$StampMustHaveDescription$8(ContractTests.java:68) ~[test/:?]
	at net.corda.testing.node.NodeTestUtils$ledger$2.invoke(NodeTestUtils.kt:39) ~[corda-node-driver-4.9.jar:?]
	at net.corda.testing.node.NodeTestUtils$ledger$2.invoke(NodeTestUtils.kt) ~[corda-node-driver-4.9.jar:?]
	at net.corda.testing.internal.InternalTestUtilsKt$withTestSerializationEnvIfNotSet$1.invoke(InternalTestUtils.kt:241) ~[corda-test-utils-4.9.jar:?]
	at net.corda.testing.internal.InternalTestUtilsKt$withTestSerializationEnvIfNotSet$1.invoke(InternalTestUtils.kt) ~[corda-test-utils-4.9.jar:?]
	at net.corda.testing.common.internal.CommonSerializationTestHelpersKt.asContextEnv(CommonSerializationTestHelpers.kt:19) ~[corda-test-common-4.9.jar:?]
	at net.corda.coretesting.internal.InternalSerializationTestHelpersKt.asTestContextEnv(InternalSerializationTestHelpers.kt:70) ~[corda-core-test-utils-4.9.jar:?]
	at net.corda.testing.internal.InternalTestUtilsKt.withTestSerializationEnvIfNotSet(InternalTestUtils.kt:241) ~[corda-test-utils-4.9.jar:?]
	at net.corda.testing.node.NodeTestUtils.ledger(NodeTestUtils.kt:36) ~[corda-node-driver-4.9.jar:?]
	at net.corda.testing.node.NodeTestUtils.ledger$default(NodeTestUtils.kt:23) ~[corda-node-driver-4.9.jar:?]
	at net.corda.testing.node.NodeTestUtils.ledger(NodeTestUtils.kt) ~[corda-node-driver-4.9.jar:?]
	at com.tutorial.contracts.ContractTests.StampMustHaveDescription(ContractTests.java:67) ~[test/:?]
	at sun.reflect.NativeMethodAccessorImpl.invoke0(Native Method) ~[?:1.8.0_341]
	at sun.reflect.NativeMethodAccessorImpl.invoke(NativeMethodAccessorImpl.java:62) ~[?:1.8.0_341]
	at sun.reflect.DelegatingMethodAccessorImpl.invoke(DelegatingMethodAccessorImpl.java:43) ~[?:1.8.0_341]
	at java.lang.reflect.Method.invoke(Method.java:498) ~[?:1.8.0_341]
	at org.junit.runners.model.FrameworkMethod$1.runReflectiveCall(FrameworkMethod.java:50) ~[junit-4.12.jar:4.12]
	at org.junit.internal.runners.model.ReflectiveCallable.run(ReflectiveCallable.java:12) ~[junit-4.12.jar:4.12]
	at org.junit.runners.model.FrameworkMethod.invokeExplosively(FrameworkMethod.java:47) ~[junit-4.12.jar:4.12]
	at org.junit.internal.runners.statements.InvokeMethod.evaluate(InvokeMethod.java:17) ~[junit-4.12.jar:4.12]
	at org.junit.runners.ParentRunner.runLeaf(ParentRunner.java:325) ~[junit-4.12.jar:4.12]
	at org.junit.runners.BlockJUnit4ClassRunner.runChild(BlockJUnit4ClassRunner.java:78) ~[junit-4.12.jar:4.12]
	at org.junit.runners.BlockJUnit4ClassRunner.runChild(BlockJUnit4ClassRunner.java:57) ~[junit-4.12.jar:4.12]
	at org.junit.runners.ParentRunner$3.run(ParentRunner.java:290) ~[junit-4.12.jar:4.12]
	at org.junit.runners.ParentRunner$1.schedule(ParentRunner.java:71) ~[junit-4.12.jar:4.12]
	at org.junit.runners.ParentRunner.runChildren(ParentRunner.java:288) ~[junit-4.12.jar:4.12]
	at org.junit.runners.ParentRunner.access$000(ParentRunner.java:58) ~[junit-4.12.jar:4.12]
	at org.junit.runners.ParentRunner$2.evaluate(ParentRunner.java:268) ~[junit-4.12.jar:4.12]
	at org.junit.runners.ParentRunner.run(ParentRunner.java:363) ~[junit-4.12.jar:4.12]
	at org.gradle.api.internal.tasks.testing.junit.JUnitTestClassExecutor.runTestClass(JUnitTestClassExecutor.java:110) ~[?:?]
	at org.gradle.api.internal.tasks.testing.junit.JUnitTestClassExecutor.execute(JUnitTestClassExecutor.java:58) ~[?:?]
	at org.gradle.api.internal.tasks.testing.junit.JUnitTestClassExecutor.execute(JUnitTestClassExecutor.java:38) ~[?:?]
	at org.gradle.api.internal.tasks.testing.junit.AbstractJUnitTestClassProcessor.processTestClass(AbstractJUnitTestClassProcessor.java:62) ~[?:?]
	at org.gradle.api.internal.tasks.testing.SuiteTestClassProcessor.processTestClass(SuiteTestClassProcessor.java:51) ~[?:?]
	at sun.reflect.NativeMethodAccessorImpl.invoke0(Native Method) ~[?:1.8.0_341]
	at sun.reflect.NativeMethodAccessorImpl.invoke(NativeMethodAccessorImpl.java:62) ~[?:1.8.0_341]
	at sun.reflect.DelegatingMethodAccessorImpl.invoke(DelegatingMethodAccessorImpl.java:43) ~[?:1.8.0_341]
	at java.lang.reflect.Method.invoke(Method.java:498) ~[?:1.8.0_341]
	at org.gradle.internal.dispatch.ReflectionDispatch.dispatch(ReflectionDispatch.java:36) ~[gradle-tooling-api-5.6.4.jar:5.6.4]
	at org.gradle.internal.dispatch.ReflectionDispatch.dispatch(ReflectionDispatch.java:24) ~[gradle-tooling-api-5.6.4.jar:5.6.4]
	at org.gradle.internal.dispatch.ContextClassLoaderDispatch.dispatch(ContextClassLoaderDispatch.java:33) ~[?:?]
	at org.gradle.internal.dispatch.ProxyDispatchAdapter$DispatchingInvocationHandler.invoke(ProxyDispatchAdapter.java:94) ~[gradle-tooling-api-5.6.4.jar:5.6.4]
	at com.sun.proxy.$Proxy2.processTestClass(Unknown Source) ~[?:?]
	at org.gradle.api.internal.tasks.testing.worker.TestWorker.processTestClass(TestWorker.java:118) ~[?:?]
	at sun.reflect.NativeMethodAccessorImpl.invoke0(Native Method) ~[?:1.8.0_341]
	at sun.reflect.NativeMethodAccessorImpl.invoke(NativeMethodAccessorImpl.java:62) ~[?:1.8.0_341]
	at sun.reflect.DelegatingMethodAccessorImpl.invoke(DelegatingMethodAccessorImpl.java:43) ~[?:1.8.0_341]
	at java.lang.reflect.Method.invoke(Method.java:498) ~[?:1.8.0_341]
	at org.gradle.internal.dispatch.ReflectionDispatch.dispatch(ReflectionDispatch.java:36) ~[gradle-tooling-api-5.6.4.jar:5.6.4]
	at org.gradle.internal.dispatch.ReflectionDispatch.dispatch(ReflectionDispatch.java:24) ~[gradle-tooling-api-5.6.4.jar:5.6.4]
	at org.gradle.internal.remote.internal.hub.MessageHubBackedObjectConnection$DispatchWrapper.dispatch(MessageHubBackedObjectConnection.java:182) ~[?:?]
	at org.gradle.internal.remote.internal.hub.MessageHubBackedObjectConnection$DispatchWrapper.dispatch(MessageHubBackedObjectConnection.java:164) ~[?:?]
	at org.gradle.internal.remote.internal.hub.MessageHub$Handler.run(MessageHub.java:412) ~[?:?]
	at org.gradle.internal.concurrent.ExecutorPolicy$CatchAndRecordFailures.onExecute(ExecutorPolicy.java:64) ~[gradle-tooling-api-5.6.4.jar:5.6.4]
	at org.gradle.internal.concurrent.ManagedExecutorImpl$1.run(ManagedExecutorImpl.java:48) ~[gradle-tooling-api-5.6.4.jar:5.6.4]
	at java.util.concurrent.ThreadPoolExecutor.runWorker(ThreadPoolExecutor.java:1149) ~[?:1.8.0_341]
	at java.util.concurrent.ThreadPoolExecutor$Worker.run(ThreadPoolExecutor.java:624) ~[?:1.8.0_341]
	at org.gradle.internal.concurrent.ThreadFactoryImpl$ManagedThreadRunnable.run(ThreadFactoryImpl.java:56) ~[gradle-tooling-api-5.6.4.jar:5.6.4]
	at java.lang.Thread.run(Thread.java:750) [?:1.8.0_341]
[ERROR] 2023-02-15T11:58:12,551Z [Test worker] internal.Verifier. - Error validating transaction 99D6F097FEA5E4BBDB7E9D3C13A5C7AE82298290A7AFFF93C1B46FA1B3C914EC. {}
java.lang.IllegalArgumentException: Failed requirement: The output AppleStamp state should have clear description of the type of redeemable goods
	at net.corda.core.contracts.Requirements.using(ContractsDSL.kt:26) ~[corda-core-4.9.jar:?]
	at com.tutorial.contracts.AppleStampContract.lambda$verify$0(AppleStampContract.java:27) ~[main/:?]
	at net.corda.core.contracts.ContractsDSL.requireThat(ContractsDSL.kt:30) ~[corda-core-4.9.jar:?]
	at com.tutorial.contracts.AppleStampContract.verify(AppleStampContract.java:25) ~[main/:?]
	at net.corda.core.internal.TransactionVerifier.apply(TransactionVerifierServiceInternal.kt:507) ~[corda-core-4.9.jar:?]
	at net.corda.core.internal.AbstractVerifier.verify(TransactionVerifierServiceInternal.kt:80) ~[corda-core-4.9.jar:?]
	at net.corda.core.transactions.LedgerTransaction.verify(LedgerTransaction.kt:250) ~[corda-core-4.9.jar:?]
	at net.corda.core.transactions.TransactionBuilder.addMissingDependency(TransactionBuilder.kt:248) ~[corda-core-4.9.jar:?]
	at net.corda.core.transactions.TransactionBuilder.toWireTransactionWithContext(TransactionBuilder.kt:228) ~[corda-core-4.9.jar:?]
	at net.corda.core.transactions.TransactionBuilder.toWireTransactionWithContext$core(TransactionBuilder.kt:186) ~[corda-core-4.9.jar:?]
	at net.corda.core.transactions.TransactionBuilder.toWireTransaction(TransactionBuilder.kt:144) ~[corda-core-4.9.jar:?]
	at net.corda.testing.dsl.TestTransactionDSLInterpreter.toWireTransaction$test_utils(TestDSL.kt:146) ~[corda-test-utils-4.9.jar:?]
	at net.corda.testing.dsl.TestLedgerDSLInterpreter.recordTransactionWithTransactionMap(TestDSL.kt:313) ~[corda-test-utils-4.9.jar:?]
	at net.corda.testing.dsl.TestLedgerDSLInterpreter._transaction(TestDSL.kt:345) ~[corda-test-utils-4.9.jar:?]
	at net.corda.testing.dsl.LedgerDSL._transaction(LedgerDSLInterpreter.kt) ~[corda-test-utils-4.9.jar:?]
	at net.corda.testing.dsl.LedgerDSL.transaction(LedgerDSLInterpreter.kt:141) ~[corda-test-utils-4.9.jar:?]
	at net.corda.testing.dsl.LedgerDSL.transaction$default(LedgerDSLInterpreter.kt:139) ~[corda-test-utils-4.9.jar:?]
	at net.corda.testing.dsl.LedgerDSL.transaction(LedgerDSLInterpreter.kt) ~[corda-test-utils-4.9.jar:?]
	at com.tutorial.contracts.ContractTests.lambda$StampMustHaveDescription$8(ContractTests.java:68) ~[test/:?]
	at net.corda.testing.node.NodeTestUtils$ledger$2.invoke(NodeTestUtils.kt:39) ~[corda-node-driver-4.9.jar:?]
	at net.corda.testing.node.NodeTestUtils$ledger$2.invoke(NodeTestUtils.kt) ~[corda-node-driver-4.9.jar:?]
	at net.corda.testing.internal.InternalTestUtilsKt$withTestSerializationEnvIfNotSet$1.invoke(InternalTestUtils.kt:241) ~[corda-test-utils-4.9.jar:?]
	at net.corda.testing.internal.InternalTestUtilsKt$withTestSerializationEnvIfNotSet$1.invoke(InternalTestUtils.kt) ~[corda-test-utils-4.9.jar:?]
	at net.corda.testing.common.internal.CommonSerializationTestHelpersKt.asContextEnv(CommonSerializationTestHelpers.kt:19) ~[corda-test-common-4.9.jar:?]
	at net.corda.coretesting.internal.InternalSerializationTestHelpersKt.asTestContextEnv(InternalSerializationTestHelpers.kt:70) ~[corda-core-test-utils-4.9.jar:?]
	at net.corda.testing.internal.InternalTestUtilsKt.withTestSerializationEnvIfNotSet(InternalTestUtils.kt:241) ~[corda-test-utils-4.9.jar:?]
	at net.corda.testing.node.NodeTestUtils.ledger(NodeTestUtils.kt:36) ~[corda-node-driver-4.9.jar:?]
	at net.corda.testing.node.NodeTestUtils.ledger$default(NodeTestUtils.kt:23) ~[corda-node-driver-4.9.jar:?]
	at net.corda.testing.node.NodeTestUtils.ledger(NodeTestUtils.kt) ~[corda-node-driver-4.9.jar:?]
	at com.tutorial.contracts.ContractTests.StampMustHaveDescription(ContractTests.java:67) ~[test/:?]
	at sun.reflect.NativeMethodAccessorImpl.invoke0(Native Method) ~[?:1.8.0_341]
	at sun.reflect.NativeMethodAccessorImpl.invoke(NativeMethodAccessorImpl.java:62) ~[?:1.8.0_341]
	at sun.reflect.DelegatingMethodAccessorImpl.invoke(DelegatingMethodAccessorImpl.java:43) ~[?:1.8.0_341]
	at java.lang.reflect.Method.invoke(Method.java:498) ~[?:1.8.0_341]
	at org.junit.runners.model.FrameworkMethod$1.runReflectiveCall(FrameworkMethod.java:50) ~[junit-4.12.jar:4.12]
	at org.junit.internal.runners.model.ReflectiveCallable.run(ReflectiveCallable.java:12) ~[junit-4.12.jar:4.12]
	at org.junit.runners.model.FrameworkMethod.invokeExplosively(FrameworkMethod.java:47) ~[junit-4.12.jar:4.12]
	at org.junit.internal.runners.statements.InvokeMethod.evaluate(InvokeMethod.java:17) ~[junit-4.12.jar:4.12]
	at org.junit.runners.ParentRunner.runLeaf(ParentRunner.java:325) ~[junit-4.12.jar:4.12]
	at org.junit.runners.BlockJUnit4ClassRunner.runChild(BlockJUnit4ClassRunner.java:78) ~[junit-4.12.jar:4.12]
	at org.junit.runners.BlockJUnit4ClassRunner.runChild(BlockJUnit4ClassRunner.java:57) ~[junit-4.12.jar:4.12]
	at org.junit.runners.ParentRunner$3.run(ParentRunner.java:290) ~[junit-4.12.jar:4.12]
	at org.junit.runners.ParentRunner$1.schedule(ParentRunner.java:71) ~[junit-4.12.jar:4.12]
	at org.junit.runners.ParentRunner.runChildren(ParentRunner.java:288) ~[junit-4.12.jar:4.12]
	at org.junit.runners.ParentRunner.access$000(ParentRunner.java:58) ~[junit-4.12.jar:4.12]
	at org.junit.runners.ParentRunner$2.evaluate(ParentRunner.java:268) ~[junit-4.12.jar:4.12]
	at org.junit.runners.ParentRunner.run(ParentRunner.java:363) ~[junit-4.12.jar:4.12]
	at org.gradle.api.internal.tasks.testing.junit.JUnitTestClassExecutor.runTestClass(JUnitTestClassExecutor.java:110) ~[?:?]
	at org.gradle.api.internal.tasks.testing.junit.JUnitTestClassExecutor.execute(JUnitTestClassExecutor.java:58) ~[?:?]
	at org.gradle.api.internal.tasks.testing.junit.JUnitTestClassExecutor.execute(JUnitTestClassExecutor.java:38) ~[?:?]
	at org.gradle.api.internal.tasks.testing.junit.AbstractJUnitTestClassProcessor.processTestClass(AbstractJUnitTestClassProcessor.java:62) ~[?:?]
	at org.gradle.api.internal.tasks.testing.SuiteTestClassProcessor.processTestClass(SuiteTestClassProcessor.java:51) ~[?:?]
	at sun.reflect.NativeMethodAccessorImpl.invoke0(Native Method) ~[?:1.8.0_341]
	at sun.reflect.NativeMethodAccessorImpl.invoke(NativeMethodAccessorImpl.java:62) ~[?:1.8.0_341]
	at sun.reflect.DelegatingMethodAccessorImpl.invoke(DelegatingMethodAccessorImpl.java:43) ~[?:1.8.0_341]
	at java.lang.reflect.Method.invoke(Method.java:498) ~[?:1.8.0_341]
	at org.gradle.internal.dispatch.ReflectionDispatch.dispatch(ReflectionDispatch.java:36) ~[gradle-tooling-api-5.6.4.jar:5.6.4]
	at org.gradle.internal.dispatch.ReflectionDispatch.dispatch(ReflectionDispatch.java:24) ~[gradle-tooling-api-5.6.4.jar:5.6.4]
	at org.gradle.internal.dispatch.ContextClassLoaderDispatch.dispatch(ContextClassLoaderDispatch.java:33) ~[?:?]
	at org.gradle.internal.dispatch.ProxyDispatchAdapter$DispatchingInvocationHandler.invoke(ProxyDispatchAdapter.java:94) ~[gradle-tooling-api-5.6.4.jar:5.6.4]
	at com.sun.proxy.$Proxy2.processTestClass(Unknown Source) ~[?:?]
	at org.gradle.api.internal.tasks.testing.worker.TestWorker.processTestClass(TestWorker.java:118) ~[?:?]
	at sun.reflect.NativeMethodAccessorImpl.invoke0(Native Method) ~[?:1.8.0_341]
	at sun.reflect.NativeMethodAccessorImpl.invoke(NativeMethodAccessorImpl.java:62) ~[?:1.8.0_341]
	at sun.reflect.DelegatingMethodAccessorImpl.invoke(DelegatingMethodAccessorImpl.java:43) ~[?:1.8.0_341]
	at java.lang.reflect.Method.invoke(Method.java:498) ~[?:1.8.0_341]
	at org.gradle.internal.dispatch.ReflectionDispatch.dispatch(ReflectionDispatch.java:36) ~[gradle-tooling-api-5.6.4.jar:5.6.4]
	at org.gradle.internal.dispatch.ReflectionDispatch.dispatch(ReflectionDispatch.java:24) ~[gradle-tooling-api-5.6.4.jar:5.6.4]
	at org.gradle.internal.remote.internal.hub.MessageHubBackedObjectConnection$DispatchWrapper.dispatch(MessageHubBackedObjectConnection.java:182) ~[?:?]
	at org.gradle.internal.remote.internal.hub.MessageHubBackedObjectConnection$DispatchWrapper.dispatch(MessageHubBackedObjectConnection.java:164) ~[?:?]
	at org.gradle.internal.remote.internal.hub.MessageHub$Handler.run(MessageHub.java:412) ~[?:?]
	at org.gradle.internal.concurrent.ExecutorPolicy$CatchAndRecordFailures.onExecute(ExecutorPolicy.java:64) ~[gradle-tooling-api-5.6.4.jar:5.6.4]
	at org.gradle.internal.concurrent.ManagedExecutorImpl$1.run(ManagedExecutorImpl.java:48) ~[gradle-tooling-api-5.6.4.jar:5.6.4]
	at java.util.concurrent.ThreadPoolExecutor.runWorker(ThreadPoolExecutor.java:1149) ~[?:1.8.0_341]
	at java.util.concurrent.ThreadPoolExecutor$Worker.run(ThreadPoolExecutor.java:624) ~[?:1.8.0_341]
	at org.gradle.internal.concurrent.ThreadFactoryImpl$ManagedThreadRunnable.run(ThreadFactoryImpl.java:56) ~[gradle-tooling-api-5.6.4.jar:5.6.4]
	at java.lang.Thread.run(Thread.java:750) [?:1.8.0_341]
[INFO ] 2023-02-15T11:58:12,744Z [Test worker] cordapp.JarScanningCordappLoader. - Loading CorDapps from RestrictedURL(url=file:/C:/Users/Anvith/Dropbox/PC/Desktop/Work/Corda/samples-java/Basic/tutorial-applestamp/contracts/build/generated-custom-cordapps/20230215-115810.693-46A237DB7027E4AD/custom-cordapp_1_11_5ba1a1a5-9575-4195-bd3e-4aee467c1e9c.jar, rootPackageName=null) {}
[INFO ] 2023-02-15T11:58:12,745Z [Test worker] cordapp.JarScanningCordappLoader. - Scanning CorDapp in file:/C:/Users/Anvith/Dropbox/PC/Desktop/Work/Corda/samples-java/Basic/tutorial-applestamp/contracts/build/generated-custom-cordapps/20230215-115810.693-46A237DB7027E4AD/custom-cordapp_1_11_5ba1a1a5-9575-4195-bd3e-4aee467c1e9c.jar {}
[WARN ] 2023-02-15T11:58:12,841Z [Test worker] contracts.AttachmentConstraint. - Found state com.tutorial.contracts.TemplateContract that is constrained by the insecure: AlwaysAcceptAttachmentConstraint. {}
[ERROR] 2023-02-15T11:58:13,006Z [Test worker] internal.Verifier. - Error validating transaction 451C002574607DDA544865705EA4415BD6B8602F5B8A7CAFCA8E7ED4E74FA276. {}
java.lang.IllegalArgumentException: Failed requirement: No inputs should be consumed when sending the Hello-World message.
	at net.corda.core.contracts.Requirements.using(ContractsDSL.kt:26) ~[corda-core-4.9.jar:?]
	at com.tutorial.contracts.TemplateContract.lambda$verify$0(TemplateContract.java:33) ~[main/:?]
	at net.corda.core.contracts.ContractsDSL.requireThat(ContractsDSL.kt:30) ~[corda-core-4.9.jar:?]
	at com.tutorial.contracts.TemplateContract.verify(TemplateContract.java:32) ~[main/:?]
	at net.corda.core.internal.TransactionVerifier.apply(TransactionVerifierServiceInternal.kt:507) ~[corda-core-4.9.jar:?]
	at net.corda.core.internal.AbstractVerifier.verify(TransactionVerifierServiceInternal.kt:80) ~[corda-core-4.9.jar:?]
	at net.corda.core.transactions.LedgerTransaction.verify(LedgerTransaction.kt:250) ~[corda-core-4.9.jar:?]
	at net.corda.core.transactions.TransactionBuilder.addMissingDependency(TransactionBuilder.kt:248) ~[corda-core-4.9.jar:?]
	at net.corda.core.transactions.TransactionBuilder.toWireTransactionWithContext(TransactionBuilder.kt:228) ~[corda-core-4.9.jar:?]
	at net.corda.core.transactions.TransactionBuilder.toWireTransactionWithContext$core(TransactionBuilder.kt:186) ~[corda-core-4.9.jar:?]
	at net.corda.core.transactions.TransactionBuilder.toWireTransaction(TransactionBuilder.kt:144) ~[corda-core-4.9.jar:?]
	at net.corda.testing.dsl.TestTransactionDSLInterpreter.toWireTransaction$test_utils(TestDSL.kt:146) ~[corda-test-utils-4.9.jar:?]
	at net.corda.testing.dsl.TestTransactionDSLInterpreter.verifies(TestDSL.kt:190) ~[corda-test-utils-4.9.jar:?]
	at net.corda.testing.dsl.Verifies$DefaultImpls.failsWith(LedgerDSLInterpreter.kt:45) ~[corda-test-utils-4.9.jar:?]
	at net.corda.testing.dsl.TransactionDSLInterpreter$DefaultImpls.failsWith(TransactionDSLInterpreter.kt) ~[corda-test-utils-4.9.jar:?]
	at net.corda.testing.dsl.TestTransactionDSLInterpreter.failsWith(TestDSL.kt:80) ~[corda-test-utils-4.9.jar:?]
	at net.corda.testing.dsl.Verifies$DefaultImpls.fails(LedgerDSLInterpreter.kt:75) ~[corda-test-utils-4.9.jar:?]
	at net.corda.testing.dsl.TransactionDSLInterpreter$DefaultImpls.fails(TransactionDSLInterpreter.kt) ~[corda-test-utils-4.9.jar:?]
	at net.corda.testing.dsl.TestTransactionDSLInterpreter.fails(TestDSL.kt:80) ~[corda-test-utils-4.9.jar:?]
	at net.corda.testing.dsl.TransactionDSL.fails(TransactionDSLInterpreter.kt) ~[corda-test-utils-4.9.jar:?]
	at com.tutorial.contracts.ContractTests.lambda$null$0(ContractTests.java:29) ~[test/:?]
	at net.corda.testing.dsl.LedgerDSL$transaction$1.invoke(LedgerDSLInterpreter.kt:141) ~[corda-test-utils-4.9.jar:?]
	at net.corda.testing.dsl.LedgerDSL$transaction$1.invoke(LedgerDSLInterpreter.kt:132) ~[corda-test-utils-4.9.jar:?]
	at net.corda.testing.dsl.TestLedgerDSLInterpreter.interpretTransactionDsl(TestDSL.kt:285) ~[corda-test-utils-4.9.jar:?]
	at net.corda.testing.dsl.TestLedgerDSLInterpreter.recordTransactionWithTransactionMap(TestDSL.kt:309) ~[corda-test-utils-4.9.jar:?]
	at net.corda.testing.dsl.TestLedgerDSLInterpreter._transaction(TestDSL.kt:345) ~[corda-test-utils-4.9.jar:?]
	at net.corda.testing.dsl.LedgerDSL._transaction(LedgerDSLInterpreter.kt) ~[corda-test-utils-4.9.jar:?]
	at net.corda.testing.dsl.LedgerDSL.transaction(LedgerDSLInterpreter.kt:141) ~[corda-test-utils-4.9.jar:?]
	at net.corda.testing.dsl.LedgerDSL.transaction$default(LedgerDSLInterpreter.kt:139) ~[corda-test-utils-4.9.jar:?]
	at net.corda.testing.dsl.LedgerDSL.transaction(LedgerDSLInterpreter.kt) ~[corda-test-utils-4.9.jar:?]
	at com.tutorial.contracts.ContractTests.lambda$issuerAndRecipientCannotHaveSameEmail$2(ContractTests.java:25) ~[test/:?]
	at net.corda.testing.node.NodeTestUtils$ledger$2.invoke(NodeTestUtils.kt:39) ~[corda-node-driver-4.9.jar:?]
	at net.corda.testing.node.NodeTestUtils$ledger$2.invoke(NodeTestUtils.kt) ~[corda-node-driver-4.9.jar:?]
	at net.corda.testing.internal.InternalTestUtilsKt$withTestSerializationEnvIfNotSet$1.invoke(InternalTestUtils.kt:241) ~[corda-test-utils-4.9.jar:?]
	at net.corda.testing.internal.InternalTestUtilsKt$withTestSerializationEnvIfNotSet$1.invoke(InternalTestUtils.kt) ~[corda-test-utils-4.9.jar:?]
	at net.corda.testing.common.internal.CommonSerializationTestHelpersKt.asContextEnv(CommonSerializationTestHelpers.kt:19) ~[corda-test-common-4.9.jar:?]
	at net.corda.coretesting.internal.InternalSerializationTestHelpersKt.asTestContextEnv(InternalSerializationTestHelpers.kt:70) ~[corda-core-test-utils-4.9.jar:?]
	at net.corda.testing.internal.InternalTestUtilsKt.withTestSerializationEnvIfNotSet(InternalTestUtils.kt:241) ~[corda-test-utils-4.9.jar:?]
	at net.corda.testing.node.NodeTestUtils.ledger(NodeTestUtils.kt:36) ~[corda-node-driver-4.9.jar:?]
	at net.corda.testing.node.NodeTestUtils.ledger$default(NodeTestUtils.kt:23) ~[corda-node-driver-4.9.jar:?]
	at net.corda.testing.node.NodeTestUtils.ledger(NodeTestUtils.kt) ~[corda-node-driver-4.9.jar:?]
	at com.tutorial.contracts.ContractTests.issuerAndRecipientCannotHaveSameEmail(ContractTests.java:24) ~[test/:?]
	at sun.reflect.NativeMethodAccessorImpl.invoke0(Native Method) ~[?:1.8.0_341]
	at sun.reflect.NativeMethodAccessorImpl.invoke(NativeMethodAccessorImpl.java:62) ~[?:1.8.0_341]
	at sun.reflect.DelegatingMethodAccessorImpl.invoke(DelegatingMethodAccessorImpl.java:43) ~[?:1.8.0_341]
	at java.lang.reflect.Method.invoke(Method.java:498) ~[?:1.8.0_341]
	at org.junit.runners.model.FrameworkMethod$1.runReflectiveCall(FrameworkMethod.java:50) ~[junit-4.12.jar:4.12]
	at org.junit.internal.runners.model.ReflectiveCallable.run(ReflectiveCallable.java:12) ~[junit-4.12.jar:4.12]
	at org.junit.runners.model.FrameworkMethod.invokeExplosively(FrameworkMethod.java:47) ~[junit-4.12.jar:4.12]
	at org.junit.internal.runners.statements.InvokeMethod.evaluate(InvokeMethod.java:17) ~[junit-4.12.jar:4.12]
	at org.junit.runners.ParentRunner.runLeaf(ParentRunner.java:325) ~[junit-4.12.jar:4.12]
	at org.junit.runners.BlockJUnit4ClassRunner.runChild(BlockJUnit4ClassRunner.java:78) ~[junit-4.12.jar:4.12]
	at org.junit.runners.BlockJUnit4ClassRunner.runChild(BlockJUnit4ClassRunner.java:57) ~[junit-4.12.jar:4.12]
	at org.junit.runners.ParentRunner$3.run(ParentRunner.java:290) ~[junit-4.12.jar:4.12]
	at org.junit.runners.ParentRunner$1.schedule(ParentRunner.java:71) ~[junit-4.12.jar:4.12]
	at org.junit.runners.ParentRunner.runChildren(ParentRunner.java:288) ~[junit-4.12.jar:4.12]
	at org.junit.runners.ParentRunner.access$000(ParentRunner.java:58) ~[junit-4.12.jar:4.12]
	at org.junit.runners.ParentRunner$2.evaluate(ParentRunner.java:268) ~[junit-4.12.jar:4.12]
	at org.junit.runners.ParentRunner.run(ParentRunner.java:363) ~[junit-4.12.jar:4.12]
	at org.gradle.api.internal.tasks.testing.junit.JUnitTestClassExecutor.runTestClass(JUnitTestClassExecutor.java:110) ~[?:?]
	at org.gradle.api.internal.tasks.testing.junit.JUnitTestClassExecutor.execute(JUnitTestClassExecutor.java:58) ~[?:?]
	at org.gradle.api.internal.tasks.testing.junit.JUnitTestClassExecutor.execute(JUnitTestClassExecutor.java:38) ~[?:?]
	at org.gradle.api.internal.tasks.testing.junit.AbstractJUnitTestClassProcessor.processTestClass(AbstractJUnitTestClassProcessor.java:62) ~[?:?]
	at org.gradle.api.internal.tasks.testing.SuiteTestClassProcessor.processTestClass(SuiteTestClassProcessor.java:51) ~[?:?]
	at sun.reflect.NativeMethodAccessorImpl.invoke0(Native Method) ~[?:1.8.0_341]
	at sun.reflect.NativeMethodAccessorImpl.invoke(NativeMethodAccessorImpl.java:62) ~[?:1.8.0_341]
	at sun.reflect.DelegatingMethodAccessorImpl.invoke(DelegatingMethodAccessorImpl.java:43) ~[?:1.8.0_341]
	at java.lang.reflect.Method.invoke(Method.java:498) ~[?:1.8.0_341]
	at org.gradle.internal.dispatch.ReflectionDispatch.dispatch(ReflectionDispatch.java:36) ~[gradle-tooling-api-5.6.4.jar:5.6.4]
	at org.gradle.internal.dispatch.ReflectionDispatch.dispatch(ReflectionDispatch.java:24) ~[gradle-tooling-api-5.6.4.jar:5.6.4]
	at org.gradle.internal.dispatch.ContextClassLoaderDispatch.dispatch(ContextClassLoaderDispatch.java:33) ~[?:?]
	at org.gradle.internal.dispatch.ProxyDispatchAdapter$DispatchingInvocationHandler.invoke(ProxyDispatchAdapter.java:94) ~[gradle-tooling-api-5.6.4.jar:5.6.4]
	at com.sun.proxy.$Proxy2.processTestClass(Unknown Source) ~[?:?]
	at org.gradle.api.internal.tasks.testing.worker.TestWorker.processTestClass(TestWorker.java:118) ~[?:?]
	at sun.reflect.NativeMethodAccessorImpl.invoke0(Native Method) ~[?:1.8.0_341]
	at sun.reflect.NativeMethodAccessorImpl.invoke(NativeMethodAccessorImpl.java:62) ~[?:1.8.0_341]
	at sun.reflect.DelegatingMethodAccessorImpl.invoke(DelegatingMethodAccessorImpl.java:43) ~[?:1.8.0_341]
	at java.lang.reflect.Method.invoke(Method.java:498) ~[?:1.8.0_341]
	at org.gradle.internal.dispatch.ReflectionDispatch.dispatch(ReflectionDispatch.java:36) ~[gradle-tooling-api-5.6.4.jar:5.6.4]
	at org.gradle.internal.dispatch.ReflectionDispatch.dispatch(ReflectionDispatch.java:24) ~[gradle-tooling-api-5.6.4.jar:5.6.4]
	at org.gradle.internal.remote.internal.hub.MessageHubBackedObjectConnection$DispatchWrapper.dispatch(MessageHubBackedObjectConnection.java:182) ~[?:?]
	at org.gradle.internal.remote.internal.hub.MessageHubBackedObjectConnection$DispatchWrapper.dispatch(MessageHubBackedObjectConnection.java:164) ~[?:?]
	at org.gradle.internal.remote.internal.hub.MessageHub$Handler.run(MessageHub.java:412) ~[?:?]
	at org.gradle.internal.concurrent.ExecutorPolicy$CatchAndRecordFailures.onExecute(ExecutorPolicy.java:64) ~[gradle-tooling-api-5.6.4.jar:5.6.4]
	at org.gradle.internal.concurrent.ManagedExecutorImpl$1.run(ManagedExecutorImpl.java:48) ~[gradle-tooling-api-5.6.4.jar:5.6.4]
	at java.util.concurrent.ThreadPoolExecutor.runWorker(ThreadPoolExecutor.java:1149) ~[?:1.8.0_341]
	at java.util.concurrent.ThreadPoolExecutor$Worker.run(ThreadPoolExecutor.java:624) ~[?:1.8.0_341]
	at org.gradle.internal.concurrent.ThreadFactoryImpl$ManagedThreadRunnable.run(ThreadFactoryImpl.java:56) ~[gradle-tooling-api-5.6.4.jar:5.6.4]
	at java.lang.Thread.run(Thread.java:750) [?:1.8.0_341]
[ERROR] 2023-02-15T11:58:13,009Z [Test worker] internal.Verifier. - Error validating transaction 451C002574607DDA544865705EA4415BD6B8602F5B8A7CAFCA8E7ED4E74FA276. {}
java.lang.IllegalArgumentException: Failed requirement: No inputs should be consumed when sending the Hello-World message.
	at net.corda.core.contracts.Requirements.using(ContractsDSL.kt:26) ~[corda-core-4.9.jar:?]
	at com.tutorial.contracts.TemplateContract.lambda$verify$0(TemplateContract.java:33) ~[main/:?]
	at net.corda.core.contracts.ContractsDSL.requireThat(ContractsDSL.kt:30) ~[corda-core-4.9.jar:?]
	at com.tutorial.contracts.TemplateContract.verify(TemplateContract.java:32) ~[main/:?]
	at net.corda.core.internal.TransactionVerifier.apply(TransactionVerifierServiceInternal.kt:507) ~[corda-core-4.9.jar:?]
	at net.corda.core.internal.AbstractVerifier.verify(TransactionVerifierServiceInternal.kt:80) ~[corda-core-4.9.jar:?]
	at net.corda.core.transactions.LedgerTransaction.verify(LedgerTransaction.kt:250) ~[corda-core-4.9.jar:?]
	at net.corda.testing.dsl.TestTransactionDSLInterpreter.verifies(TestDSL.kt:190) ~[corda-test-utils-4.9.jar:?]
	at net.corda.testing.dsl.Verifies$DefaultImpls.failsWith(LedgerDSLInterpreter.kt:45) ~[corda-test-utils-4.9.jar:?]
	at net.corda.testing.dsl.TransactionDSLInterpreter$DefaultImpls.failsWith(TransactionDSLInterpreter.kt) ~[corda-test-utils-4.9.jar:?]
	at net.corda.testing.dsl.TestTransactionDSLInterpreter.failsWith(TestDSL.kt:80) ~[corda-test-utils-4.9.jar:?]
	at net.corda.testing.dsl.Verifies$DefaultImpls.fails(LedgerDSLInterpreter.kt:75) ~[corda-test-utils-4.9.jar:?]
	at net.corda.testing.dsl.TransactionDSLInterpreter$DefaultImpls.fails(TransactionDSLInterpreter.kt) ~[corda-test-utils-4.9.jar:?]
	at net.corda.testing.dsl.TestTransactionDSLInterpreter.fails(TestDSL.kt:80) ~[corda-test-utils-4.9.jar:?]
	at net.corda.testing.dsl.TransactionDSL.fails(TransactionDSLInterpreter.kt) ~[corda-test-utils-4.9.jar:?]
	at com.tutorial.contracts.ContractTests.lambda$null$0(ContractTests.java:29) ~[test/:?]
	at net.corda.testing.dsl.LedgerDSL$transaction$1.invoke(LedgerDSLInterpreter.kt:141) ~[corda-test-utils-4.9.jar:?]
	at net.corda.testing.dsl.LedgerDSL$transaction$1.invoke(LedgerDSLInterpreter.kt:132) ~[corda-test-utils-4.9.jar:?]
	at net.corda.testing.dsl.TestLedgerDSLInterpreter.interpretTransactionDsl(TestDSL.kt:285) ~[corda-test-utils-4.9.jar:?]
	at net.corda.testing.dsl.TestLedgerDSLInterpreter.recordTransactionWithTransactionMap(TestDSL.kt:309) ~[corda-test-utils-4.9.jar:?]
	at net.corda.testing.dsl.TestLedgerDSLInterpreter._transaction(TestDSL.kt:345) ~[corda-test-utils-4.9.jar:?]
	at net.corda.testing.dsl.LedgerDSL._transaction(LedgerDSLInterpreter.kt) ~[corda-test-utils-4.9.jar:?]
	at net.corda.testing.dsl.LedgerDSL.transaction(LedgerDSLInterpreter.kt:141) ~[corda-test-utils-4.9.jar:?]
	at net.corda.testing.dsl.LedgerDSL.transaction$default(LedgerDSLInterpreter.kt:139) ~[corda-test-utils-4.9.jar:?]
	at net.corda.testing.dsl.LedgerDSL.transaction(LedgerDSLInterpreter.kt) ~[corda-test-utils-4.9.jar:?]
	at com.tutorial.contracts.ContractTests.lambda$issuerAndRecipientCannotHaveSameEmail$2(ContractTests.java:25) ~[test/:?]
	at net.corda.testing.node.NodeTestUtils$ledger$2.invoke(NodeTestUtils.kt:39) ~[corda-node-driver-4.9.jar:?]
	at net.corda.testing.node.NodeTestUtils$ledger$2.invoke(NodeTestUtils.kt) ~[corda-node-driver-4.9.jar:?]
	at net.corda.testing.internal.InternalTestUtilsKt$withTestSerializationEnvIfNotSet$1.invoke(InternalTestUtils.kt:241) ~[corda-test-utils-4.9.jar:?]
	at net.corda.testing.internal.InternalTestUtilsKt$withTestSerializationEnvIfNotSet$1.invoke(InternalTestUtils.kt) ~[corda-test-utils-4.9.jar:?]
	at net.corda.testing.common.internal.CommonSerializationTestHelpersKt.asContextEnv(CommonSerializationTestHelpers.kt:19) ~[corda-test-common-4.9.jar:?]
	at net.corda.coretesting.internal.InternalSerializationTestHelpersKt.asTestContextEnv(InternalSerializationTestHelpers.kt:70) ~[corda-core-test-utils-4.9.jar:?]
	at net.corda.testing.internal.InternalTestUtilsKt.withTestSerializationEnvIfNotSet(InternalTestUtils.kt:241) ~[corda-test-utils-4.9.jar:?]
	at net.corda.testing.node.NodeTestUtils.ledger(NodeTestUtils.kt:36) ~[corda-node-driver-4.9.jar:?]
	at net.corda.testing.node.NodeTestUtils.ledger$default(NodeTestUtils.kt:23) ~[corda-node-driver-4.9.jar:?]
	at net.corda.testing.node.NodeTestUtils.ledger(NodeTestUtils.kt) ~[corda-node-driver-4.9.jar:?]
	at com.tutorial.contracts.ContractTests.issuerAndRecipientCannotHaveSameEmail(ContractTests.java:24) ~[test/:?]
	at sun.reflect.NativeMethodAccessorImpl.invoke0(Native Method) ~[?:1.8.0_341]
	at sun.reflect.NativeMethodAccessorImpl.invoke(NativeMethodAccessorImpl.java:62) ~[?:1.8.0_341]
	at sun.reflect.DelegatingMethodAccessorImpl.invoke(DelegatingMethodAccessorImpl.java:43) ~[?:1.8.0_341]
	at java.lang.reflect.Method.invoke(Method.java:498) ~[?:1.8.0_341]
	at org.junit.runners.model.FrameworkMethod$1.runReflectiveCall(FrameworkMethod.java:50) ~[junit-4.12.jar:4.12]
	at org.junit.internal.runners.model.ReflectiveCallable.run(ReflectiveCallable.java:12) ~[junit-4.12.jar:4.12]
	at org.junit.runners.model.FrameworkMethod.invokeExplosively(FrameworkMethod.java:47) ~[junit-4.12.jar:4.12]
	at org.junit.internal.runners.statements.InvokeMethod.evaluate(InvokeMethod.java:17) ~[junit-4.12.jar:4.12]
	at org.junit.runners.ParentRunner.runLeaf(ParentRunner.java:325) ~[junit-4.12.jar:4.12]
	at org.junit.runners.BlockJUnit4ClassRunner.runChild(BlockJUnit4ClassRunner.java:78) ~[junit-4.12.jar:4.12]
	at org.junit.runners.BlockJUnit4ClassRunner.runChild(BlockJUnit4ClassRunner.java:57) ~[junit-4.12.jar:4.12]
	at org.junit.runners.ParentRunner$3.run(ParentRunner.java:290) ~[junit-4.12.jar:4.12]
	at org.junit.runners.ParentRunner$1.schedule(ParentRunner.java:71) ~[junit-4.12.jar:4.12]
	at org.junit.runners.ParentRunner.runChildren(ParentRunner.java:288) ~[junit-4.12.jar:4.12]
	at org.junit.runners.ParentRunner.access$000(ParentRunner.java:58) ~[junit-4.12.jar:4.12]
	at org.junit.runners.ParentRunner$2.evaluate(ParentRunner.java:268) ~[junit-4.12.jar:4.12]
	at org.junit.runners.ParentRunner.run(ParentRunner.java:363) ~[junit-4.12.jar:4.12]
	at org.gradle.api.internal.tasks.testing.junit.JUnitTestClassExecutor.runTestClass(JUnitTestClassExecutor.java:110) ~[?:?]
	at org.gradle.api.internal.tasks.testing.junit.JUnitTestClassExecutor.execute(JUnitTestClassExecutor.java:58) ~[?:?]
	at org.gradle.api.internal.tasks.testing.junit.JUnitTestClassExecutor.execute(JUnitTestClassExecutor.java:38) ~[?:?]
	at org.gradle.api.internal.tasks.testing.junit.AbstractJUnitTestClassProcessor.processTestClass(AbstractJUnitTestClassProcessor.java:62) ~[?:?]
	at org.gradle.api.internal.tasks.testing.SuiteTestClassProcessor.processTestClass(SuiteTestClassProcessor.java:51) ~[?:?]
	at sun.reflect.NativeMethodAccessorImpl.invoke0(Native Method) ~[?:1.8.0_341]
	at sun.reflect.NativeMethodAccessorImpl.invoke(NativeMethodAccessorImpl.java:62) ~[?:1.8.0_341]
	at sun.reflect.DelegatingMethodAccessorImpl.invoke(DelegatingMethodAccessorImpl.java:43) ~[?:1.8.0_341]
	at java.lang.reflect.Method.invoke(Method.java:498) ~[?:1.8.0_341]
	at org.gradle.internal.dispatch.ReflectionDispatch.dispatch(ReflectionDispatch.java:36) ~[gradle-tooling-api-5.6.4.jar:5.6.4]
	at org.gradle.internal.dispatch.ReflectionDispatch.dispatch(ReflectionDispatch.java:24) ~[gradle-tooling-api-5.6.4.jar:5.6.4]
	at org.gradle.internal.dispatch.ContextClassLoaderDispatch.dispatch(ContextClassLoaderDispatch.java:33) ~[?:?]
	at org.gradle.internal.dispatch.ProxyDispatchAdapter$DispatchingInvocationHandler.invoke(ProxyDispatchAdapter.java:94) ~[gradle-tooling-api-5.6.4.jar:5.6.4]
	at com.sun.proxy.$Proxy2.processTestClass(Unknown Source) ~[?:?]
	at org.gradle.api.internal.tasks.testing.worker.TestWorker.processTestClass(TestWorker.java:118) ~[?:?]
	at sun.reflect.NativeMethodAccessorImpl.invoke0(Native Method) ~[?:1.8.0_341]
	at sun.reflect.NativeMethodAccessorImpl.invoke(NativeMethodAccessorImpl.java:62) ~[?:1.8.0_341]
	at sun.reflect.DelegatingMethodAccessorImpl.invoke(DelegatingMethodAccessorImpl.java:43) ~[?:1.8.0_341]
	at java.lang.reflect.Method.invoke(Method.java:498) ~[?:1.8.0_341]
	at org.gradle.internal.dispatch.ReflectionDispatch.dispatch(ReflectionDispatch.java:36) ~[gradle-tooling-api-5.6.4.jar:5.6.4]
	at org.gradle.internal.dispatch.ReflectionDispatch.dispatch(ReflectionDispatch.java:24) ~[gradle-tooling-api-5.6.4.jar:5.6.4]
	at org.gradle.internal.remote.internal.hub.MessageHubBackedObjectConnection$DispatchWrapper.dispatch(MessageHubBackedObjectConnection.java:182) ~[?:?]
	at org.gradle.internal.remote.internal.hub.MessageHubBackedObjectConnection$DispatchWrapper.dispatch(MessageHubBackedObjectConnection.java:164) ~[?:?]
	at org.gradle.internal.remote.internal.hub.MessageHub$Handler.run(MessageHub.java:412) ~[?:?]
	at org.gradle.internal.concurrent.ExecutorPolicy$CatchAndRecordFailures.onExecute(ExecutorPolicy.java:64) ~[gradle-tooling-api-5.6.4.jar:5.6.4]
	at org.gradle.internal.concurrent.ManagedExecutorImpl$1.run(ManagedExecutorImpl.java:48) ~[gradle-tooling-api-5.6.4.jar:5.6.4]
	at java.util.concurrent.ThreadPoolExecutor.runWorker(ThreadPoolExecutor.java:1149) ~[?:1.8.0_341]
	at java.util.concurrent.ThreadPoolExecutor$Worker.run(ThreadPoolExecutor.java:624) ~[?:1.8.0_341]
	at org.gradle.internal.concurrent.ThreadFactoryImpl$ManagedThreadRunnable.run(ThreadFactoryImpl.java:56) ~[gradle-tooling-api-5.6.4.jar:5.6.4]
	at java.lang.Thread.run(Thread.java:750) [?:1.8.0_341]
[ERROR] 2023-02-15T11:58:13,015Z [Test worker] internal.Verifier. - Error validating transaction 451C002574607DDA544865705EA4415BD6B8602F5B8A7CAFCA8E7ED4E74FA276. {}
java.lang.IllegalArgumentException: Failed requirement: No inputs should be consumed when sending the Hello-World message.
	at net.corda.core.contracts.Requirements.using(ContractsDSL.kt:26) ~[corda-core-4.9.jar:?]
	at com.tutorial.contracts.TemplateContract.lambda$verify$0(TemplateContract.java:33) ~[main/:?]
	at net.corda.core.contracts.ContractsDSL.requireThat(ContractsDSL.kt:30) ~[corda-core-4.9.jar:?]
	at com.tutorial.contracts.TemplateContract.verify(TemplateContract.java:32) ~[main/:?]
	at net.corda.core.internal.TransactionVerifier.apply(TransactionVerifierServiceInternal.kt:507) ~[corda-core-4.9.jar:?]
	at net.corda.core.internal.AbstractVerifier.verify(TransactionVerifierServiceInternal.kt:80) ~[corda-core-4.9.jar:?]
	at net.corda.core.transactions.LedgerTransaction.verify(LedgerTransaction.kt:250) ~[corda-core-4.9.jar:?]
	at net.corda.core.transactions.TransactionBuilder.addMissingDependency(TransactionBuilder.kt:248) ~[corda-core-4.9.jar:?]
	at net.corda.core.transactions.TransactionBuilder.toWireTransactionWithContext(TransactionBuilder.kt:228) ~[corda-core-4.9.jar:?]
	at net.corda.core.transactions.TransactionBuilder.toWireTransactionWithContext$core(TransactionBuilder.kt:186) ~[corda-core-4.9.jar:?]
	at net.corda.core.transactions.TransactionBuilder.toWireTransaction(TransactionBuilder.kt:144) ~[corda-core-4.9.jar:?]
	at net.corda.testing.dsl.TestTransactionDSLInterpreter.toWireTransaction$test_utils(TestDSL.kt:146) ~[corda-test-utils-4.9.jar:?]
	at net.corda.testing.dsl.TestLedgerDSLInterpreter.recordTransactionWithTransactionMap(TestDSL.kt:313) ~[corda-test-utils-4.9.jar:?]
	at net.corda.testing.dsl.TestLedgerDSLInterpreter._transaction(TestDSL.kt:345) ~[corda-test-utils-4.9.jar:?]
	at net.corda.testing.dsl.LedgerDSL._transaction(LedgerDSLInterpreter.kt) ~[corda-test-utils-4.9.jar:?]
	at net.corda.testing.dsl.LedgerDSL.transaction(LedgerDSLInterpreter.kt:141) ~[corda-test-utils-4.9.jar:?]
	at net.corda.testing.dsl.LedgerDSL.transaction$default(LedgerDSLInterpreter.kt:139) ~[corda-test-utils-4.9.jar:?]
	at net.corda.testing.dsl.LedgerDSL.transaction(LedgerDSLInterpreter.kt) ~[corda-test-utils-4.9.jar:?]
	at com.tutorial.contracts.ContractTests.lambda$issuerAndRecipientCannotHaveSameEmail$2(ContractTests.java:25) ~[test/:?]
	at net.corda.testing.node.NodeTestUtils$ledger$2.invoke(NodeTestUtils.kt:39) ~[corda-node-driver-4.9.jar:?]
	at net.corda.testing.node.NodeTestUtils$ledger$2.invoke(NodeTestUtils.kt) ~[corda-node-driver-4.9.jar:?]
	at net.corda.testing.internal.InternalTestUtilsKt$withTestSerializationEnvIfNotSet$1.invoke(InternalTestUtils.kt:241) ~[corda-test-utils-4.9.jar:?]
	at net.corda.testing.internal.InternalTestUtilsKt$withTestSerializationEnvIfNotSet$1.invoke(InternalTestUtils.kt) ~[corda-test-utils-4.9.jar:?]
	at net.corda.testing.common.internal.CommonSerializationTestHelpersKt.asContextEnv(CommonSerializationTestHelpers.kt:19) ~[corda-test-common-4.9.jar:?]
	at net.corda.coretesting.internal.InternalSerializationTestHelpersKt.asTestContextEnv(InternalSerializationTestHelpers.kt:70) ~[corda-core-test-utils-4.9.jar:?]
	at net.corda.testing.internal.InternalTestUtilsKt.withTestSerializationEnvIfNotSet(InternalTestUtils.kt:241) ~[corda-test-utils-4.9.jar:?]
	at net.corda.testing.node.NodeTestUtils.ledger(NodeTestUtils.kt:36) ~[corda-node-driver-4.9.jar:?]
	at net.corda.testing.node.NodeTestUtils.ledger$default(NodeTestUtils.kt:23) ~[corda-node-driver-4.9.jar:?]
	at net.corda.testing.node.NodeTestUtils.ledger(NodeTestUtils.kt) ~[corda-node-driver-4.9.jar:?]
	at com.tutorial.contracts.ContractTests.issuerAndRecipientCannotHaveSameEmail(ContractTests.java:24) ~[test/:?]
	at sun.reflect.NativeMethodAccessorImpl.invoke0(Native Method) ~[?:1.8.0_341]
	at sun.reflect.NativeMethodAccessorImpl.invoke(NativeMethodAccessorImpl.java:62) ~[?:1.8.0_341]
	at sun.reflect.DelegatingMethodAccessorImpl.invoke(DelegatingMethodAccessorImpl.java:43) ~[?:1.8.0_341]
	at java.lang.reflect.Method.invoke(Method.java:498) ~[?:1.8.0_341]
	at org.junit.runners.model.FrameworkMethod$1.runReflectiveCall(FrameworkMethod.java:50) ~[junit-4.12.jar:4.12]
	at org.junit.internal.runners.model.ReflectiveCallable.run(ReflectiveCallable.java:12) ~[junit-4.12.jar:4.12]
	at org.junit.runners.model.FrameworkMethod.invokeExplosively(FrameworkMethod.java:47) ~[junit-4.12.jar:4.12]
	at org.junit.internal.runners.statements.InvokeMethod.evaluate(InvokeMethod.java:17) ~[junit-4.12.jar:4.12]
	at org.junit.runners.ParentRunner.runLeaf(ParentRunner.java:325) ~[junit-4.12.jar:4.12]
	at org.junit.runners.BlockJUnit4ClassRunner.runChild(BlockJUnit4ClassRunner.java:78) ~[junit-4.12.jar:4.12]
	at org.junit.runners.BlockJUnit4ClassRunner.runChild(BlockJUnit4ClassRunner.java:57) ~[junit-4.12.jar:4.12]
	at org.junit.runners.ParentRunner$3.run(ParentRunner.java:290) ~[junit-4.12.jar:4.12]
	at org.junit.runners.ParentRunner$1.schedule(ParentRunner.java:71) ~[junit-4.12.jar:4.12]
	at org.junit.runners.ParentRunner.runChildren(ParentRunner.java:288) ~[junit-4.12.jar:4.12]
	at org.junit.runners.ParentRunner.access$000(ParentRunner.java:58) ~[junit-4.12.jar:4.12]
	at org.junit.runners.ParentRunner$2.evaluate(ParentRunner.java:268) ~[junit-4.12.jar:4.12]
	at org.junit.runners.ParentRunner.run(ParentRunner.java:363) ~[junit-4.12.jar:4.12]
	at org.gradle.api.internal.tasks.testing.junit.JUnitTestClassExecutor.runTestClass(JUnitTestClassExecutor.java:110) ~[?:?]
	at org.gradle.api.internal.tasks.testing.junit.JUnitTestClassExecutor.execute(JUnitTestClassExecutor.java:58) ~[?:?]
	at org.gradle.api.internal.tasks.testing.junit.JUnitTestClassExecutor.execute(JUnitTestClassExecutor.java:38) ~[?:?]
	at org.gradle.api.internal.tasks.testing.junit.AbstractJUnitTestClassProcessor.processTestClass(AbstractJUnitTestClassProcessor.java:62) ~[?:?]
	at org.gradle.api.internal.tasks.testing.SuiteTestClassProcessor.processTestClass(SuiteTestClassProcessor.java:51) ~[?:?]
	at sun.reflect.NativeMethodAccessorImpl.invoke0(Native Method) ~[?:1.8.0_341]
	at sun.reflect.NativeMethodAccessorImpl.invoke(NativeMethodAccessorImpl.java:62) ~[?:1.8.0_341]
	at sun.reflect.DelegatingMethodAccessorImpl.invoke(DelegatingMethodAccessorImpl.java:43) ~[?:1.8.0_341]
	at java.lang.reflect.Method.invoke(Method.java:498) ~[?:1.8.0_341]
	at org.gradle.internal.dispatch.ReflectionDispatch.dispatch(ReflectionDispatch.java:36) ~[gradle-tooling-api-5.6.4.jar:5.6.4]
	at org.gradle.internal.dispatch.ReflectionDispatch.dispatch(ReflectionDispatch.java:24) ~[gradle-tooling-api-5.6.4.jar:5.6.4]
	at org.gradle.internal.dispatch.ContextClassLoaderDispatch.dispatch(ContextClassLoaderDispatch.java:33) ~[?:?]
	at org.gradle.internal.dispatch.ProxyDispatchAdapter$DispatchingInvocationHandler.invoke(ProxyDispatchAdapter.java:94) ~[gradle-tooling-api-5.6.4.jar:5.6.4]
	at com.sun.proxy.$Proxy2.processTestClass(Unknown Source) ~[?:?]
	at org.gradle.api.internal.tasks.testing.worker.TestWorker.processTestClass(TestWorker.java:118) ~[?:?]
	at sun.reflect.NativeMethodAccessorImpl.invoke0(Native Method) ~[?:1.8.0_341]
	at sun.reflect.NativeMethodAccessorImpl.invoke(NativeMethodAccessorImpl.java:62) ~[?:1.8.0_341]
	at sun.reflect.DelegatingMethodAccessorImpl.invoke(DelegatingMethodAccessorImpl.java:43) ~[?:1.8.0_341]
	at java.lang.reflect.Method.invoke(Method.java:498) ~[?:1.8.0_341]
	at org.gradle.internal.dispatch.ReflectionDispatch.dispatch(ReflectionDispatch.java:36) ~[gradle-tooling-api-5.6.4.jar:5.6.4]
	at org.gradle.internal.dispatch.ReflectionDispatch.dispatch(ReflectionDispatch.java:24) ~[gradle-tooling-api-5.6.4.jar:5.6.4]
	at org.gradle.internal.remote.internal.hub.MessageHubBackedObjectConnection$DispatchWrapper.dispatch(MessageHubBackedObjectConnection.java:182) ~[?:?]
	at org.gradle.internal.remote.internal.hub.MessageHubBackedObjectConnection$DispatchWrapper.dispatch(MessageHubBackedObjectConnection.java:164) ~[?:?]
	at org.gradle.internal.remote.internal.hub.MessageHub$Handler.run(MessageHub.java:412) ~[?:?]
	at org.gradle.internal.concurrent.ExecutorPolicy$CatchAndRecordFailures.onExecute(ExecutorPolicy.java:64) ~[gradle-tooling-api-5.6.4.jar:5.6.4]
	at org.gradle.internal.concurrent.ManagedExecutorImpl$1.run(ManagedExecutorImpl.java:48) ~[gradle-tooling-api-5.6.4.jar:5.6.4]
	at java.util.concurrent.ThreadPoolExecutor.runWorker(ThreadPoolExecutor.java:1149) ~[?:1.8.0_341]
	at java.util.concurrent.ThreadPoolExecutor$Worker.run(ThreadPoolExecutor.java:624) ~[?:1.8.0_341]
	at org.gradle.internal.concurrent.ThreadFactoryImpl$ManagedThreadRunnable.run(ThreadFactoryImpl.java:56) ~[gradle-tooling-api-5.6.4.jar:5.6.4]
	at java.lang.Thread.run(Thread.java:750) [?:1.8.0_341]
[INFO ] 2023-02-15T11:58:13,069Z [Test worker] cordapp.JarScanningCordappLoader. - Loading CorDapps from RestrictedURL(url=file:/C:/Users/Anvith/Dropbox/PC/Desktop/Work/Corda/samples-java/Basic/tutorial-applestamp/contracts/build/generated-custom-cordapps/20230215-115810.693-46A237DB7027E4AD/custom-cordapp_1_11_5ba1a1a5-9575-4195-bd3e-4aee467c1e9c.jar, rootPackageName=null) {}
[INFO ] 2023-02-15T11:58:13,069Z [Test worker] cordapp.JarScanningCordappLoader. - Scanning CorDapp in file:/C:/Users/Anvith/Dropbox/PC/Desktop/Work/Corda/samples-java/Basic/tutorial-applestamp/contracts/build/generated-custom-cordapps/20230215-115810.693-46A237DB7027E4AD/custom-cordapp_1_11_5ba1a1a5-9575-4195-bd3e-4aee467c1e9c.jar {}
[ERROR] 2023-02-15T11:58:13,192Z [Test worker] internal.Verifier. - Error validating transaction 646A0C783F29F743CB863597797B5B3298056D612846164CB810F7D6ED569A5E. {}
java.lang.IllegalArgumentException: Failed requirement: This transaction should only have one AppleStamp state as output
	at net.corda.core.contracts.Requirements.using(ContractsDSL.kt:26) ~[corda-core-4.9.jar:?]
	at com.tutorial.contracts.AppleStampContract.lambda$verify$0(AppleStampContract.java:26) ~[main/:?]
	at net.corda.core.contracts.ContractsDSL.requireThat(ContractsDSL.kt:30) ~[corda-core-4.9.jar:?]
	at com.tutorial.contracts.AppleStampContract.verify(AppleStampContract.java:25) ~[main/:?]
	at net.corda.core.internal.TransactionVerifier.apply(TransactionVerifierServiceInternal.kt:507) ~[corda-core-4.9.jar:?]
	at net.corda.core.internal.AbstractVerifier.verify(TransactionVerifierServiceInternal.kt:80) ~[corda-core-4.9.jar:?]
	at net.corda.core.transactions.LedgerTransaction.verify(LedgerTransaction.kt:250) ~[corda-core-4.9.jar:?]
	at net.corda.core.transactions.TransactionBuilder.addMissingDependency(TransactionBuilder.kt:248) ~[corda-core-4.9.jar:?]
	at net.corda.core.transactions.TransactionBuilder.toWireTransactionWithContext(TransactionBuilder.kt:228) ~[corda-core-4.9.jar:?]
	at net.corda.core.transactions.TransactionBuilder.toWireTransactionWithContext$core(TransactionBuilder.kt:186) ~[corda-core-4.9.jar:?]
	at net.corda.core.transactions.TransactionBuilder.toWireTransaction(TransactionBuilder.kt:144) ~[corda-core-4.9.jar:?]
	at net.corda.testing.dsl.TestTransactionDSLInterpreter.toWireTransaction$test_utils(TestDSL.kt:146) ~[corda-test-utils-4.9.jar:?]
	at net.corda.testing.dsl.TestTransactionDSLInterpreter.verifies(TestDSL.kt:190) ~[corda-test-utils-4.9.jar:?]
	at net.corda.testing.dsl.Verifies$DefaultImpls.failsWith(LedgerDSLInterpreter.kt:45) ~[corda-test-utils-4.9.jar:?]
	at net.corda.testing.dsl.TransactionDSLInterpreter$DefaultImpls.failsWith(TransactionDSLInterpreter.kt) ~[corda-test-utils-4.9.jar:?]
	at net.corda.testing.dsl.TestTransactionDSLInterpreter.failsWith(TestDSL.kt:80) ~[corda-test-utils-4.9.jar:?]
	at net.corda.testing.dsl.Verifies$DefaultImpls.fails(LedgerDSLInterpreter.kt:75) ~[corda-test-utils-4.9.jar:?]
	at net.corda.testing.dsl.TransactionDSLInterpreter$DefaultImpls.fails(TransactionDSLInterpreter.kt) ~[corda-test-utils-4.9.jar:?]
	at net.corda.testing.dsl.TestTransactionDSLInterpreter.fails(TestDSL.kt:80) ~[corda-test-utils-4.9.jar:?]
	at net.corda.testing.dsl.TransactionDSL.fails(TransactionDSLInterpreter.kt) ~[corda-test-utils-4.9.jar:?]
	at com.tutorial.contracts.ContractTests.lambda$null$3(ContractTests.java:51) ~[test/:?]
	at net.corda.testing.dsl.LedgerDSL$transaction$1.invoke(LedgerDSLInterpreter.kt:141) ~[corda-test-utils-4.9.jar:?]
	at net.corda.testing.dsl.LedgerDSL$transaction$1.invoke(LedgerDSLInterpreter.kt:132) ~[corda-test-utils-4.9.jar:?]
	at net.corda.testing.dsl.TestLedgerDSLInterpreter.interpretTransactionDsl(TestDSL.kt:285) ~[corda-test-utils-4.9.jar:?]
	at net.corda.testing.dsl.TestLedgerDSLInterpreter.recordTransactionWithTransactionMap(TestDSL.kt:309) ~[corda-test-utils-4.9.jar:?]
	at net.corda.testing.dsl.TestLedgerDSLInterpreter._transaction(TestDSL.kt:345) ~[corda-test-utils-4.9.jar:?]
	at net.corda.testing.dsl.LedgerDSL._transaction(LedgerDSLInterpreter.kt) ~[corda-test-utils-4.9.jar:?]
	at net.corda.testing.dsl.LedgerDSL.transaction(LedgerDSLInterpreter.kt:141) ~[corda-test-utils-4.9.jar:?]
	at net.corda.testing.dsl.LedgerDSL.transaction$default(LedgerDSLInterpreter.kt:139) ~[corda-test-utils-4.9.jar:?]
	at net.corda.testing.dsl.LedgerDSL.transaction(LedgerDSLInterpreter.kt) ~[corda-test-utils-4.9.jar:?]
	at com.tutorial.contracts.ContractTests.lambda$StampIssuanceCanOnlyHaveOneOutput$5(ContractTests.java:47) ~[test/:?]
	at net.corda.testing.node.NodeTestUtils$ledger$2.invoke(NodeTestUtils.kt:39) ~[corda-node-driver-4.9.jar:?]
	at net.corda.testing.node.NodeTestUtils$ledger$2.invoke(NodeTestUtils.kt) ~[corda-node-driver-4.9.jar:?]
	at net.corda.testing.internal.InternalTestUtilsKt$withTestSerializationEnvIfNotSet$1.invoke(InternalTestUtils.kt:241) ~[corda-test-utils-4.9.jar:?]
	at net.corda.testing.internal.InternalTestUtilsKt$withTestSerializationEnvIfNotSet$1.invoke(InternalTestUtils.kt) ~[corda-test-utils-4.9.jar:?]
	at net.corda.testing.common.internal.CommonSerializationTestHelpersKt.asContextEnv(CommonSerializationTestHelpers.kt:19) ~[corda-test-common-4.9.jar:?]
	at net.corda.coretesting.internal.InternalSerializationTestHelpersKt.asTestContextEnv(InternalSerializationTestHelpers.kt:70) ~[corda-core-test-utils-4.9.jar:?]
	at net.corda.testing.internal.InternalTestUtilsKt.withTestSerializationEnvIfNotSet(InternalTestUtils.kt:241) ~[corda-test-utils-4.9.jar:?]
	at net.corda.testing.node.NodeTestUtils.ledger(NodeTestUtils.kt:36) ~[corda-node-driver-4.9.jar:?]
	at net.corda.testing.node.NodeTestUtils.ledger$default(NodeTestUtils.kt:23) ~[corda-node-driver-4.9.jar:?]
	at net.corda.testing.node.NodeTestUtils.ledger(NodeTestUtils.kt) ~[corda-node-driver-4.9.jar:?]
	at com.tutorial.contracts.ContractTests.StampIssuanceCanOnlyHaveOneOutput(ContractTests.java:46) ~[test/:?]
	at sun.reflect.NativeMethodAccessorImpl.invoke0(Native Method) ~[?:1.8.0_341]
	at sun.reflect.NativeMethodAccessorImpl.invoke(NativeMethodAccessorImpl.java:62) ~[?:1.8.0_341]
	at sun.reflect.DelegatingMethodAccessorImpl.invoke(DelegatingMethodAccessorImpl.java:43) ~[?:1.8.0_341]
	at java.lang.reflect.Method.invoke(Method.java:498) ~[?:1.8.0_341]
	at org.junit.runners.model.FrameworkMethod$1.runReflectiveCall(FrameworkMethod.java:50) ~[junit-4.12.jar:4.12]
	at org.junit.internal.runners.model.ReflectiveCallable.run(ReflectiveCallable.java:12) ~[junit-4.12.jar:4.12]
	at org.junit.runners.model.FrameworkMethod.invokeExplosively(FrameworkMethod.java:47) ~[junit-4.12.jar:4.12]
	at org.junit.internal.runners.statements.InvokeMethod.evaluate(InvokeMethod.java:17) ~[junit-4.12.jar:4.12]
	at org.junit.runners.ParentRunner.runLeaf(ParentRunner.java:325) ~[junit-4.12.jar:4.12]
	at org.junit.runners.BlockJUnit4ClassRunner.runChild(BlockJUnit4ClassRunner.java:78) ~[junit-4.12.jar:4.12]
	at org.junit.runners.BlockJUnit4ClassRunner.runChild(BlockJUnit4ClassRunner.java:57) ~[junit-4.12.jar:4.12]
	at org.junit.runners.ParentRunner$3.run(ParentRunner.java:290) ~[junit-4.12.jar:4.12]
	at org.junit.runners.ParentRunner$1.schedule(ParentRunner.java:71) ~[junit-4.12.jar:4.12]
	at org.junit.runners.ParentRunner.runChildren(ParentRunner.java:288) ~[junit-4.12.jar:4.12]
	at org.junit.runners.ParentRunner.access$000(ParentRunner.java:58) ~[junit-4.12.jar:4.12]
	at org.junit.runners.ParentRunner$2.evaluate(ParentRunner.java:268) ~[junit-4.12.jar:4.12]
	at org.junit.runners.ParentRunner.run(ParentRunner.java:363) ~[junit-4.12.jar:4.12]
	at org.gradle.api.internal.tasks.testing.junit.JUnitTestClassExecutor.runTestClass(JUnitTestClassExecutor.java:110) ~[?:?]
	at org.gradle.api.internal.tasks.testing.junit.JUnitTestClassExecutor.execute(JUnitTestClassExecutor.java:58) ~[?:?]
	at org.gradle.api.internal.tasks.testing.junit.JUnitTestClassExecutor.execute(JUnitTestClassExecutor.java:38) ~[?:?]
	at org.gradle.api.internal.tasks.testing.junit.AbstractJUnitTestClassProcessor.processTestClass(AbstractJUnitTestClassProcessor.java:62) ~[?:?]
	at org.gradle.api.internal.tasks.testing.SuiteTestClassProcessor.processTestClass(SuiteTestClassProcessor.java:51) ~[?:?]
	at sun.reflect.NativeMethodAccessorImpl.invoke0(Native Method) ~[?:1.8.0_341]
	at sun.reflect.NativeMethodAccessorImpl.invoke(NativeMethodAccessorImpl.java:62) ~[?:1.8.0_341]
	at sun.reflect.DelegatingMethodAccessorImpl.invoke(DelegatingMethodAccessorImpl.java:43) ~[?:1.8.0_341]
	at java.lang.reflect.Method.invoke(Method.java:498) ~[?:1.8.0_341]
	at org.gradle.internal.dispatch.ReflectionDispatch.dispatch(ReflectionDispatch.java:36) ~[gradle-tooling-api-5.6.4.jar:5.6.4]
	at org.gradle.internal.dispatch.ReflectionDispatch.dispatch(ReflectionDispatch.java:24) ~[gradle-tooling-api-5.6.4.jar:5.6.4]
	at org.gradle.internal.dispatch.ContextClassLoaderDispatch.dispatch(ContextClassLoaderDispatch.java:33) ~[?:?]
	at org.gradle.internal.dispatch.ProxyDispatchAdapter$DispatchingInvocationHandler.invoke(ProxyDispatchAdapter.java:94) ~[gradle-tooling-api-5.6.4.jar:5.6.4]
	at com.sun.proxy.$Proxy2.processTestClass(Unknown Source) ~[?:?]
	at org.gradle.api.internal.tasks.testing.worker.TestWorker.processTestClass(TestWorker.java:118) ~[?:?]
	at sun.reflect.NativeMethodAccessorImpl.invoke0(Native Method) ~[?:1.8.0_341]
	at sun.reflect.NativeMethodAccessorImpl.invoke(NativeMethodAccessorImpl.java:62) ~[?:1.8.0_341]
	at sun.reflect.DelegatingMethodAccessorImpl.invoke(DelegatingMethodAccessorImpl.java:43) ~[?:1.8.0_341]
	at java.lang.reflect.Method.invoke(Method.java:498) ~[?:1.8.0_341]
	at org.gradle.internal.dispatch.ReflectionDispatch.dispatch(ReflectionDispatch.java:36) ~[gradle-tooling-api-5.6.4.jar:5.6.4]
	at org.gradle.internal.dispatch.ReflectionDispatch.dispatch(ReflectionDispatch.java:24) ~[gradle-tooling-api-5.6.4.jar:5.6.4]
	at org.gradle.internal.remote.internal.hub.MessageHubBackedObjectConnection$DispatchWrapper.dispatch(MessageHubBackedObjectConnection.java:182) ~[?:?]
	at org.gradle.internal.remote.internal.hub.MessageHubBackedObjectConnection$DispatchWrapper.dispatch(MessageHubBackedObjectConnection.java:164) ~[?:?]
	at org.gradle.internal.remote.internal.hub.MessageHub$Handler.run(MessageHub.java:412) ~[?:?]
	at org.gradle.internal.concurrent.ExecutorPolicy$CatchAndRecordFailures.onExecute(ExecutorPolicy.java:64) ~[gradle-tooling-api-5.6.4.jar:5.6.4]
	at org.gradle.internal.concurrent.ManagedExecutorImpl$1.run(ManagedExecutorImpl.java:48) ~[gradle-tooling-api-5.6.4.jar:5.6.4]
	at java.util.concurrent.ThreadPoolExecutor.runWorker(ThreadPoolExecutor.java:1149) ~[?:1.8.0_341]
	at java.util.concurrent.ThreadPoolExecutor$Worker.run(ThreadPoolExecutor.java:624) ~[?:1.8.0_341]
	at org.gradle.internal.concurrent.ThreadFactoryImpl$ManagedThreadRunnable.run(ThreadFactoryImpl.java:56) ~[gradle-tooling-api-5.6.4.jar:5.6.4]
	at java.lang.Thread.run(Thread.java:750) [?:1.8.0_341]
[ERROR] 2023-02-15T11:58:13,195Z [Test worker] internal.Verifier. - Error validating transaction 646A0C783F29F743CB863597797B5B3298056D612846164CB810F7D6ED569A5E. {}
java.lang.IllegalArgumentException: Failed requirement: This transaction should only have one AppleStamp state as output
	at net.corda.core.contracts.Requirements.using(ContractsDSL.kt:26) ~[corda-core-4.9.jar:?]
	at com.tutorial.contracts.AppleStampContract.lambda$verify$0(AppleStampContract.java:26) ~[main/:?]
	at net.corda.core.contracts.ContractsDSL.requireThat(ContractsDSL.kt:30) ~[corda-core-4.9.jar:?]
	at com.tutorial.contracts.AppleStampContract.verify(AppleStampContract.java:25) ~[main/:?]
	at net.corda.core.internal.TransactionVerifier.apply(TransactionVerifierServiceInternal.kt:507) ~[corda-core-4.9.jar:?]
	at net.corda.core.internal.AbstractVerifier.verify(TransactionVerifierServiceInternal.kt:80) ~[corda-core-4.9.jar:?]
	at net.corda.core.transactions.LedgerTransaction.verify(LedgerTransaction.kt:250) ~[corda-core-4.9.jar:?]
	at net.corda.testing.dsl.TestTransactionDSLInterpreter.verifies(TestDSL.kt:190) ~[corda-test-utils-4.9.jar:?]
	at net.corda.testing.dsl.Verifies$DefaultImpls.failsWith(LedgerDSLInterpreter.kt:45) ~[corda-test-utils-4.9.jar:?]
	at net.corda.testing.dsl.TransactionDSLInterpreter$DefaultImpls.failsWith(TransactionDSLInterpreter.kt) ~[corda-test-utils-4.9.jar:?]
	at net.corda.testing.dsl.TestTransactionDSLInterpreter.failsWith(TestDSL.kt:80) ~[corda-test-utils-4.9.jar:?]
	at net.corda.testing.dsl.Verifies$DefaultImpls.fails(LedgerDSLInterpreter.kt:75) ~[corda-test-utils-4.9.jar:?]
	at net.corda.testing.dsl.TransactionDSLInterpreter$DefaultImpls.fails(TransactionDSLInterpreter.kt) ~[corda-test-utils-4.9.jar:?]
	at net.corda.testing.dsl.TestTransactionDSLInterpreter.fails(TestDSL.kt:80) ~[corda-test-utils-4.9.jar:?]
	at net.corda.testing.dsl.TransactionDSL.fails(TransactionDSLInterpreter.kt) ~[corda-test-utils-4.9.jar:?]
	at com.tutorial.contracts.ContractTests.lambda$null$3(ContractTests.java:51) ~[test/:?]
	at net.corda.testing.dsl.LedgerDSL$transaction$1.invoke(LedgerDSLInterpreter.kt:141) ~[corda-test-utils-4.9.jar:?]
	at net.corda.testing.dsl.LedgerDSL$transaction$1.invoke(LedgerDSLInterpreter.kt:132) ~[corda-test-utils-4.9.jar:?]
	at net.corda.testing.dsl.TestLedgerDSLInterpreter.interpretTransactionDsl(TestDSL.kt:285) ~[corda-test-utils-4.9.jar:?]
	at net.corda.testing.dsl.TestLedgerDSLInterpreter.recordTransactionWithTransactionMap(TestDSL.kt:309) ~[corda-test-utils-4.9.jar:?]
	at net.corda.testing.dsl.TestLedgerDSLInterpreter._transaction(TestDSL.kt:345) ~[corda-test-utils-4.9.jar:?]
	at net.corda.testing.dsl.LedgerDSL._transaction(LedgerDSLInterpreter.kt) ~[corda-test-utils-4.9.jar:?]
	at net.corda.testing.dsl.LedgerDSL.transaction(LedgerDSLInterpreter.kt:141) ~[corda-test-utils-4.9.jar:?]
	at net.corda.testing.dsl.LedgerDSL.transaction$default(LedgerDSLInterpreter.kt:139) ~[corda-test-utils-4.9.jar:?]
	at net.corda.testing.dsl.LedgerDSL.transaction(LedgerDSLInterpreter.kt) ~[corda-test-utils-4.9.jar:?]
	at com.tutorial.contracts.ContractTests.lambda$StampIssuanceCanOnlyHaveOneOutput$5(ContractTests.java:47) ~[test/:?]
	at net.corda.testing.node.NodeTestUtils$ledger$2.invoke(NodeTestUtils.kt:39) ~[corda-node-driver-4.9.jar:?]
	at net.corda.testing.node.NodeTestUtils$ledger$2.invoke(NodeTestUtils.kt) ~[corda-node-driver-4.9.jar:?]
	at net.corda.testing.internal.InternalTestUtilsKt$withTestSerializationEnvIfNotSet$1.invoke(InternalTestUtils.kt:241) ~[corda-test-utils-4.9.jar:?]
	at net.corda.testing.internal.InternalTestUtilsKt$withTestSerializationEnvIfNotSet$1.invoke(InternalTestUtils.kt) ~[corda-test-utils-4.9.jar:?]
	at net.corda.testing.common.internal.CommonSerializationTestHelpersKt.asContextEnv(CommonSerializationTestHelpers.kt:19) ~[corda-test-common-4.9.jar:?]
	at net.corda.coretesting.internal.InternalSerializationTestHelpersKt.asTestContextEnv(InternalSerializationTestHelpers.kt:70) ~[corda-core-test-utils-4.9.jar:?]
	at net.corda.testing.internal.InternalTestUtilsKt.withTestSerializationEnvIfNotSet(InternalTestUtils.kt:241) ~[corda-test-utils-4.9.jar:?]
	at net.corda.testing.node.NodeTestUtils.ledger(NodeTestUtils.kt:36) ~[corda-node-driver-4.9.jar:?]
	at net.corda.testing.node.NodeTestUtils.ledger$default(NodeTestUtils.kt:23) ~[corda-node-driver-4.9.jar:?]
	at net.corda.testing.node.NodeTestUtils.ledger(NodeTestUtils.kt) ~[corda-node-driver-4.9.jar:?]
	at com.tutorial.contracts.ContractTests.StampIssuanceCanOnlyHaveOneOutput(ContractTests.java:46) ~[test/:?]
	at sun.reflect.NativeMethodAccessorImpl.invoke0(Native Method) ~[?:1.8.0_341]
	at sun.reflect.NativeMethodAccessorImpl.invoke(NativeMethodAccessorImpl.java:62) ~[?:1.8.0_341]
	at sun.reflect.DelegatingMethodAccessorImpl.invoke(DelegatingMethodAccessorImpl.java:43) ~[?:1.8.0_341]
	at java.lang.reflect.Method.invoke(Method.java:498) ~[?:1.8.0_341]
	at org.junit.runners.model.FrameworkMethod$1.runReflectiveCall(FrameworkMethod.java:50) ~[junit-4.12.jar:4.12]
	at org.junit.internal.runners.model.ReflectiveCallable.run(ReflectiveCallable.java:12) ~[junit-4.12.jar:4.12]
	at org.junit.runners.model.FrameworkMethod.invokeExplosively(FrameworkMethod.java:47) ~[junit-4.12.jar:4.12]
	at org.junit.internal.runners.statements.InvokeMethod.evaluate(InvokeMethod.java:17) ~[junit-4.12.jar:4.12]
	at org.junit.runners.ParentRunner.runLeaf(ParentRunner.java:325) ~[junit-4.12.jar:4.12]
	at org.junit.runners.BlockJUnit4ClassRunner.runChild(BlockJUnit4ClassRunner.java:78) ~[junit-4.12.jar:4.12]
	at org.junit.runners.BlockJUnit4ClassRunner.runChild(BlockJUnit4ClassRunner.java:57) ~[junit-4.12.jar:4.12]
	at org.junit.runners.ParentRunner$3.run(ParentRunner.java:290) ~[junit-4.12.jar:4.12]
	at org.junit.runners.ParentRunner$1.schedule(ParentRunner.java:71) ~[junit-4.12.jar:4.12]
	at org.junit.runners.ParentRunner.runChildren(ParentRunner.java:288) ~[junit-4.12.jar:4.12]
	at org.junit.runners.ParentRunner.access$000(ParentRunner.java:58) ~[junit-4.12.jar:4.12]
	at org.junit.runners.ParentRunner$2.evaluate(ParentRunner.java:268) ~[junit-4.12.jar:4.12]
	at org.junit.runners.ParentRunner.run(ParentRunner.java:363) ~[junit-4.12.jar:4.12]
	at org.gradle.api.internal.tasks.testing.junit.JUnitTestClassExecutor.runTestClass(JUnitTestClassExecutor.java:110) ~[?:?]
	at org.gradle.api.internal.tasks.testing.junit.JUnitTestClassExecutor.execute(JUnitTestClassExecutor.java:58) ~[?:?]
	at org.gradle.api.internal.tasks.testing.junit.JUnitTestClassExecutor.execute(JUnitTestClassExecutor.java:38) ~[?:?]
	at org.gradle.api.internal.tasks.testing.junit.AbstractJUnitTestClassProcessor.processTestClass(AbstractJUnitTestClassProcessor.java:62) ~[?:?]
	at org.gradle.api.internal.tasks.testing.SuiteTestClassProcessor.processTestClass(SuiteTestClassProcessor.java:51) ~[?:?]
	at sun.reflect.NativeMethodAccessorImpl.invoke0(Native Method) ~[?:1.8.0_341]
	at sun.reflect.NativeMethodAccessorImpl.invoke(NativeMethodAccessorImpl.java:62) ~[?:1.8.0_341]
	at sun.reflect.DelegatingMethodAccessorImpl.invoke(DelegatingMethodAccessorImpl.java:43) ~[?:1.8.0_341]
	at java.lang.reflect.Method.invoke(Method.java:498) ~[?:1.8.0_341]
	at org.gradle.internal.dispatch.ReflectionDispatch.dispatch(ReflectionDispatch.java:36) ~[gradle-tooling-api-5.6.4.jar:5.6.4]
	at org.gradle.internal.dispatch.ReflectionDispatch.dispatch(ReflectionDispatch.java:24) ~[gradle-tooling-api-5.6.4.jar:5.6.4]
	at org.gradle.internal.dispatch.ContextClassLoaderDispatch.dispatch(ContextClassLoaderDispatch.java:33) ~[?:?]
	at org.gradle.internal.dispatch.ProxyDispatchAdapter$DispatchingInvocationHandler.invoke(ProxyDispatchAdapter.java:94) ~[gradle-tooling-api-5.6.4.jar:5.6.4]
	at com.sun.proxy.$Proxy2.processTestClass(Unknown Source) ~[?:?]
	at org.gradle.api.internal.tasks.testing.worker.TestWorker.processTestClass(TestWorker.java:118) ~[?:?]
	at sun.reflect.NativeMethodAccessorImpl.invoke0(Native Method) ~[?:1.8.0_341]
	at sun.reflect.NativeMethodAccessorImpl.invoke(NativeMethodAccessorImpl.java:62) ~[?:1.8.0_341]
	at sun.reflect.DelegatingMethodAccessorImpl.invoke(DelegatingMethodAccessorImpl.java:43) ~[?:1.8.0_341]
	at java.lang.reflect.Method.invoke(Method.java:498) ~[?:1.8.0_341]
	at org.gradle.internal.dispatch.ReflectionDispatch.dispatch(ReflectionDispatch.java:36) ~[gradle-tooling-api-5.6.4.jar:5.6.4]
	at org.gradle.internal.dispatch.ReflectionDispatch.dispatch(ReflectionDispatch.java:24) ~[gradle-tooling-api-5.6.4.jar:5.6.4]
	at org.gradle.internal.remote.internal.hub.MessageHubBackedObjectConnection$DispatchWrapper.dispatch(MessageHubBackedObjectConnection.java:182) ~[?:?]
	at org.gradle.internal.remote.internal.hub.MessageHubBackedObjectConnection$DispatchWrapper.dispatch(MessageHubBackedObjectConnection.java:164) ~[?:?]
	at org.gradle.internal.remote.internal.hub.MessageHub$Handler.run(MessageHub.java:412) ~[?:?]
	at org.gradle.internal.concurrent.ExecutorPolicy$CatchAndRecordFailures.onExecute(ExecutorPolicy.java:64) ~[gradle-tooling-api-5.6.4.jar:5.6.4]
	at org.gradle.internal.concurrent.ManagedExecutorImpl$1.run(ManagedExecutorImpl.java:48) ~[gradle-tooling-api-5.6.4.jar:5.6.4]
	at java.util.concurrent.ThreadPoolExecutor.runWorker(ThreadPoolExecutor.java:1149) ~[?:1.8.0_341]
	at java.util.concurrent.ThreadPoolExecutor$Worker.run(ThreadPoolExecutor.java:624) ~[?:1.8.0_341]
	at org.gradle.internal.concurrent.ThreadFactoryImpl$ManagedThreadRunnable.run(ThreadFactoryImpl.java:56) ~[gradle-tooling-api-5.6.4.jar:5.6.4]
	at java.lang.Thread.run(Thread.java:750) [?:1.8.0_341]
[ERROR] 2023-02-15T11:58:13,199Z [Test worker] internal.Verifier. - Error validating transaction 646A0C783F29F743CB863597797B5B3298056D612846164CB810F7D6ED569A5E. {}
java.lang.IllegalArgumentException: Failed requirement: This transaction should only have one AppleStamp state as output
	at net.corda.core.contracts.Requirements.using(ContractsDSL.kt:26) ~[corda-core-4.9.jar:?]
	at com.tutorial.contracts.AppleStampContract.lambda$verify$0(AppleStampContract.java:26) ~[main/:?]
	at net.corda.core.contracts.ContractsDSL.requireThat(ContractsDSL.kt:30) ~[corda-core-4.9.jar:?]
	at com.tutorial.contracts.AppleStampContract.verify(AppleStampContract.java:25) ~[main/:?]
	at net.corda.core.internal.TransactionVerifier.apply(TransactionVerifierServiceInternal.kt:507) ~[corda-core-4.9.jar:?]
	at net.corda.core.internal.AbstractVerifier.verify(TransactionVerifierServiceInternal.kt:80) ~[corda-core-4.9.jar:?]
	at net.corda.core.transactions.LedgerTransaction.verify(LedgerTransaction.kt:250) ~[corda-core-4.9.jar:?]
	at net.corda.core.transactions.TransactionBuilder.addMissingDependency(TransactionBuilder.kt:248) ~[corda-core-4.9.jar:?]
	at net.corda.core.transactions.TransactionBuilder.toWireTransactionWithContext(TransactionBuilder.kt:228) ~[corda-core-4.9.jar:?]
	at net.corda.core.transactions.TransactionBuilder.toWireTransactionWithContext$core(TransactionBuilder.kt:186) ~[corda-core-4.9.jar:?]
	at net.corda.core.transactions.TransactionBuilder.toWireTransaction(TransactionBuilder.kt:144) ~[corda-core-4.9.jar:?]
	at net.corda.testing.dsl.TestTransactionDSLInterpreter.toWireTransaction$test_utils(TestDSL.kt:146) ~[corda-test-utils-4.9.jar:?]
	at net.corda.testing.dsl.TestLedgerDSLInterpreter.recordTransactionWithTransactionMap(TestDSL.kt:313) ~[corda-test-utils-4.9.jar:?]
	at net.corda.testing.dsl.TestLedgerDSLInterpreter._transaction(TestDSL.kt:345) ~[corda-test-utils-4.9.jar:?]
	at net.corda.testing.dsl.LedgerDSL._transaction(LedgerDSLInterpreter.kt) ~[corda-test-utils-4.9.jar:?]
	at net.corda.testing.dsl.LedgerDSL.transaction(LedgerDSLInterpreter.kt:141) ~[corda-test-utils-4.9.jar:?]
	at net.corda.testing.dsl.LedgerDSL.transaction$default(LedgerDSLInterpreter.kt:139) ~[corda-test-utils-4.9.jar:?]
	at net.corda.testing.dsl.LedgerDSL.transaction(LedgerDSLInterpreter.kt) ~[corda-test-utils-4.9.jar:?]
	at com.tutorial.contracts.ContractTests.lambda$StampIssuanceCanOnlyHaveOneOutput$5(ContractTests.java:47) ~[test/:?]
	at net.corda.testing.node.NodeTestUtils$ledger$2.invoke(NodeTestUtils.kt:39) ~[corda-node-driver-4.9.jar:?]
	at net.corda.testing.node.NodeTestUtils$ledger$2.invoke(NodeTestUtils.kt) ~[corda-node-driver-4.9.jar:?]
	at net.corda.testing.internal.InternalTestUtilsKt$withTestSerializationEnvIfNotSet$1.invoke(InternalTestUtils.kt:241) ~[corda-test-utils-4.9.jar:?]
	at net.corda.testing.internal.InternalTestUtilsKt$withTestSerializationEnvIfNotSet$1.invoke(InternalTestUtils.kt) ~[corda-test-utils-4.9.jar:?]
	at net.corda.testing.common.internal.CommonSerializationTestHelpersKt.asContextEnv(CommonSerializationTestHelpers.kt:19) ~[corda-test-common-4.9.jar:?]
	at net.corda.coretesting.internal.InternalSerializationTestHelpersKt.asTestContextEnv(InternalSerializationTestHelpers.kt:70) ~[corda-core-test-utils-4.9.jar:?]
	at net.corda.testing.internal.InternalTestUtilsKt.withTestSerializationEnvIfNotSet(InternalTestUtils.kt:241) ~[corda-test-utils-4.9.jar:?]
	at net.corda.testing.node.NodeTestUtils.ledger(NodeTestUtils.kt:36) ~[corda-node-driver-4.9.jar:?]
	at net.corda.testing.node.NodeTestUtils.ledger$default(NodeTestUtils.kt:23) ~[corda-node-driver-4.9.jar:?]
	at net.corda.testing.node.NodeTestUtils.ledger(NodeTestUtils.kt) ~[corda-node-driver-4.9.jar:?]
	at com.tutorial.contracts.ContractTests.StampIssuanceCanOnlyHaveOneOutput(ContractTests.java:46) ~[test/:?]
	at sun.reflect.NativeMethodAccessorImpl.invoke0(Native Method) ~[?:1.8.0_341]
	at sun.reflect.NativeMethodAccessorImpl.invoke(NativeMethodAccessorImpl.java:62) ~[?:1.8.0_341]
	at sun.reflect.DelegatingMethodAccessorImpl.invoke(DelegatingMethodAccessorImpl.java:43) ~[?:1.8.0_341]
	at java.lang.reflect.Method.invoke(Method.java:498) ~[?:1.8.0_341]
	at org.junit.runners.model.FrameworkMethod$1.runReflectiveCall(FrameworkMethod.java:50) ~[junit-4.12.jar:4.12]
	at org.junit.internal.runners.model.ReflectiveCallable.run(ReflectiveCallable.java:12) ~[junit-4.12.jar:4.12]
	at org.junit.runners.model.FrameworkMethod.invokeExplosively(FrameworkMethod.java:47) ~[junit-4.12.jar:4.12]
	at org.junit.internal.runners.statements.InvokeMethod.evaluate(InvokeMethod.java:17) ~[junit-4.12.jar:4.12]
	at org.junit.runners.ParentRunner.runLeaf(ParentRunner.java:325) ~[junit-4.12.jar:4.12]
	at org.junit.runners.BlockJUnit4ClassRunner.runChild(BlockJUnit4ClassRunner.java:78) ~[junit-4.12.jar:4.12]
	at org.junit.runners.BlockJUnit4ClassRunner.runChild(BlockJUnit4ClassRunner.java:57) ~[junit-4.12.jar:4.12]
	at org.junit.runners.ParentRunner$3.run(ParentRunner.java:290) ~[junit-4.12.jar:4.12]
	at org.junit.runners.ParentRunner$1.schedule(ParentRunner.java:71) ~[junit-4.12.jar:4.12]
	at org.junit.runners.ParentRunner.runChildren(ParentRunner.java:288) ~[junit-4.12.jar:4.12]
	at org.junit.runners.ParentRunner.access$000(ParentRunner.java:58) ~[junit-4.12.jar:4.12]
	at org.junit.runners.ParentRunner$2.evaluate(ParentRunner.java:268) ~[junit-4.12.jar:4.12]
	at org.junit.runners.ParentRunner.run(ParentRunner.java:363) ~[junit-4.12.jar:4.12]
	at org.gradle.api.internal.tasks.testing.junit.JUnitTestClassExecutor.runTestClass(JUnitTestClassExecutor.java:110) ~[?:?]
	at org.gradle.api.internal.tasks.testing.junit.JUnitTestClassExecutor.execute(JUnitTestClassExecutor.java:58) ~[?:?]
	at org.gradle.api.internal.tasks.testing.junit.JUnitTestClassExecutor.execute(JUnitTestClassExecutor.java:38) ~[?:?]
	at org.gradle.api.internal.tasks.testing.junit.AbstractJUnitTestClassProcessor.processTestClass(AbstractJUnitTestClassProcessor.java:62) ~[?:?]
	at org.gradle.api.internal.tasks.testing.SuiteTestClassProcessor.processTestClass(SuiteTestClassProcessor.java:51) ~[?:?]
	at sun.reflect.NativeMethodAccessorImpl.invoke0(Native Method) ~[?:1.8.0_341]
	at sun.reflect.NativeMethodAccessorImpl.invoke(NativeMethodAccessorImpl.java:62) ~[?:1.8.0_341]
	at sun.reflect.DelegatingMethodAccessorImpl.invoke(DelegatingMethodAccessorImpl.java:43) ~[?:1.8.0_341]
	at java.lang.reflect.Method.invoke(Method.java:498) ~[?:1.8.0_341]
	at org.gradle.internal.dispatch.ReflectionDispatch.dispatch(ReflectionDispatch.java:36) ~[gradle-tooling-api-5.6.4.jar:5.6.4]
	at org.gradle.internal.dispatch.ReflectionDispatch.dispatch(ReflectionDispatch.java:24) ~[gradle-tooling-api-5.6.4.jar:5.6.4]
	at org.gradle.internal.dispatch.ContextClassLoaderDispatch.dispatch(ContextClassLoaderDispatch.java:33) ~[?:?]
	at org.gradle.internal.dispatch.ProxyDispatchAdapter$DispatchingInvocationHandler.invoke(ProxyDispatchAdapter.java:94) ~[gradle-tooling-api-5.6.4.jar:5.6.4]
	at com.sun.proxy.$Proxy2.processTestClass(Unknown Source) ~[?:?]
	at org.gradle.api.internal.tasks.testing.worker.TestWorker.processTestClass(TestWorker.java:118) ~[?:?]
	at sun.reflect.NativeMethodAccessorImpl.invoke0(Native Method) ~[?:1.8.0_341]
	at sun.reflect.NativeMethodAccessorImpl.invoke(NativeMethodAccessorImpl.java:62) ~[?:1.8.0_341]
	at sun.reflect.DelegatingMethodAccessorImpl.invoke(DelegatingMethodAccessorImpl.java:43) ~[?:1.8.0_341]
	at java.lang.reflect.Method.invoke(Method.java:498) ~[?:1.8.0_341]
	at org.gradle.internal.dispatch.ReflectionDispatch.dispatch(ReflectionDispatch.java:36) ~[gradle-tooling-api-5.6.4.jar:5.6.4]
	at org.gradle.internal.dispatch.ReflectionDispatch.dispatch(ReflectionDispatch.java:24) ~[gradle-tooling-api-5.6.4.jar:5.6.4]
	at org.gradle.internal.remote.internal.hub.MessageHubBackedObjectConnection$DispatchWrapper.dispatch(MessageHubBackedObjectConnection.java:182) ~[?:?]
	at org.gradle.internal.remote.internal.hub.MessageHubBackedObjectConnection$DispatchWrapper.dispatch(MessageHubBackedObjectConnection.java:164) ~[?:?]
	at org.gradle.internal.remote.internal.hub.MessageHub$Handler.run(MessageHub.java:412) ~[?:?]
	at org.gradle.internal.concurrent.ExecutorPolicy$CatchAndRecordFailures.onExecute(ExecutorPolicy.java:64) ~[gradle-tooling-api-5.6.4.jar:5.6.4]
	at org.gradle.internal.concurrent.ManagedExecutorImpl$1.run(ManagedExecutorImpl.java:48) ~[gradle-tooling-api-5.6.4.jar:5.6.4]
	at java.util.concurrent.ThreadPoolExecutor.runWorker(ThreadPoolExecutor.java:1149) ~[?:1.8.0_341]
	at java.util.concurrent.ThreadPoolExecutor$Worker.run(ThreadPoolExecutor.java:624) ~[?:1.8.0_341]
	at org.gradle.internal.concurrent.ThreadFactoryImpl$ManagedThreadRunnable.run(ThreadFactoryImpl.java:56) ~[gradle-tooling-api-5.6.4.jar:5.6.4]
	at java.lang.Thread.run(Thread.java:750) [?:1.8.0_341]
