[INFO ] 2023-02-14T19:17:33,081Z [Test worker] internal.TestCordappImpl. - Generating CorDapp jar from local project in C:\Users\Anvith\Dropbox\PC\Desktop\Work\Corda\samples-java\Basic\tutorial-applestamp\workflows ... {}
[INFO ] 2023-02-14T19:17:33,380Z [Connection worker] internal.TestCordappImpl. - Build {}
[INFO ] 2023-02-14T19:17:34,802Z [Connection worker] internal.TestCordappImpl. - Starting Gradle Daemon {}
[INFO ] 2023-02-14T19:17:36,032Z [Connection worker] internal.TestCordappImpl. - Connecting to Gradle Daemon {}
[INFO ] 2023-02-14T19:17:36,045Z [Connection worker] internal.TestCordappImpl. - Starting Gradle Daemon {}
[INFO ] 2023-02-14T19:17:36,046Z [Connection worker] internal.TestCordappImpl. - Build {}
[INFO ] 2023-02-14T19:17:36,688Z [Connection worker] internal.TestCordappImpl. - Run build {}
[INFO ] 2023-02-14T19:17:36,704Z [Connection worker] internal.TestCordappImpl. - Evaluate settings {}
[INFO ] 2023-02-14T19:17:37,194Z [Connection worker] internal.TestCordappImpl. - Run build {}
[INFO ] 2023-02-14T19:17:37,209Z [Connection worker] internal.TestCordappImpl. - Configure build {}
[INFO ] 2023-02-14T19:17:37,210Z [Connection worker] internal.TestCordappImpl. - Load projects {}
[INFO ] 2023-02-14T19:17:37,367Z [Connection worker] internal.TestCordappImpl. - Configure build {}
[INFO ] 2023-02-14T19:17:37,383Z [Connection worker] internal.TestCordappImpl. - Configure project : {}
[INFO ] 2023-02-14T19:17:37,953Z [Connection worker] internal.TestCordappImpl. - Resolve dependencies of :classpath {}
[INFO ] 2023-02-14T19:17:38,492Z [Connection worker] internal.TestCordappImpl. - Configure project : {}
[INFO ] 2023-02-14T19:17:38,492Z [Connection worker] internal.TestCordappImpl. - Resolve files of :classpath {}
[INFO ] 2023-02-14T19:17:38,524Z [Connection worker] internal.TestCordappImpl. - Configure project : {}
[INFO ] 2023-02-14T19:17:38,525Z [Connection worker] internal.TestCordappImpl. - Resolve files of :classpath {}
[INFO ] 2023-02-14T19:17:38,525Z [Connection worker] internal.TestCordappImpl. - Configure project : {}
[INFO ] 2023-02-14T19:17:39,291Z [Connection worker] internal.TestCordappImpl. - Configure build {}
[INFO ] 2023-02-14T19:17:39,292Z [Connection worker] internal.TestCordappImpl. - Configure project :clients {}
[INFO ] 2023-02-14T19:17:39,292Z [Connection worker] internal.TestCordappImpl. - Configure build {}
[INFO ] 2023-02-14T19:17:39,292Z [Connection worker] internal.TestCordappImpl. - Configure project :contracts {}
[INFO ] 2023-02-14T19:17:39,332Z [Connection worker] internal.TestCordappImpl. - Configure build {}
[INFO ] 2023-02-14T19:17:39,332Z [Connection worker] internal.TestCordappImpl. - Configure project :workflows {}
[INFO ] 2023-02-14T19:17:39,459Z [Connection worker] internal.TestCordappImpl. - Configure build {}
[INFO ] 2023-02-14T19:17:39,459Z [Connection worker] internal.TestCordappImpl. - Run build {}
[INFO ] 2023-02-14T19:17:39,619Z [Connection worker] internal.TestCordappImpl. - Run tasks {}
[INFO ] 2023-02-14T19:17:39,667Z [Connection worker] internal.TestCordappImpl. - Task :contracts:compileJava {}
[INFO ] 2023-02-14T19:17:39,746Z [Connection worker] internal.TestCordappImpl. - Resolve dependencies of :contracts:compileClasspath {}
[INFO ] 2023-02-14T19:17:39,841Z [Connection worker] internal.TestCordappImpl. - Task :contracts:compileJava {}
[INFO ] 2023-02-14T19:17:39,841Z [Connection worker] internal.TestCordappImpl. - Resolve files of :contracts:compileClasspath {}
[INFO ] 2023-02-14T19:17:39,841Z [Connection worker] internal.TestCordappImpl. - Task :contracts:compileJava {}
[INFO ] 2023-02-14T19:17:39,857Z [Connection worker] internal.TestCordappImpl. - Resolve dependencies of :contracts:annotationProcessor {}
[INFO ] 2023-02-14T19:17:39,858Z [Connection worker] internal.TestCordappImpl. - Task :contracts:compileJava {}
[INFO ] 2023-02-14T19:17:39,889Z [Connection worker] internal.TestCordappImpl. - Run tasks {}
[INFO ] 2023-02-14T19:17:39,889Z [Connection worker] internal.TestCordappImpl. - Task :contracts:processResources {}
[INFO ] 2023-02-14T19:17:39,904Z [Connection worker] internal.TestCordappImpl. - Run tasks {}
[INFO ] 2023-02-14T19:17:39,904Z [Connection worker] internal.TestCordappImpl. - Task :contracts:classes {}
[INFO ] 2023-02-14T19:17:39,904Z [Connection worker] internal.TestCordappImpl. - Run tasks {}
[INFO ] 2023-02-14T19:17:39,904Z [Connection worker] internal.TestCordappImpl. - Task :contracts:configureCordappFatJar {}
[INFO ] 2023-02-14T19:17:39,919Z [Connection worker] internal.TestCordappImpl. - Resolve dependencies of :contracts:runtime {}
[INFO ] 2023-02-14T19:17:39,951Z [Connection worker] internal.TestCordappImpl. - Task :contracts:configureCordappFatJar {}
[INFO ] 2023-02-14T19:17:39,951Z [Connection worker] internal.TestCordappImpl. - Resolve files of :contracts:runtime {}
[INFO ] 2023-02-14T19:17:39,951Z [Connection worker] internal.TestCordappImpl. - Task :contracts:configureCordappFatJar {}
[INFO ] 2023-02-14T19:17:39,951Z [Connection worker] internal.TestCordappImpl. - Resolve files of :contracts:runtime {}
[INFO ] 2023-02-14T19:17:39,952Z [Connection worker] internal.TestCordappImpl. - Task :contracts:configureCordappFatJar {}
[INFO ] 2023-02-14T19:17:39,952Z [Connection worker] internal.TestCordappImpl. - Resolve files of :contracts:runtime {}
[INFO ] 2023-02-14T19:17:39,952Z [Connection worker] internal.TestCordappImpl. - Task :contracts:configureCordappFatJar {}
[INFO ] 2023-02-14T19:17:39,966Z [Connection worker] internal.TestCordappImpl. - Run tasks {}
[INFO ] 2023-02-14T19:17:39,966Z [Connection worker] internal.TestCordappImpl. - Task :contracts:jar {}
[INFO ] 2023-02-14T19:17:39,982Z [Connection worker] internal.TestCordappImpl. - Run tasks {}
[INFO ] 2023-02-14T19:17:39,982Z [Connection worker] internal.TestCordappImpl. - Task :workflows:compileJava {}
[INFO ] 2023-02-14T19:17:39,997Z [Connection worker] internal.TestCordappImpl. - Resolve dependencies of :workflows:compileClasspath {}
[INFO ] 2023-02-14T19:17:40,013Z [Connection worker] internal.TestCordappImpl. - Task :workflows:compileJava {}
[INFO ] 2023-02-14T19:17:40,013Z [Connection worker] internal.TestCordappImpl. - Resolve files of :workflows:compileClasspath {}
[INFO ] 2023-02-14T19:17:40,013Z [Connection worker] internal.TestCordappImpl. - Task :workflows:compileJava {}
[INFO ] 2023-02-14T19:17:40,013Z [Connection worker] internal.TestCordappImpl. - Resolve dependencies of :workflows:annotationProcessor {}
[INFO ] 2023-02-14T19:17:40,013Z [Connection worker] internal.TestCordappImpl. - Task :workflows:compileJava {}
[INFO ] 2023-02-14T19:17:40,029Z [Connection worker] internal.TestCordappImpl. - Run tasks {}
[INFO ] 2023-02-14T19:17:40,029Z [Connection worker] internal.TestCordappImpl. - Task :workflows:processResources {}
[INFO ] 2023-02-14T19:17:40,029Z [Connection worker] internal.TestCordappImpl. - Run tasks {}
[INFO ] 2023-02-14T19:17:40,030Z [Connection worker] internal.TestCordappImpl. - Task :workflows:classes {}
[INFO ] 2023-02-14T19:17:40,030Z [Connection worker] internal.TestCordappImpl. - Run tasks {}
[INFO ] 2023-02-14T19:17:40,030Z [Connection worker] internal.TestCordappImpl. - Task :workflows:configureCordappFatJar {}
[INFO ] 2023-02-14T19:17:40,030Z [Connection worker] internal.TestCordappImpl. - Resolve dependencies of :workflows:runtime {}
[INFO ] 2023-02-14T19:17:40,060Z [Connection worker] internal.TestCordappImpl. - Task :workflows:configureCordappFatJar {}
[INFO ] 2023-02-14T19:17:40,060Z [Connection worker] internal.TestCordappImpl. - Resolve files of :workflows:runtime {}
[INFO ] 2023-02-14T19:17:40,075Z [Connection worker] internal.TestCordappImpl. - Task :workflows:configureCordappFatJar {}
[INFO ] 2023-02-14T19:17:40,075Z [Connection worker] internal.TestCordappImpl. - Resolve files of :workflows:runtime {}
[INFO ] 2023-02-14T19:17:40,075Z [Connection worker] internal.TestCordappImpl. - Task :workflows:configureCordappFatJar {}
[INFO ] 2023-02-14T19:17:40,075Z [Connection worker] internal.TestCordappImpl. - Resolve files of :workflows:runtime {}
[INFO ] 2023-02-14T19:17:40,075Z [Connection worker] internal.TestCordappImpl. - Task :workflows:configureCordappFatJar {}
[INFO ] 2023-02-14T19:17:40,075Z [Connection worker] internal.TestCordappImpl. - Resolve files of :workflows:runtime {}
[INFO ] 2023-02-14T19:17:40,075Z [Connection worker] internal.TestCordappImpl. - Task :workflows:configureCordappFatJar {}
[INFO ] 2023-02-14T19:17:40,075Z [Connection worker] internal.TestCordappImpl. - Run tasks {}
[INFO ] 2023-02-14T19:17:40,075Z [Connection worker] internal.TestCordappImpl. - Task :workflows:jar {}
[INFO ] 2023-02-14T19:17:41,795Z [Connection worker] internal.TestCordappImpl. - Run tasks {}
[INFO ] 2023-02-14T19:17:41,795Z [Connection worker] internal.TestCordappImpl. - Run build {}
[INFO ] 2023-02-14T19:17:41,796Z [Connection worker] internal.TestCordappImpl. - Build model 'java.lang.Void' for project ':workflows' {}
[INFO ] 2023-02-14T19:17:41,796Z [Connection worker] internal.TestCordappImpl. - Run build {}
[INFO ] 2023-02-14T19:17:41,811Z [Connection worker] internal.TestCordappImpl. - Build {}
[INFO ] 2023-02-14T19:17:41,828Z [Connection worker] internal.TestCordappImpl. - Deleting unused version-specific caches in C:\Users\Anvith\Dropbox\PC\Desktop\Work\Corda\samples-java\Basic\tutorial-applestamp\.gradle {}
[INFO ] 2023-02-14T19:17:41,828Z [Connection worker] internal.TestCordappImpl. - Build {}
[INFO ] 2023-02-14T19:17:41,860Z [Connection worker] internal.TestCordappImpl. -  {}
[INFO ] 2023-02-14T19:17:47,505Z [Test worker] cordapp.JarScanningCordappLoader. - Looking for CorDapps in [build\mock-network\20230214-191731.376-7F1CAF889D406D24\nodes\0\cordapps] {}
[INFO ] 2023-02-14T19:17:47,515Z [Test worker] cordapp.JarScanningCordappLoader. - Loading CorDapps from RestrictedURL(url=file:/C:/Users/Anvith/Dropbox/PC/Desktop/Work/Corda/samples-java/Basic/tutorial-applestamp/workflows/build/mock-network/20230214-191731.376-7F1CAF889D406D24/nodes/0/cordapps/contracts-0.1.jar, rootPackageName=null), RestrictedURL(url=file:/C:/Users/Anvith/Dropbox/PC/Desktop/Work/Corda/samples-java/Basic/tutorial-applestamp/workflows/build/mock-network/20230214-191731.376-7F1CAF889D406D24/nodes/0/cordapps/workflows-0.1.jar, rootPackageName=null) {}
[INFO ] 2023-02-14T19:17:47,534Z [Test worker] cordapp.JarScanningCordappLoader. - Scanning CorDapp in file:/C:/Users/Anvith/Dropbox/PC/Desktop/Work/Corda/samples-java/Basic/tutorial-applestamp/workflows/build/mock-network/20230214-191731.376-7F1CAF889D406D24/nodes/0/cordapps/contracts-0.1.jar {}
[INFO ] 2023-02-14T19:17:47,653Z [Test worker] cordapp.JarScanningCordappLoader. - Scanning CorDapp in file:/C:/Users/Anvith/Dropbox/PC/Desktop/Work/Corda/samples-java/Basic/tutorial-applestamp/workflows/build/mock-network/20230214-191731.376-7F1CAF889D406D24/nodes/0/cordapps/workflows-0.1.jar {}
[INFO ] 2023-02-14T19:17:48,991Z [Test worker] internal.InternalMockNetwork$MockNode. - MessagingService active change to: false {}
[INFO ] 2023-02-14T19:17:49,259Z [Test worker] internal.InternalMockNetwork$MockNode. - Flow external operation executor has a max of 2 threads {}
[INFO ] 2023-02-14T19:17:49,350Z [Test worker] internal.InternalMockNetwork$MockNode. - Node starting up ... {}
[INFO ] 2023-02-14T19:17:49,373Z [Test worker] internal.KeyStoreHandler. - Loaded trusted root certificate: DL7fwxLm5xbiMD8adUuYTsPZHAict46Ng4w6RNcySt5vAw, alias: cordarootca {}
[INFO ] 2023-02-14T19:17:49,380Z [Test worker] internal.KeyStoreHandler. - Loaded node identity key: DLGKmqedNb115bnFG7BRpQz1dcyRsyq115zbENb4ngiWFL, alias: identity-private-key {}
[INFO ] 2023-02-14T19:17:49,510Z [Test worker] internal.NodeFlowManager. - Registered com.tutorial.flows.CreateAndIssueAppleStamp$CreateAndIssueAppleStampInitiator to initiate com.tutorial.flows.CreateAndIssueAppleStamp$CreateAndIssueAppleStampResponder (version 1) {}
[INFO ] 2023-02-14T19:17:49,512Z [Test worker] internal.NodeFlowManager. - Registered com.tutorial.flows.RedeemApples$RedeemApplesInitiator to initiate com.tutorial.flows.RedeemApples$RedeemApplesResponder (version 1) {}
[INFO ] 2023-02-14T19:17:49,515Z [Test worker] internal.NodeFlowManager. - Registered com.tutorial.flows.TemplateInitiator to initiate com.tutorial.flows.TemplateResponder (version 1) {}
[INFO ] 2023-02-14T19:17:49,622Z [Test worker] internal.InternalMockNetwork$MockNode. - Loaded network parameters: NetworkParameters {
      minimumPlatformVersion=1
      notaries=[NotaryInfo(identity=O=Notary, L=London, C=GB, validating=true)]
      maxMessageSize=10485760
      maxTransactionSize=524288000
      whitelistedContractImplementations {
        
      }
      eventHorizon=PT720H
      packageOwnership {
        
      }
      modifiedTime=2023-02-14T19:17:28.663Z
      epoch=1
  } {}
[INFO ] 2023-02-14T19:17:54,969Z [Test worker] internal.InternalMockNetwork$MockNode. - Connected to H2 database. {}
[INFO ] 2023-02-14T19:17:55,290Z [Test worker] persistence.HibernateConfiguration. - Init HibernateConfiguration for schemas: [CommonSchemaV1(name=net.corda.core.schemas.CommonSchema, version=1), VaultSchemaV1(name=net.corda.node.services.vault.VaultSchema, version=1), NodeInfoSchemaV1(name=net.corda.node.internal.schemas.NodeInfoSchema, version=1), NodeCoreV1(name=net.corda.node.services.schema.NodeSchemaService$NodeCore, version=1), JPANotarySchemaV1(name=net.corda.notary.jpa.JPANotarySchema, version=1)] {}
[INFO ] 2023-02-14T19:17:55,296Z [Test worker] factory.BaseSessionFactoryFactory. - Creating session factory for schemas: [CommonSchemaV1(name=net.corda.core.schemas.CommonSchema, version=1), VaultSchemaV1(name=net.corda.node.services.vault.VaultSchema, version=1), NodeInfoSchemaV1(name=net.corda.node.internal.schemas.NodeInfoSchema, version=1), NodeCoreV1(name=net.corda.node.services.schema.NodeSchemaService$NodeCore, version=1), JPANotarySchemaV1(name=net.corda.notary.jpa.JPANotarySchema, version=1)] {}
[INFO ] 2023-02-14T19:17:58,280Z [Test worker] factory.BaseSessionFactoryFactory. - Created session factory for schemas: [CommonSchemaV1(name=net.corda.core.schemas.CommonSchema, version=1), VaultSchemaV1(name=net.corda.node.services.vault.VaultSchema, version=1), NodeInfoSchemaV1(name=net.corda.node.internal.schemas.NodeInfoSchema, version=1), NodeCoreV1(name=net.corda.node.services.schema.NodeSchemaService$NodeCore, version=1), JPANotarySchemaV1(name=net.corda.notary.jpa.JPANotarySchema, version=1)] {}
[INFO ] 2023-02-14T19:17:58,588Z [Test worker] internal.InternalMockNetwork$MockNode. - Node-info has changed so submitting update. Old node-info was null {}
[INFO ] 2023-02-14T19:17:58,596Z [Test worker] network.PersistentNetworkMapCache. - Adding node with info: NodeInfo(addresses=[mock.node:1000], legalIdentitiesAndCerts=[O=Notary, L=London, C=GB], platformVersion=11, serial=1676402278588), owningKey=DLGKmqedNb115bnFG7BRpQz1dcyRsyq115zbENb4ngiWFL {}
[INFO ] 2023-02-14T19:17:58,596Z [Test worker] network.PersistentNetworkMapCache. - No previous node found for O=Notary, L=London, C=GB {}
[INFO ] 2023-02-14T19:17:58,763Z [Test worker] internal.InternalMockNetwork$MockNode. - New node-info: NodeInfo(addresses=[mock.node:1000], legalIdentitiesAndCerts=[O=Notary, L=London, C=GB], platformVersion=11, serial=1676402278588) {}
[INFO ] 2023-02-14T19:17:58,834Z [Test worker] network.NetworkMapUpdater. - Auto-accept enabled for network parameter changes which modify only: [epoch, modifiedTime, packageOwnership, whitelistedContractImplementations] {}
[INFO ] 2023-02-14T19:17:58,874Z [Test worker] internal.MockNodeMessagingService. - Status change to true {}
[INFO ] 2023-02-14T19:17:58,877Z [Test worker] internal.InternalMockNetwork$MockNode. - MessagingService active change to: true {}
[INFO ] 2023-02-14T19:17:58,920Z [MockNode-1-2] network.PersistentNetworkMapCache. - Adding node with info: NodeInfo(addresses=[mock.node:1000], legalIdentitiesAndCerts=[O=Notary, L=London, C=GB], platformVersion=11, serial=1676402278588), owningKey=DLGKmqedNb115bnFG7BRpQz1dcyRsyq115zbENb4ngiWFL {}
[INFO ] 2023-02-14T19:17:58,920Z [MockNode-1-2] network.PersistentNetworkMapCache. - Previous node was identical to incoming one - doing nothing {}
[INFO ] 2023-02-14T19:17:59,034Z [Test worker] persistence.NodeAttachmentService. - Stored new attachment: id=8D910096F58ABAA8195807A73760B2C11EA6592BAEECBF84FD3FB834E21FDFBC uploader=app filename=4.8LTS Tutorial Contracts {}
[INFO ] 2023-02-14T19:17:59,047Z [Test worker] utilities.NotaryLoader. - Starting notary service: class net.corda.notary.jpa.JPANotaryService {}
[INFO ] 2023-02-14T19:17:59,662Z [Test worker] statemachine.SingleThreadedStateMachineManager. - Node ready, info: NodeInfo(addresses=[mock.node:1000], legalIdentitiesAndCerts=[O=Notary, L=London, C=GB], platformVersion=11, serial=1676402278588) {}
[INFO ] 2023-02-14T19:17:59,677Z [Test worker] network.PersistentNetworkMapCache. - Adding node with info: NodeInfo(addresses=[mock.node:1000], legalIdentitiesAndCerts=[O=Notary, L=London, C=GB], platformVersion=11, serial=1676402278588), owningKey=DLGKmqedNb115bnFG7BRpQz1dcyRsyq115zbENb4ngiWFL {}
[INFO ] 2023-02-14T19:17:59,677Z [Test worker] network.PersistentNetworkMapCache. - Previous node was identical to incoming one - doing nothing {}
[INFO ] 2023-02-14T19:17:59,678Z [Test worker] network.PersistentNetworkMapCache. - Adding node with info: NodeInfo(addresses=[mock.node:1000], legalIdentitiesAndCerts=[O=Notary, L=London, C=GB], platformVersion=11, serial=1676402278588), owningKey=DLGKmqedNb115bnFG7BRpQz1dcyRsyq115zbENb4ngiWFL {}
[INFO ] 2023-02-14T19:17:59,678Z [Test worker] network.PersistentNetworkMapCache. - Previous node was identical to incoming one - doing nothing {}
[INFO ] 2023-02-14T19:17:59,691Z [Test worker] cordapp.JarScanningCordappLoader. - Looking for CorDapps in [build\mock-network\20230214-191731.376-7F1CAF889D406D24\nodes\1\cordapps] {}
[INFO ] 2023-02-14T19:17:59,692Z [Test worker] cordapp.JarScanningCordappLoader. - Loading CorDapps from RestrictedURL(url=file:/C:/Users/Anvith/Dropbox/PC/Desktop/Work/Corda/samples-java/Basic/tutorial-applestamp/workflows/build/mock-network/20230214-191731.376-7F1CAF889D406D24/nodes/1/cordapps/contracts-0.1.jar, rootPackageName=null), RestrictedURL(url=file:/C:/Users/Anvith/Dropbox/PC/Desktop/Work/Corda/samples-java/Basic/tutorial-applestamp/workflows/build/mock-network/20230214-191731.376-7F1CAF889D406D24/nodes/1/cordapps/workflows-0.1.jar, rootPackageName=null) {}
[INFO ] 2023-02-14T19:17:59,692Z [Test worker] cordapp.JarScanningCordappLoader. - Scanning CorDapp in file:/C:/Users/Anvith/Dropbox/PC/Desktop/Work/Corda/samples-java/Basic/tutorial-applestamp/workflows/build/mock-network/20230214-191731.376-7F1CAF889D406D24/nodes/1/cordapps/contracts-0.1.jar {}
[INFO ] 2023-02-14T19:17:59,702Z [Test worker] cordapp.JarScanningCordappLoader. - Scanning CorDapp in file:/C:/Users/Anvith/Dropbox/PC/Desktop/Work/Corda/samples-java/Basic/tutorial-applestamp/workflows/build/mock-network/20230214-191731.376-7F1CAF889D406D24/nodes/1/cordapps/workflows-0.1.jar {}
[INFO ] 2023-02-14T19:17:59,737Z [Test worker] internal.InternalMockNetwork$MockNode. - MessagingService active change to: false {}
[INFO ] 2023-02-14T19:17:59,738Z [Test worker] internal.InternalMockNetwork$MockNode. - Flow external operation executor has a max of 2 threads {}
[INFO ] 2023-02-14T19:17:59,740Z [Test worker] internal.InternalMockNetwork$MockNode. - Node starting up ... {}
[INFO ] 2023-02-14T19:17:59,784Z [Test worker] internal.KeyStoreHandler. - Loaded trusted root certificate: DL7fwxLm5xbiMD8adUuYTsPZHAict46Ng4w6RNcySt5vAw, alias: cordarootca {}
[INFO ] 2023-02-14T19:17:59,796Z [Test worker] internal.KeyStoreHandler. - Loaded node identity key: DL44c2EnfgzzRuxReqQapmRZQL5gFjMLQz3ErmDMqNnowc, alias: identity-private-key {}
[INFO ] 2023-02-14T19:17:59,804Z [Test worker] internal.NodeFlowManager. - Registered com.tutorial.flows.CreateAndIssueAppleStamp$CreateAndIssueAppleStampInitiator to initiate com.tutorial.flows.CreateAndIssueAppleStamp$CreateAndIssueAppleStampResponder (version 1) {}
[INFO ] 2023-02-14T19:17:59,804Z [Test worker] internal.NodeFlowManager. - Registered com.tutorial.flows.RedeemApples$RedeemApplesInitiator to initiate com.tutorial.flows.RedeemApples$RedeemApplesResponder (version 1) {}
[INFO ] 2023-02-14T19:17:59,804Z [Test worker] internal.NodeFlowManager. - Registered com.tutorial.flows.TemplateInitiator to initiate com.tutorial.flows.TemplateResponder (version 1) {}
[INFO ] 2023-02-14T19:17:59,808Z [Test worker] internal.InternalMockNetwork$MockNode. - Loaded network parameters: NetworkParameters {
      minimumPlatformVersion=1
      notaries=[NotaryInfo(identity=O=Notary, L=London, C=GB, validating=true)]
      maxMessageSize=10485760
      maxTransactionSize=524288000
      whitelistedContractImplementations {
        
      }
      eventHorizon=PT720H
      packageOwnership {
        
      }
      modifiedTime=2023-02-14T19:17:28.663Z
      epoch=1
  } {}
[INFO ] 2023-02-14T19:18:00,445Z [Test worker] internal.InternalMockNetwork$MockNode. - Connected to H2 database. {}
[INFO ] 2023-02-14T19:18:00,447Z [Test worker] persistence.HibernateConfiguration. - Init HibernateConfiguration for schemas: [CommonSchemaV1(name=net.corda.core.schemas.CommonSchema, version=1), VaultSchemaV1(name=net.corda.node.services.vault.VaultSchema, version=1), NodeInfoSchemaV1(name=net.corda.node.internal.schemas.NodeInfoSchema, version=1), NodeCoreV1(name=net.corda.node.services.schema.NodeSchemaService$NodeCore, version=1)] {}
[INFO ] 2023-02-14T19:18:00,447Z [Test worker] factory.BaseSessionFactoryFactory. - Creating session factory for schemas: [CommonSchemaV1(name=net.corda.core.schemas.CommonSchema, version=1), VaultSchemaV1(name=net.corda.node.services.vault.VaultSchema, version=1), NodeInfoSchemaV1(name=net.corda.node.internal.schemas.NodeInfoSchema, version=1), NodeCoreV1(name=net.corda.node.services.schema.NodeSchemaService$NodeCore, version=1)] {}
[INFO ] 2023-02-14T19:18:00,587Z [Test worker] factory.BaseSessionFactoryFactory. - Created session factory for schemas: [CommonSchemaV1(name=net.corda.core.schemas.CommonSchema, version=1), VaultSchemaV1(name=net.corda.node.services.vault.VaultSchema, version=1), NodeInfoSchemaV1(name=net.corda.node.internal.schemas.NodeInfoSchema, version=1), NodeCoreV1(name=net.corda.node.services.schema.NodeSchemaService$NodeCore, version=1)] {}
[INFO ] 2023-02-14T19:18:00,592Z [Test worker] internal.InternalMockNetwork$MockNode. - Node-info has changed so submitting update. Old node-info was null {}
[INFO ] 2023-02-14T19:18:00,596Z [Test worker] network.PersistentNetworkMapCache. - Adding node with info: NodeInfo(addresses=[mock.node:1000], legalIdentitiesAndCerts=[O=Mock Company 1, L=London, C=GB], platformVersion=11, serial=1676402280592), owningKey=DL44c2EnfgzzRuxReqQapmRZQL5gFjMLQz3ErmDMqNnowc {}
[INFO ] 2023-02-14T19:18:00,596Z [Test worker] network.PersistentNetworkMapCache. - No previous node found for O=Mock Company 1, L=London, C=GB {}
[INFO ] 2023-02-14T19:18:00,605Z [Test worker] internal.InternalMockNetwork$MockNode. - New node-info: NodeInfo(addresses=[mock.node:1000], legalIdentitiesAndCerts=[O=Mock Company 1, L=London, C=GB], platformVersion=11, serial=1676402280592) {}
[INFO ] 2023-02-14T19:18:00,613Z [Test worker] network.NetworkMapUpdater. - Auto-accept enabled for network parameter changes which modify only: [epoch, modifiedTime, packageOwnership, whitelistedContractImplementations] {}
[INFO ] 2023-02-14T19:18:00,613Z [Test worker] internal.MockNodeMessagingService. - Status change to true {}
[INFO ] 2023-02-14T19:18:00,613Z [Test worker] internal.InternalMockNetwork$MockNode. - MessagingService active change to: true {}
[INFO ] 2023-02-14T19:18:00,623Z [MockNode-2-2] network.PersistentNetworkMapCache. - Adding node with info: NodeInfo(addresses=[mock.node:1000], legalIdentitiesAndCerts=[O=Mock Company 1, L=London, C=GB], platformVersion=11, serial=1676402280592), owningKey=DL44c2EnfgzzRuxReqQapmRZQL5gFjMLQz3ErmDMqNnowc {}
[INFO ] 2023-02-14T19:18:00,623Z [MockNode-2-2] network.PersistentNetworkMapCache. - Previous node was identical to incoming one - doing nothing {}
[INFO ] 2023-02-14T19:18:00,653Z [Test worker] persistence.NodeAttachmentService. - Stored new attachment: id=8D910096F58ABAA8195807A73760B2C11EA6592BAEECBF84FD3FB834E21FDFBC uploader=app filename=4.8LTS Tutorial Contracts {}
[INFO ] 2023-02-14T19:18:00,677Z [Test worker] statemachine.SingleThreadedStateMachineManager. - Node ready, info: NodeInfo(addresses=[mock.node:1000], legalIdentitiesAndCerts=[O=Mock Company 1, L=London, C=GB], platformVersion=11, serial=1676402280592) {}
[INFO ] 2023-02-14T19:18:00,681Z [Test worker] network.PersistentNetworkMapCache. - Adding node with info: NodeInfo(addresses=[mock.node:1000], legalIdentitiesAndCerts=[O=Notary, L=London, C=GB], platformVersion=11, serial=1676402278588), owningKey=DLGKmqedNb115bnFG7BRpQz1dcyRsyq115zbENb4ngiWFL {}
[INFO ] 2023-02-14T19:18:00,681Z [Test worker] network.PersistentNetworkMapCache. - No previous node found for O=Notary, L=London, C=GB {}
[INFO ] 2023-02-14T19:18:00,698Z [Test worker] network.PersistentNetworkMapCache. - Adding node with info: NodeInfo(addresses=[mock.node:1000], legalIdentitiesAndCerts=[O=Mock Company 1, L=London, C=GB], platformVersion=11, serial=1676402280592), owningKey=DL44c2EnfgzzRuxReqQapmRZQL5gFjMLQz3ErmDMqNnowc {}
[INFO ] 2023-02-14T19:18:00,698Z [Test worker] network.PersistentNetworkMapCache. - No previous node found for O=Mock Company 1, L=London, C=GB {}
[INFO ] 2023-02-14T19:18:00,712Z [Test worker] network.PersistentNetworkMapCache. - Adding node with info: NodeInfo(addresses=[mock.node:1000], legalIdentitiesAndCerts=[O=Mock Company 1, L=London, C=GB], platformVersion=11, serial=1676402280592), owningKey=DL44c2EnfgzzRuxReqQapmRZQL5gFjMLQz3ErmDMqNnowc {}
[INFO ] 2023-02-14T19:18:00,712Z [Test worker] network.PersistentNetworkMapCache. - Previous node was identical to incoming one - doing nothing {}
[INFO ] 2023-02-14T19:18:00,712Z [Test worker] network.PersistentNetworkMapCache. - Adding node with info: NodeInfo(addresses=[mock.node:1000], legalIdentitiesAndCerts=[O=Mock Company 1, L=London, C=GB], platformVersion=11, serial=1676402280592), owningKey=DL44c2EnfgzzRuxReqQapmRZQL5gFjMLQz3ErmDMqNnowc {}
[INFO ] 2023-02-14T19:18:00,712Z [Test worker] network.PersistentNetworkMapCache. - Previous node was identical to incoming one - doing nothing {}
[INFO ] 2023-02-14T19:18:00,724Z [Test worker] cordapp.JarScanningCordappLoader. - Looking for CorDapps in [build\mock-network\20230214-191731.376-7F1CAF889D406D24\nodes\2\cordapps] {}
[INFO ] 2023-02-14T19:18:00,725Z [Test worker] cordapp.JarScanningCordappLoader. - Loading CorDapps from RestrictedURL(url=file:/C:/Users/Anvith/Dropbox/PC/Desktop/Work/Corda/samples-java/Basic/tutorial-applestamp/workflows/build/mock-network/20230214-191731.376-7F1CAF889D406D24/nodes/2/cordapps/contracts-0.1.jar, rootPackageName=null), RestrictedURL(url=file:/C:/Users/Anvith/Dropbox/PC/Desktop/Work/Corda/samples-java/Basic/tutorial-applestamp/workflows/build/mock-network/20230214-191731.376-7F1CAF889D406D24/nodes/2/cordapps/workflows-0.1.jar, rootPackageName=null) {}
[INFO ] 2023-02-14T19:18:00,725Z [Test worker] cordapp.JarScanningCordappLoader. - Scanning CorDapp in file:/C:/Users/Anvith/Dropbox/PC/Desktop/Work/Corda/samples-java/Basic/tutorial-applestamp/workflows/build/mock-network/20230214-191731.376-7F1CAF889D406D24/nodes/2/cordapps/contracts-0.1.jar {}
[INFO ] 2023-02-14T19:18:00,736Z [Test worker] cordapp.JarScanningCordappLoader. - Scanning CorDapp in file:/C:/Users/Anvith/Dropbox/PC/Desktop/Work/Corda/samples-java/Basic/tutorial-applestamp/workflows/build/mock-network/20230214-191731.376-7F1CAF889D406D24/nodes/2/cordapps/workflows-0.1.jar {}
[INFO ] 2023-02-14T19:18:00,764Z [Test worker] internal.InternalMockNetwork$MockNode. - MessagingService active change to: false {}
[INFO ] 2023-02-14T19:18:00,766Z [Test worker] internal.InternalMockNetwork$MockNode. - Flow external operation executor has a max of 2 threads {}
[INFO ] 2023-02-14T19:18:00,768Z [Test worker] internal.InternalMockNetwork$MockNode. - Node starting up ... {}
[INFO ] 2023-02-14T19:18:00,807Z [Test worker] internal.KeyStoreHandler. - Loaded trusted root certificate: DL7fwxLm5xbiMD8adUuYTsPZHAict46Ng4w6RNcySt5vAw, alias: cordarootca {}
[INFO ] 2023-02-14T19:18:00,808Z [Test worker] internal.KeyStoreHandler. - Loaded node identity key: DL2BitieZr1DizpuNmEWV4drocQrB2Qmk6VMohTZ5LBRo4, alias: identity-private-key {}
[INFO ] 2023-02-14T19:18:00,816Z [Test worker] internal.NodeFlowManager. - Registered com.tutorial.flows.CreateAndIssueAppleStamp$CreateAndIssueAppleStampInitiator to initiate com.tutorial.flows.CreateAndIssueAppleStamp$CreateAndIssueAppleStampResponder (version 1) {}
[INFO ] 2023-02-14T19:18:00,816Z [Test worker] internal.NodeFlowManager. - Registered com.tutorial.flows.RedeemApples$RedeemApplesInitiator to initiate com.tutorial.flows.RedeemApples$RedeemApplesResponder (version 1) {}
[INFO ] 2023-02-14T19:18:00,816Z [Test worker] internal.NodeFlowManager. - Registered com.tutorial.flows.TemplateInitiator to initiate com.tutorial.flows.TemplateResponder (version 1) {}
[INFO ] 2023-02-14T19:18:00,821Z [Test worker] internal.InternalMockNetwork$MockNode. - Loaded network parameters: NetworkParameters {
      minimumPlatformVersion=1
      notaries=[NotaryInfo(identity=O=Notary, L=London, C=GB, validating=true)]
      maxMessageSize=10485760
      maxTransactionSize=524288000
      whitelistedContractImplementations {
        
      }
      eventHorizon=PT720H
      packageOwnership {
        
      }
      modifiedTime=2023-02-14T19:17:28.663Z
      epoch=1
  } {}
[INFO ] 2023-02-14T19:18:01,339Z [Test worker] internal.InternalMockNetwork$MockNode. - Connected to H2 database. {}
[INFO ] 2023-02-14T19:18:01,341Z [Test worker] persistence.HibernateConfiguration. - Init HibernateConfiguration for schemas: [CommonSchemaV1(name=net.corda.core.schemas.CommonSchema, version=1), VaultSchemaV1(name=net.corda.node.services.vault.VaultSchema, version=1), NodeInfoSchemaV1(name=net.corda.node.internal.schemas.NodeInfoSchema, version=1), NodeCoreV1(name=net.corda.node.services.schema.NodeSchemaService$NodeCore, version=1)] {}
[INFO ] 2023-02-14T19:18:01,341Z [Test worker] factory.BaseSessionFactoryFactory. - Creating session factory for schemas: [CommonSchemaV1(name=net.corda.core.schemas.CommonSchema, version=1), VaultSchemaV1(name=net.corda.node.services.vault.VaultSchema, version=1), NodeInfoSchemaV1(name=net.corda.node.internal.schemas.NodeInfoSchema, version=1), NodeCoreV1(name=net.corda.node.services.schema.NodeSchemaService$NodeCore, version=1)] {}
[INFO ] 2023-02-14T19:18:01,480Z [Test worker] factory.BaseSessionFactoryFactory. - Created session factory for schemas: [CommonSchemaV1(name=net.corda.core.schemas.CommonSchema, version=1), VaultSchemaV1(name=net.corda.node.services.vault.VaultSchema, version=1), NodeInfoSchemaV1(name=net.corda.node.internal.schemas.NodeInfoSchema, version=1), NodeCoreV1(name=net.corda.node.services.schema.NodeSchemaService$NodeCore, version=1)] {}
[INFO ] 2023-02-14T19:18:01,486Z [Test worker] internal.InternalMockNetwork$MockNode. - Node-info has changed so submitting update. Old node-info was null {}
[INFO ] 2023-02-14T19:18:01,490Z [Test worker] network.PersistentNetworkMapCache. - Adding node with info: NodeInfo(addresses=[mock.node:1000], legalIdentitiesAndCerts=[O=Mock Company 2, L=London, C=GB], platformVersion=11, serial=1676402281486), owningKey=DL2BitieZr1DizpuNmEWV4drocQrB2Qmk6VMohTZ5LBRo4 {}
[INFO ] 2023-02-14T19:18:01,490Z [Test worker] network.PersistentNetworkMapCache. - No previous node found for O=Mock Company 2, L=London, C=GB {}
[INFO ] 2023-02-14T19:18:01,501Z [Test worker] internal.InternalMockNetwork$MockNode. - New node-info: NodeInfo(addresses=[mock.node:1000], legalIdentitiesAndCerts=[O=Mock Company 2, L=London, C=GB], platformVersion=11, serial=1676402281486) {}
[INFO ] 2023-02-14T19:18:01,516Z [Test worker] network.NetworkMapUpdater. - Auto-accept enabled for network parameter changes which modify only: [epoch, modifiedTime, packageOwnership, whitelistedContractImplementations] {}
[INFO ] 2023-02-14T19:18:01,516Z [Test worker] internal.MockNodeMessagingService. - Status change to true {}
[INFO ] 2023-02-14T19:18:01,516Z [Test worker] internal.InternalMockNetwork$MockNode. - MessagingService active change to: true {}
[INFO ] 2023-02-14T19:18:01,527Z [MockNode-3-2] network.PersistentNetworkMapCache. - Adding node with info: NodeInfo(addresses=[mock.node:1000], legalIdentitiesAndCerts=[O=Mock Company 2, L=London, C=GB], platformVersion=11, serial=1676402281486), owningKey=DL2BitieZr1DizpuNmEWV4drocQrB2Qmk6VMohTZ5LBRo4 {}
[INFO ] 2023-02-14T19:18:01,527Z [MockNode-3-2] network.PersistentNetworkMapCache. - Previous node was identical to incoming one - doing nothing {}
[INFO ] 2023-02-14T19:18:01,550Z [Test worker] persistence.NodeAttachmentService. - Stored new attachment: id=8D910096F58ABAA8195807A73760B2C11EA6592BAEECBF84FD3FB834E21FDFBC uploader=app filename=4.8LTS Tutorial Contracts {}
[INFO ] 2023-02-14T19:18:01,572Z [Test worker] statemachine.SingleThreadedStateMachineManager. - Node ready, info: NodeInfo(addresses=[mock.node:1000], legalIdentitiesAndCerts=[O=Mock Company 2, L=London, C=GB], platformVersion=11, serial=1676402281486) {}
[INFO ] 2023-02-14T19:18:01,577Z [Test worker] network.PersistentNetworkMapCache. - Adding node with info: NodeInfo(addresses=[mock.node:1000], legalIdentitiesAndCerts=[O=Notary, L=London, C=GB], platformVersion=11, serial=1676402278588), owningKey=DLGKmqedNb115bnFG7BRpQz1dcyRsyq115zbENb4ngiWFL {}
[INFO ] 2023-02-14T19:18:01,577Z [Test worker] network.PersistentNetworkMapCache. - No previous node found for O=Notary, L=London, C=GB {}
[INFO ] 2023-02-14T19:18:01,593Z [Test worker] network.PersistentNetworkMapCache. - Adding node with info: NodeInfo(addresses=[mock.node:1000], legalIdentitiesAndCerts=[O=Mock Company 2, L=London, C=GB], platformVersion=11, serial=1676402281486), owningKey=DL2BitieZr1DizpuNmEWV4drocQrB2Qmk6VMohTZ5LBRo4 {}
[INFO ] 2023-02-14T19:18:01,593Z [Test worker] network.PersistentNetworkMapCache. - No previous node found for O=Mock Company 2, L=London, C=GB {}
[INFO ] 2023-02-14T19:18:01,606Z [Test worker] network.PersistentNetworkMapCache. - Adding node with info: NodeInfo(addresses=[mock.node:1000], legalIdentitiesAndCerts=[O=Mock Company 1, L=London, C=GB], platformVersion=11, serial=1676402280592), owningKey=DL44c2EnfgzzRuxReqQapmRZQL5gFjMLQz3ErmDMqNnowc {}
[INFO ] 2023-02-14T19:18:01,606Z [Test worker] network.PersistentNetworkMapCache. - No previous node found for O=Mock Company 1, L=London, C=GB {}
[INFO ] 2023-02-14T19:18:01,619Z [Test worker] network.PersistentNetworkMapCache. - Adding node with info: NodeInfo(addresses=[mock.node:1000], legalIdentitiesAndCerts=[O=Mock Company 2, L=London, C=GB], platformVersion=11, serial=1676402281486), owningKey=DL2BitieZr1DizpuNmEWV4drocQrB2Qmk6VMohTZ5LBRo4 {}
[INFO ] 2023-02-14T19:18:01,619Z [Test worker] network.PersistentNetworkMapCache. - No previous node found for O=Mock Company 2, L=London, C=GB {}
[INFO ] 2023-02-14T19:18:01,630Z [Test worker] network.PersistentNetworkMapCache. - Adding node with info: NodeInfo(addresses=[mock.node:1000], legalIdentitiesAndCerts=[O=Mock Company 2, L=London, C=GB], platformVersion=11, serial=1676402281486), owningKey=DL2BitieZr1DizpuNmEWV4drocQrB2Qmk6VMohTZ5LBRo4 {}
[INFO ] 2023-02-14T19:18:01,630Z [Test worker] network.PersistentNetworkMapCache. - Previous node was identical to incoming one - doing nothing {}
[INFO ] 2023-02-14T19:18:01,631Z [Test worker] network.PersistentNetworkMapCache. - Adding node with info: NodeInfo(addresses=[mock.node:1000], legalIdentitiesAndCerts=[O=Mock Company 2, L=London, C=GB], platformVersion=11, serial=1676402281486), owningKey=DL2BitieZr1DizpuNmEWV4drocQrB2Qmk6VMohTZ5LBRo4 {}
[INFO ] 2023-02-14T19:18:01,631Z [Test worker] network.PersistentNetworkMapCache. - Previous node was identical to incoming one - doing nothing {}
[WARN ] 2023-02-14T19:18:01,934Z [Mock network] transactions.TransactionBuilder. - Signature constraints not available on network requiring a minimum platform version of 4. Current is: 1. {actor_id=Only For Testing, actor_owning_identity=O=Mock Company 1, L=London, C=GB, actor_store_id=TEST, fiber-id=10000001, flow-id=b8329d8e-2791-4998-b0ca-cd0a397fedd3, invocation_id=21160076-b1ad-4bd6-ae4a-d7db045d8be4, invocation_timestamp=2023-02-14T19:18:01.682Z, origin=Only For Testing, session_id=21160076-b1ad-4bd6-ae4a-d7db045d8be4, session_timestamp=2023-02-14T19:18:01.682Z, thread-id=329}
[WARN ] 2023-02-14T19:18:01,934Z [Mock network] transactions.TransactionBuilder. - Reverting back to using hash constraints for contract com.tutorial.contracts.TemplateContract {actor_id=Only For Testing, actor_owning_identity=O=Mock Company 1, L=London, C=GB, actor_store_id=TEST, fiber-id=10000001, flow-id=b8329d8e-2791-4998-b0ca-cd0a397fedd3, invocation_id=21160076-b1ad-4bd6-ae4a-d7db045d8be4, invocation_timestamp=2023-02-14T19:18:01.682Z, origin=Only For Testing, session_id=21160076-b1ad-4bd6-ae4a-d7db045d8be4, session_timestamp=2023-02-14T19:18:01.682Z, thread-id=329}
[INFO ] 2023-02-14T19:18:02,586Z [Mock network] corda.flow. - Received transaction acknowledgement request from party O=Mock Company 1, L=London, C=GB. {fiber-id=10000002, flow-id=4d7c0958-19cf-46e1-99dc-2b180b1da3cf, invocation_id=2406985a-8970-43ec-b68e-eee24803c7f7, invocation_timestamp=2023-02-14T19:18:02.527Z, origin=O=Mock Company 1, L=London, C=GB, session_id=2406985a-8970-43ec-b68e-eee24803c7f7, session_timestamp=2023-02-14T19:18:02.527Z, thread-id=329, tx_id=752D537D0A49824B2E992DD3D6FA5CC25D04CAF0AA0510CF87EC66B1AEA6334C}
[INFO ] 2023-02-14T19:18:02,640Z [Mock network] corda.flow. - Transaction dependencies resolution completed. {fiber-id=10000002, flow-id=4d7c0958-19cf-46e1-99dc-2b180b1da3cf, invocation_id=2406985a-8970-43ec-b68e-eee24803c7f7, invocation_timestamp=2023-02-14T19:18:02.527Z, origin=O=Mock Company 1, L=London, C=GB, session_id=2406985a-8970-43ec-b68e-eee24803c7f7, session_timestamp=2023-02-14T19:18:02.527Z, thread-id=329, tx_id=752D537D0A49824B2E992DD3D6FA5CC25D04CAF0AA0510CF87EC66B1AEA6334C}
[INFO ] 2023-02-14T19:18:02,777Z [Mock network] corda.flow. - No need to notarise this transaction. {actor_id=Only For Testing, actor_owning_identity=O=Mock Company 1, L=London, C=GB, actor_store_id=TEST, fiber-id=10000001, flow-id=b8329d8e-2791-4998-b0ca-cd0a397fedd3, invocation_id=21160076-b1ad-4bd6-ae4a-d7db045d8be4, invocation_timestamp=2023-02-14T19:18:01.682Z, origin=Only For Testing, session_id=21160076-b1ad-4bd6-ae4a-d7db045d8be4, session_timestamp=2023-02-14T19:18:01.682Z, thread-id=329, tx_id=752D537D0A49824B2E992DD3D6FA5CC25D04CAF0AA0510CF87EC66B1AEA6334C}
[INFO ] 2023-02-14T19:18:02,777Z [Mock network] corda.flow. - Recording transaction locally. {actor_id=Only For Testing, actor_owning_identity=O=Mock Company 1, L=London, C=GB, actor_store_id=TEST, fiber-id=10000001, flow-id=b8329d8e-2791-4998-b0ca-cd0a397fedd3, invocation_id=21160076-b1ad-4bd6-ae4a-d7db045d8be4, invocation_timestamp=2023-02-14T19:18:01.682Z, origin=Only For Testing, session_id=21160076-b1ad-4bd6-ae4a-d7db045d8be4, session_timestamp=2023-02-14T19:18:01.682Z, thread-id=329, tx_id=752D537D0A49824B2E992DD3D6FA5CC25D04CAF0AA0510CF87EC66B1AEA6334C}
[INFO ] 2023-02-14T19:18:02,873Z [Mock network] corda.flow. - Recorded transaction locally successfully. {actor_id=Only For Testing, actor_owning_identity=O=Mock Company 1, L=London, C=GB, actor_store_id=TEST, fiber-id=10000001, flow-id=b8329d8e-2791-4998-b0ca-cd0a397fedd3, invocation_id=21160076-b1ad-4bd6-ae4a-d7db045d8be4, invocation_timestamp=2023-02-14T19:18:01.682Z, origin=Only For Testing, session_id=21160076-b1ad-4bd6-ae4a-d7db045d8be4, session_timestamp=2023-02-14T19:18:01.682Z, thread-id=329, tx_id=752D537D0A49824B2E992DD3D6FA5CC25D04CAF0AA0510CF87EC66B1AEA6334C}
[INFO ] 2023-02-14T19:18:02,902Z [Mock network] corda.flow. - Received transaction acknowledgement request from party O=Mock Company 1, L=London, C=GB. {fiber-id=10000002, flow-id=4d7c0958-19cf-46e1-99dc-2b180b1da3cf, invocation_id=2406985a-8970-43ec-b68e-eee24803c7f7, invocation_timestamp=2023-02-14T19:18:02.527Z, origin=O=Mock Company 1, L=London, C=GB, session_id=2406985a-8970-43ec-b68e-eee24803c7f7, session_timestamp=2023-02-14T19:18:02.527Z, thread-id=329, tx_id=752D537D0A49824B2E992DD3D6FA5CC25D04CAF0AA0510CF87EC66B1AEA6334C}
[INFO ] 2023-02-14T19:18:02,923Z [Mock network] corda.flow. - Transaction dependencies resolution completed. {fiber-id=10000002, flow-id=4d7c0958-19cf-46e1-99dc-2b180b1da3cf, invocation_id=2406985a-8970-43ec-b68e-eee24803c7f7, invocation_timestamp=2023-02-14T19:18:02.527Z, origin=O=Mock Company 1, L=London, C=GB, session_id=2406985a-8970-43ec-b68e-eee24803c7f7, session_timestamp=2023-02-14T19:18:02.527Z, thread-id=329, tx_id=752D537D0A49824B2E992DD3D6FA5CC25D04CAF0AA0510CF87EC66B1AEA6334C}
[INFO ] 2023-02-14T19:18:02,930Z [Mock network] corda.flow. - Successfully received fully signed tx. Sending it to the vault for processing. {fiber-id=10000002, flow-id=4d7c0958-19cf-46e1-99dc-2b180b1da3cf, invocation_id=2406985a-8970-43ec-b68e-eee24803c7f7, invocation_timestamp=2023-02-14T19:18:02.527Z, origin=O=Mock Company 1, L=London, C=GB, session_id=2406985a-8970-43ec-b68e-eee24803c7f7, session_timestamp=2023-02-14T19:18:02.527Z, thread-id=329, tx_id=752D537D0A49824B2E992DD3D6FA5CC25D04CAF0AA0510CF87EC66B1AEA6334C}
[INFO ] 2023-02-14T19:18:02,941Z [Mock network] corda.flow. - Successfully recorded received transaction locally. {fiber-id=10000002, flow-id=4d7c0958-19cf-46e1-99dc-2b180b1da3cf, invocation_id=2406985a-8970-43ec-b68e-eee24803c7f7, invocation_timestamp=2023-02-14T19:18:02.527Z, origin=O=Mock Company 1, L=London, C=GB, session_id=2406985a-8970-43ec-b68e-eee24803c7f7, session_timestamp=2023-02-14T19:18:02.527Z, thread-id=329, tx_id=752D537D0A49824B2E992DD3D6FA5CC25D04CAF0AA0510CF87EC66B1AEA6334C}
[INFO ] 2023-02-14T19:18:02,977Z [Mock network] corda.flow. - Party O=Mock Company 2, L=London, C=GB received the transaction. {actor_id=Only For Testing, actor_owning_identity=O=Mock Company 1, L=London, C=GB, actor_store_id=TEST, fiber-id=10000001, flow-id=b8329d8e-2791-4998-b0ca-cd0a397fedd3, invocation_id=21160076-b1ad-4bd6-ae4a-d7db045d8be4, invocation_timestamp=2023-02-14T19:18:01.682Z, origin=Only For Testing, session_id=21160076-b1ad-4bd6-ae4a-d7db045d8be4, session_timestamp=2023-02-14T19:18:01.682Z, thread-id=329, tx_id=752D537D0A49824B2E992DD3D6FA5CC25D04CAF0AA0510CF87EC66B1AEA6334C}
[INFO ] 2023-02-14T19:18:02,978Z [Mock network] corda.flow. - All parties received the transaction successfully. {actor_id=Only For Testing, actor_owning_identity=O=Mock Company 1, L=London, C=GB, actor_store_id=TEST, fiber-id=10000001, flow-id=b8329d8e-2791-4998-b0ca-cd0a397fedd3, invocation_id=21160076-b1ad-4bd6-ae4a-d7db045d8be4, invocation_timestamp=2023-02-14T19:18:01.682Z, origin=Only For Testing, session_id=21160076-b1ad-4bd6-ae4a-d7db045d8be4, session_timestamp=2023-02-14T19:18:01.682Z, thread-id=329, tx_id=752D537D0A49824B2E992DD3D6FA5CC25D04CAF0AA0510CF87EC66B1AEA6334C}
[INFO ] 2023-02-14T19:18:03,055Z [Test worker] persistence.CordaPersistence. - Closing HikariDataSource (HikariPool-1) {}
[INFO ] 2023-02-14T19:18:03,076Z [Test worker] internal.MockNodeMessagingService. - Status change to false {}
[INFO ] 2023-02-14T19:18:03,076Z [Test worker] internal.InternalMockNetwork$MockNode. - MessagingService active change to: false {}
[INFO ] 2023-02-14T19:18:03,081Z [Test worker] persistence.CordaPersistence. - Closing HikariDataSource (HikariPool-2) {}
[INFO ] 2023-02-14T19:18:03,093Z [Test worker] internal.MockNodeMessagingService. - Status change to false {}
[INFO ] 2023-02-14T19:18:03,093Z [Test worker] internal.InternalMockNetwork$MockNode. - MessagingService active change to: false {}
[INFO ] 2023-02-14T19:18:03,095Z [Test worker] persistence.CordaPersistence. - Closing HikariDataSource (HikariPool-3) {}
[INFO ] 2023-02-14T19:18:03,115Z [Test worker] internal.MockNodeMessagingService. - Status change to false {}
[INFO ] 2023-02-14T19:18:03,115Z [Test worker] internal.InternalMockNetwork$MockNode. - MessagingService active change to: false {}
[INFO ] 2023-02-14T19:18:03,213Z [Test worker] cordapp.JarScanningCordappLoader. - Looking for CorDapps in [build\mock-network\20230214-191803.120-91BFD082171FC4BC\nodes\0\cordapps] {}
[INFO ] 2023-02-14T19:18:03,213Z [Test worker] cordapp.JarScanningCordappLoader. - Loading CorDapps from RestrictedURL(url=file:/C:/Users/Anvith/Dropbox/PC/Desktop/Work/Corda/samples-java/Basic/tutorial-applestamp/workflows/build/mock-network/20230214-191803.120-91BFD082171FC4BC/nodes/0/cordapps/contracts-0.1.jar, rootPackageName=null), RestrictedURL(url=file:/C:/Users/Anvith/Dropbox/PC/Desktop/Work/Corda/samples-java/Basic/tutorial-applestamp/workflows/build/mock-network/20230214-191803.120-91BFD082171FC4BC/nodes/0/cordapps/workflows-0.1.jar, rootPackageName=null) {}
[INFO ] 2023-02-14T19:18:03,214Z [Test worker] cordapp.JarScanningCordappLoader. - Scanning CorDapp in file:/C:/Users/Anvith/Dropbox/PC/Desktop/Work/Corda/samples-java/Basic/tutorial-applestamp/workflows/build/mock-network/20230214-191803.120-91BFD082171FC4BC/nodes/0/cordapps/contracts-0.1.jar {}
[INFO ] 2023-02-14T19:18:03,224Z [Test worker] cordapp.JarScanningCordappLoader. - Scanning CorDapp in file:/C:/Users/Anvith/Dropbox/PC/Desktop/Work/Corda/samples-java/Basic/tutorial-applestamp/workflows/build/mock-network/20230214-191803.120-91BFD082171FC4BC/nodes/0/cordapps/workflows-0.1.jar {}
[INFO ] 2023-02-14T19:18:03,251Z [Test worker] internal.InternalMockNetwork$MockNode. - MessagingService active change to: false {}
[INFO ] 2023-02-14T19:18:03,252Z [Test worker] internal.InternalMockNetwork$MockNode. - Flow external operation executor has a max of 2 threads {}
[INFO ] 2023-02-14T19:18:03,254Z [Test worker] internal.InternalMockNetwork$MockNode. - Node starting up ... {}
[INFO ] 2023-02-14T19:18:03,258Z [Test worker] internal.KeyStoreHandler. - Loaded trusted root certificate: DL7fwxLm5xbiMD8adUuYTsPZHAict46Ng4w6RNcySt5vAw, alias: cordarootca {}
[INFO ] 2023-02-14T19:18:03,258Z [Test worker] internal.KeyStoreHandler. - Loaded node identity key: DLHRPeYMVESH6K1TqKZ3feriE7DQkv3jgU2Qdq6kGqEvCF, alias: identity-private-key {}
[INFO ] 2023-02-14T19:18:03,266Z [Test worker] internal.NodeFlowManager. - Registered com.tutorial.flows.CreateAndIssueAppleStamp$CreateAndIssueAppleStampInitiator to initiate com.tutorial.flows.CreateAndIssueAppleStamp$CreateAndIssueAppleStampResponder (version 1) {}
[INFO ] 2023-02-14T19:18:03,266Z [Test worker] internal.NodeFlowManager. - Registered com.tutorial.flows.RedeemApples$RedeemApplesInitiator to initiate com.tutorial.flows.RedeemApples$RedeemApplesResponder (version 1) {}
[INFO ] 2023-02-14T19:18:03,266Z [Test worker] internal.NodeFlowManager. - Registered com.tutorial.flows.TemplateInitiator to initiate com.tutorial.flows.TemplateResponder (version 1) {}
[INFO ] 2023-02-14T19:18:03,272Z [Test worker] internal.InternalMockNetwork$MockNode. - Loaded network parameters: NetworkParameters {
      minimumPlatformVersion=1
      notaries=[NotaryInfo(identity=O=Notary, L=London, C=GB, validating=true)]
      maxMessageSize=10485760
      maxTransactionSize=524288000
      whitelistedContractImplementations {
        
      }
      eventHorizon=PT720H
      packageOwnership {
        
      }
      modifiedTime=2023-02-14T19:18:03.120Z
      epoch=1
  } {}
[INFO ] 2023-02-14T19:18:03,894Z [Test worker] internal.InternalMockNetwork$MockNode. - Connected to H2 database. {}
[INFO ] 2023-02-14T19:18:03,896Z [Test worker] persistence.HibernateConfiguration. - Init HibernateConfiguration for schemas: [CommonSchemaV1(name=net.corda.core.schemas.CommonSchema, version=1), VaultSchemaV1(name=net.corda.node.services.vault.VaultSchema, version=1), NodeInfoSchemaV1(name=net.corda.node.internal.schemas.NodeInfoSchema, version=1), NodeCoreV1(name=net.corda.node.services.schema.NodeSchemaService$NodeCore, version=1), JPANotarySchemaV1(name=net.corda.notary.jpa.JPANotarySchema, version=1)] {}
[INFO ] 2023-02-14T19:18:03,897Z [Test worker] factory.BaseSessionFactoryFactory. - Creating session factory for schemas: [CommonSchemaV1(name=net.corda.core.schemas.CommonSchema, version=1), VaultSchemaV1(name=net.corda.node.services.vault.VaultSchema, version=1), NodeInfoSchemaV1(name=net.corda.node.internal.schemas.NodeInfoSchema, version=1), NodeCoreV1(name=net.corda.node.services.schema.NodeSchemaService$NodeCore, version=1), JPANotarySchemaV1(name=net.corda.notary.jpa.JPANotarySchema, version=1)] {}
[INFO ] 2023-02-14T19:18:04,042Z [Test worker] factory.BaseSessionFactoryFactory. - Created session factory for schemas: [CommonSchemaV1(name=net.corda.core.schemas.CommonSchema, version=1), VaultSchemaV1(name=net.corda.node.services.vault.VaultSchema, version=1), NodeInfoSchemaV1(name=net.corda.node.internal.schemas.NodeInfoSchema, version=1), NodeCoreV1(name=net.corda.node.services.schema.NodeSchemaService$NodeCore, version=1), JPANotarySchemaV1(name=net.corda.notary.jpa.JPANotarySchema, version=1)] {}
[INFO ] 2023-02-14T19:18:04,048Z [Test worker] internal.InternalMockNetwork$MockNode. - Node-info has changed so submitting update. Old node-info was null {}
[INFO ] 2023-02-14T19:18:04,052Z [Test worker] network.PersistentNetworkMapCache. - Adding node with info: NodeInfo(addresses=[mock.node:1000], legalIdentitiesAndCerts=[O=Notary, L=London, C=GB], platformVersion=11, serial=1676402284048), owningKey=DLHRPeYMVESH6K1TqKZ3feriE7DQkv3jgU2Qdq6kGqEvCF {}
[INFO ] 2023-02-14T19:18:04,052Z [Test worker] network.PersistentNetworkMapCache. - No previous node found for O=Notary, L=London, C=GB {}
[INFO ] 2023-02-14T19:18:04,070Z [Test worker] internal.InternalMockNetwork$MockNode. - New node-info: NodeInfo(addresses=[mock.node:1000], legalIdentitiesAndCerts=[O=Notary, L=London, C=GB], platformVersion=11, serial=1676402284048) {}
[INFO ] 2023-02-14T19:18:04,082Z [Test worker] network.NetworkMapUpdater. - Auto-accept enabled for network parameter changes which modify only: [epoch, modifiedTime, packageOwnership, whitelistedContractImplementations] {}
[INFO ] 2023-02-14T19:18:04,083Z [Test worker] internal.MockNodeMessagingService. - Status change to true {}
[INFO ] 2023-02-14T19:18:04,083Z [Test worker] internal.InternalMockNetwork$MockNode. - MessagingService active change to: true {}
[INFO ] 2023-02-14T19:18:04,094Z [MockNode-4-2] network.PersistentNetworkMapCache. - Adding node with info: NodeInfo(addresses=[mock.node:1000], legalIdentitiesAndCerts=[O=Notary, L=London, C=GB], platformVersion=11, serial=1676402284048), owningKey=DLHRPeYMVESH6K1TqKZ3feriE7DQkv3jgU2Qdq6kGqEvCF {}
[INFO ] 2023-02-14T19:18:04,094Z [MockNode-4-2] network.PersistentNetworkMapCache. - Previous node was identical to incoming one - doing nothing {}
[INFO ] 2023-02-14T19:18:04,121Z [Test worker] persistence.NodeAttachmentService. - Stored new attachment: id=8D910096F58ABAA8195807A73760B2C11EA6592BAEECBF84FD3FB834E21FDFBC uploader=app filename=4.8LTS Tutorial Contracts {}
[INFO ] 2023-02-14T19:18:04,124Z [Test worker] utilities.NotaryLoader. - Starting notary service: class net.corda.notary.jpa.JPANotaryService {}
[INFO ] 2023-02-14T19:18:04,149Z [Test worker] statemachine.SingleThreadedStateMachineManager. - Node ready, info: NodeInfo(addresses=[mock.node:1000], legalIdentitiesAndCerts=[O=Notary, L=London, C=GB], platformVersion=11, serial=1676402284048) {}
[INFO ] 2023-02-14T19:18:04,149Z [Test worker] network.PersistentNetworkMapCache. - Adding node with info: NodeInfo(addresses=[mock.node:1000], legalIdentitiesAndCerts=[O=Notary, L=London, C=GB], platformVersion=11, serial=1676402284048), owningKey=DLHRPeYMVESH6K1TqKZ3feriE7DQkv3jgU2Qdq6kGqEvCF {}
[INFO ] 2023-02-14T19:18:04,149Z [Test worker] network.PersistentNetworkMapCache. - Previous node was identical to incoming one - doing nothing {}
[INFO ] 2023-02-14T19:18:04,150Z [Test worker] network.PersistentNetworkMapCache. - Adding node with info: NodeInfo(addresses=[mock.node:1000], legalIdentitiesAndCerts=[O=Notary, L=London, C=GB], platformVersion=11, serial=1676402284048), owningKey=DLHRPeYMVESH6K1TqKZ3feriE7DQkv3jgU2Qdq6kGqEvCF {}
[INFO ] 2023-02-14T19:18:04,150Z [Test worker] network.PersistentNetworkMapCache. - Previous node was identical to incoming one - doing nothing {}
[INFO ] 2023-02-14T19:18:04,163Z [Test worker] cordapp.JarScanningCordappLoader. - Looking for CorDapps in [build\mock-network\20230214-191803.120-91BFD082171FC4BC\nodes\1\cordapps] {}
[INFO ] 2023-02-14T19:18:04,164Z [Test worker] cordapp.JarScanningCordappLoader. - Loading CorDapps from RestrictedURL(url=file:/C:/Users/Anvith/Dropbox/PC/Desktop/Work/Corda/samples-java/Basic/tutorial-applestamp/workflows/build/mock-network/20230214-191803.120-91BFD082171FC4BC/nodes/1/cordapps/contracts-0.1.jar, rootPackageName=null), RestrictedURL(url=file:/C:/Users/Anvith/Dropbox/PC/Desktop/Work/Corda/samples-java/Basic/tutorial-applestamp/workflows/build/mock-network/20230214-191803.120-91BFD082171FC4BC/nodes/1/cordapps/workflows-0.1.jar, rootPackageName=null) {}
[INFO ] 2023-02-14T19:18:04,164Z [Test worker] cordapp.JarScanningCordappLoader. - Scanning CorDapp in file:/C:/Users/Anvith/Dropbox/PC/Desktop/Work/Corda/samples-java/Basic/tutorial-applestamp/workflows/build/mock-network/20230214-191803.120-91BFD082171FC4BC/nodes/1/cordapps/contracts-0.1.jar {}
[INFO ] 2023-02-14T19:18:04,173Z [Test worker] cordapp.JarScanningCordappLoader. - Scanning CorDapp in file:/C:/Users/Anvith/Dropbox/PC/Desktop/Work/Corda/samples-java/Basic/tutorial-applestamp/workflows/build/mock-network/20230214-191803.120-91BFD082171FC4BC/nodes/1/cordapps/workflows-0.1.jar {}
[INFO ] 2023-02-14T19:18:04,201Z [Test worker] internal.InternalMockNetwork$MockNode. - MessagingService active change to: false {}
[INFO ] 2023-02-14T19:18:04,202Z [Test worker] internal.InternalMockNetwork$MockNode. - Flow external operation executor has a max of 2 threads {}
[INFO ] 2023-02-14T19:18:04,203Z [Test worker] internal.InternalMockNetwork$MockNode. - Node starting up ... {}
[INFO ] 2023-02-14T19:18:04,240Z [Test worker] internal.KeyStoreHandler. - Loaded trusted root certificate: DL7fwxLm5xbiMD8adUuYTsPZHAict46Ng4w6RNcySt5vAw, alias: cordarootca {}
[INFO ] 2023-02-14T19:18:04,240Z [Test worker] internal.KeyStoreHandler. - Loaded node identity key: DLDtYd4iiH7fbT64PvGZnVkNezDuWNhRCm2fLUDhm6gDVG, alias: identity-private-key {}
[INFO ] 2023-02-14T19:18:04,248Z [Test worker] internal.NodeFlowManager. - Registered com.tutorial.flows.CreateAndIssueAppleStamp$CreateAndIssueAppleStampInitiator to initiate com.tutorial.flows.CreateAndIssueAppleStamp$CreateAndIssueAppleStampResponder (version 1) {}
[INFO ] 2023-02-14T19:18:04,248Z [Test worker] internal.NodeFlowManager. - Registered com.tutorial.flows.RedeemApples$RedeemApplesInitiator to initiate com.tutorial.flows.RedeemApples$RedeemApplesResponder (version 1) {}
[INFO ] 2023-02-14T19:18:04,248Z [Test worker] internal.NodeFlowManager. - Registered com.tutorial.flows.TemplateInitiator to initiate com.tutorial.flows.TemplateResponder (version 1) {}
[INFO ] 2023-02-14T19:18:04,250Z [Test worker] internal.InternalMockNetwork$MockNode. - Loaded network parameters: NetworkParameters {
      minimumPlatformVersion=1
      notaries=[NotaryInfo(identity=O=Notary, L=London, C=GB, validating=true)]
      maxMessageSize=10485760
      maxTransactionSize=524288000
      whitelistedContractImplementations {
        
      }
      eventHorizon=PT720H
      packageOwnership {
        
      }
      modifiedTime=2023-02-14T19:18:03.120Z
      epoch=1
  } {}
[INFO ] 2023-02-14T19:18:04,630Z [Test worker] internal.InternalMockNetwork$MockNode. - Connected to H2 database. {}
[INFO ] 2023-02-14T19:18:04,632Z [Test worker] persistence.HibernateConfiguration. - Init HibernateConfiguration for schemas: [CommonSchemaV1(name=net.corda.core.schemas.CommonSchema, version=1), VaultSchemaV1(name=net.corda.node.services.vault.VaultSchema, version=1), NodeInfoSchemaV1(name=net.corda.node.internal.schemas.NodeInfoSchema, version=1), NodeCoreV1(name=net.corda.node.services.schema.NodeSchemaService$NodeCore, version=1)] {}
[INFO ] 2023-02-14T19:18:04,632Z [Test worker] factory.BaseSessionFactoryFactory. - Creating session factory for schemas: [CommonSchemaV1(name=net.corda.core.schemas.CommonSchema, version=1), VaultSchemaV1(name=net.corda.node.services.vault.VaultSchema, version=1), NodeInfoSchemaV1(name=net.corda.node.internal.schemas.NodeInfoSchema, version=1), NodeCoreV1(name=net.corda.node.services.schema.NodeSchemaService$NodeCore, version=1)] {}
[INFO ] 2023-02-14T19:18:04,760Z [Test worker] factory.BaseSessionFactoryFactory. - Created session factory for schemas: [CommonSchemaV1(name=net.corda.core.schemas.CommonSchema, version=1), VaultSchemaV1(name=net.corda.node.services.vault.VaultSchema, version=1), NodeInfoSchemaV1(name=net.corda.node.internal.schemas.NodeInfoSchema, version=1), NodeCoreV1(name=net.corda.node.services.schema.NodeSchemaService$NodeCore, version=1)] {}
[INFO ] 2023-02-14T19:18:04,767Z [Test worker] internal.InternalMockNetwork$MockNode. - Node-info has changed so submitting update. Old node-info was null {}
[INFO ] 2023-02-14T19:18:04,772Z [Test worker] network.PersistentNetworkMapCache. - Adding node with info: NodeInfo(addresses=[mock.node:1000], legalIdentitiesAndCerts=[O=Mock Company 1, L=London, C=GB], platformVersion=11, serial=1676402284767), owningKey=DLDtYd4iiH7fbT64PvGZnVkNezDuWNhRCm2fLUDhm6gDVG {}
[INFO ] 2023-02-14T19:18:04,772Z [Test worker] network.PersistentNetworkMapCache. - No previous node found for O=Mock Company 1, L=London, C=GB {}
[INFO ] 2023-02-14T19:18:04,780Z [Test worker] internal.InternalMockNetwork$MockNode. - New node-info: NodeInfo(addresses=[mock.node:1000], legalIdentitiesAndCerts=[O=Mock Company 1, L=London, C=GB], platformVersion=11, serial=1676402284767) {}
[INFO ] 2023-02-14T19:18:04,789Z [Test worker] network.NetworkMapUpdater. - Auto-accept enabled for network parameter changes which modify only: [epoch, modifiedTime, packageOwnership, whitelistedContractImplementations] {}
[INFO ] 2023-02-14T19:18:04,790Z [Test worker] internal.MockNodeMessagingService. - Status change to true {}
[INFO ] 2023-02-14T19:18:04,790Z [Test worker] internal.InternalMockNetwork$MockNode. - MessagingService active change to: true {}
[INFO ] 2023-02-14T19:18:04,800Z [MockNode-5-2] network.PersistentNetworkMapCache. - Adding node with info: NodeInfo(addresses=[mock.node:1000], legalIdentitiesAndCerts=[O=Mock Company 1, L=London, C=GB], platformVersion=11, serial=1676402284767), owningKey=DLDtYd4iiH7fbT64PvGZnVkNezDuWNhRCm2fLUDhm6gDVG {}
[INFO ] 2023-02-14T19:18:04,800Z [MockNode-5-2] network.PersistentNetworkMapCache. - Previous node was identical to incoming one - doing nothing {}
[INFO ] 2023-02-14T19:18:04,827Z [Test worker] persistence.NodeAttachmentService. - Stored new attachment: id=8D910096F58ABAA8195807A73760B2C11EA6592BAEECBF84FD3FB834E21FDFBC uploader=app filename=4.8LTS Tutorial Contracts {}
[INFO ] 2023-02-14T19:18:04,851Z [Test worker] statemachine.SingleThreadedStateMachineManager. - Node ready, info: NodeInfo(addresses=[mock.node:1000], legalIdentitiesAndCerts=[O=Mock Company 1, L=London, C=GB], platformVersion=11, serial=1676402284767) {}
[INFO ] 2023-02-14T19:18:04,855Z [Test worker] network.PersistentNetworkMapCache. - Adding node with info: NodeInfo(addresses=[mock.node:1000], legalIdentitiesAndCerts=[O=Notary, L=London, C=GB], platformVersion=11, serial=1676402284048), owningKey=DLHRPeYMVESH6K1TqKZ3feriE7DQkv3jgU2Qdq6kGqEvCF {}
[INFO ] 2023-02-14T19:18:04,855Z [Test worker] network.PersistentNetworkMapCache. - No previous node found for O=Notary, L=London, C=GB {}
[INFO ] 2023-02-14T19:18:04,865Z [Test worker] network.PersistentNetworkMapCache. - Adding node with info: NodeInfo(addresses=[mock.node:1000], legalIdentitiesAndCerts=[O=Mock Company 1, L=London, C=GB], platformVersion=11, serial=1676402284767), owningKey=DLDtYd4iiH7fbT64PvGZnVkNezDuWNhRCm2fLUDhm6gDVG {}
[INFO ] 2023-02-14T19:18:04,865Z [Test worker] network.PersistentNetworkMapCache. - No previous node found for O=Mock Company 1, L=London, C=GB {}
[INFO ] 2023-02-14T19:18:04,874Z [Test worker] network.PersistentNetworkMapCache. - Adding node with info: NodeInfo(addresses=[mock.node:1000], legalIdentitiesAndCerts=[O=Mock Company 1, L=London, C=GB], platformVersion=11, serial=1676402284767), owningKey=DLDtYd4iiH7fbT64PvGZnVkNezDuWNhRCm2fLUDhm6gDVG {}
[INFO ] 2023-02-14T19:18:04,874Z [Test worker] network.PersistentNetworkMapCache. - Previous node was identical to incoming one - doing nothing {}
[INFO ] 2023-02-14T19:18:04,875Z [Test worker] network.PersistentNetworkMapCache. - Adding node with info: NodeInfo(addresses=[mock.node:1000], legalIdentitiesAndCerts=[O=Mock Company 1, L=London, C=GB], platformVersion=11, serial=1676402284767), owningKey=DLDtYd4iiH7fbT64PvGZnVkNezDuWNhRCm2fLUDhm6gDVG {}
[INFO ] 2023-02-14T19:18:04,875Z [Test worker] network.PersistentNetworkMapCache. - Previous node was identical to incoming one - doing nothing {}
[INFO ] 2023-02-14T19:18:04,883Z [Test worker] cordapp.JarScanningCordappLoader. - Looking for CorDapps in [build\mock-network\20230214-191803.120-91BFD082171FC4BC\nodes\2\cordapps] {}
[INFO ] 2023-02-14T19:18:04,884Z [Test worker] cordapp.JarScanningCordappLoader. - Loading CorDapps from RestrictedURL(url=file:/C:/Users/Anvith/Dropbox/PC/Desktop/Work/Corda/samples-java/Basic/tutorial-applestamp/workflows/build/mock-network/20230214-191803.120-91BFD082171FC4BC/nodes/2/cordapps/contracts-0.1.jar, rootPackageName=null), RestrictedURL(url=file:/C:/Users/Anvith/Dropbox/PC/Desktop/Work/Corda/samples-java/Basic/tutorial-applestamp/workflows/build/mock-network/20230214-191803.120-91BFD082171FC4BC/nodes/2/cordapps/workflows-0.1.jar, rootPackageName=null) {}
[INFO ] 2023-02-14T19:18:04,884Z [Test worker] cordapp.JarScanningCordappLoader. - Scanning CorDapp in file:/C:/Users/Anvith/Dropbox/PC/Desktop/Work/Corda/samples-java/Basic/tutorial-applestamp/workflows/build/mock-network/20230214-191803.120-91BFD082171FC4BC/nodes/2/cordapps/contracts-0.1.jar {}
[INFO ] 2023-02-14T19:18:04,892Z [Test worker] cordapp.JarScanningCordappLoader. - Scanning CorDapp in file:/C:/Users/Anvith/Dropbox/PC/Desktop/Work/Corda/samples-java/Basic/tutorial-applestamp/workflows/build/mock-network/20230214-191803.120-91BFD082171FC4BC/nodes/2/cordapps/workflows-0.1.jar {}
[INFO ] 2023-02-14T19:18:04,914Z [Test worker] internal.InternalMockNetwork$MockNode. - MessagingService active change to: false {}
[INFO ] 2023-02-14T19:18:04,914Z [Test worker] internal.InternalMockNetwork$MockNode. - Flow external operation executor has a max of 2 threads {}
[INFO ] 2023-02-14T19:18:04,916Z [Test worker] internal.InternalMockNetwork$MockNode. - Node starting up ... {}
[INFO ] 2023-02-14T19:18:04,947Z [Test worker] internal.KeyStoreHandler. - Loaded trusted root certificate: DL7fwxLm5xbiMD8adUuYTsPZHAict46Ng4w6RNcySt5vAw, alias: cordarootca {}
[INFO ] 2023-02-14T19:18:04,947Z [Test worker] internal.KeyStoreHandler. - Loaded node identity key: DLBgmRtcjFEVHCstBBahVwZT4do3MR1Sip6NuJyg9i1dfy, alias: identity-private-key {}
[INFO ] 2023-02-14T19:18:04,952Z [Test worker] internal.NodeFlowManager. - Registered com.tutorial.flows.CreateAndIssueAppleStamp$CreateAndIssueAppleStampInitiator to initiate com.tutorial.flows.CreateAndIssueAppleStamp$CreateAndIssueAppleStampResponder (version 1) {}
[INFO ] 2023-02-14T19:18:04,952Z [Test worker] internal.NodeFlowManager. - Registered com.tutorial.flows.RedeemApples$RedeemApplesInitiator to initiate com.tutorial.flows.RedeemApples$RedeemApplesResponder (version 1) {}
[INFO ] 2023-02-14T19:18:04,952Z [Test worker] internal.NodeFlowManager. - Registered com.tutorial.flows.TemplateInitiator to initiate com.tutorial.flows.TemplateResponder (version 1) {}
[INFO ] 2023-02-14T19:18:04,954Z [Test worker] internal.InternalMockNetwork$MockNode. - Loaded network parameters: NetworkParameters {
      minimumPlatformVersion=1
      notaries=[NotaryInfo(identity=O=Notary, L=London, C=GB, validating=true)]
      maxMessageSize=10485760
      maxTransactionSize=524288000
      whitelistedContractImplementations {
        
      }
      eventHorizon=PT720H
      packageOwnership {
        
      }
      modifiedTime=2023-02-14T19:18:03.120Z
      epoch=1
  } {}
[INFO ] 2023-02-14T19:18:05,357Z [Test worker] internal.InternalMockNetwork$MockNode. - Connected to H2 database. {}
[INFO ] 2023-02-14T19:18:05,359Z [Test worker] persistence.HibernateConfiguration. - Init HibernateConfiguration for schemas: [CommonSchemaV1(name=net.corda.core.schemas.CommonSchema, version=1), VaultSchemaV1(name=net.corda.node.services.vault.VaultSchema, version=1), NodeInfoSchemaV1(name=net.corda.node.internal.schemas.NodeInfoSchema, version=1), NodeCoreV1(name=net.corda.node.services.schema.NodeSchemaService$NodeCore, version=1)] {}
[INFO ] 2023-02-14T19:18:05,359Z [Test worker] factory.BaseSessionFactoryFactory. - Creating session factory for schemas: [CommonSchemaV1(name=net.corda.core.schemas.CommonSchema, version=1), VaultSchemaV1(name=net.corda.node.services.vault.VaultSchema, version=1), NodeInfoSchemaV1(name=net.corda.node.internal.schemas.NodeInfoSchema, version=1), NodeCoreV1(name=net.corda.node.services.schema.NodeSchemaService$NodeCore, version=1)] {}
[INFO ] 2023-02-14T19:18:05,474Z [Test worker] factory.BaseSessionFactoryFactory. - Created session factory for schemas: [CommonSchemaV1(name=net.corda.core.schemas.CommonSchema, version=1), VaultSchemaV1(name=net.corda.node.services.vault.VaultSchema, version=1), NodeInfoSchemaV1(name=net.corda.node.internal.schemas.NodeInfoSchema, version=1), NodeCoreV1(name=net.corda.node.services.schema.NodeSchemaService$NodeCore, version=1)] {}
[INFO ] 2023-02-14T19:18:05,478Z [Test worker] internal.InternalMockNetwork$MockNode. - Node-info has changed so submitting update. Old node-info was null {}
[INFO ] 2023-02-14T19:18:05,482Z [Test worker] network.PersistentNetworkMapCache. - Adding node with info: NodeInfo(addresses=[mock.node:1000], legalIdentitiesAndCerts=[O=Mock Company 2, L=London, C=GB], platformVersion=11, serial=1676402285478), owningKey=DLBgmRtcjFEVHCstBBahVwZT4do3MR1Sip6NuJyg9i1dfy {}
[INFO ] 2023-02-14T19:18:05,482Z [Test worker] network.PersistentNetworkMapCache. - No previous node found for O=Mock Company 2, L=London, C=GB {}
[INFO ] 2023-02-14T19:18:05,488Z [Test worker] internal.InternalMockNetwork$MockNode. - New node-info: NodeInfo(addresses=[mock.node:1000], legalIdentitiesAndCerts=[O=Mock Company 2, L=London, C=GB], platformVersion=11, serial=1676402285478) {}
[INFO ] 2023-02-14T19:18:05,494Z [Test worker] network.NetworkMapUpdater. - Auto-accept enabled for network parameter changes which modify only: [epoch, modifiedTime, packageOwnership, whitelistedContractImplementations] {}
[INFO ] 2023-02-14T19:18:05,494Z [Test worker] internal.MockNodeMessagingService. - Status change to true {}
[INFO ] 2023-02-14T19:18:05,494Z [Test worker] internal.InternalMockNetwork$MockNode. - MessagingService active change to: true {}
[INFO ] 2023-02-14T19:18:05,503Z [MockNode-6-2] network.PersistentNetworkMapCache. - Adding node with info: NodeInfo(addresses=[mock.node:1000], legalIdentitiesAndCerts=[O=Mock Company 2, L=London, C=GB], platformVersion=11, serial=1676402285478), owningKey=DLBgmRtcjFEVHCstBBahVwZT4do3MR1Sip6NuJyg9i1dfy {}
[INFO ] 2023-02-14T19:18:05,503Z [MockNode-6-2] network.PersistentNetworkMapCache. - Previous node was identical to incoming one - doing nothing {}
[INFO ] 2023-02-14T19:18:05,525Z [Test worker] persistence.NodeAttachmentService. - Stored new attachment: id=8D910096F58ABAA8195807A73760B2C11EA6592BAEECBF84FD3FB834E21FDFBC uploader=app filename=4.8LTS Tutorial Contracts {}
[INFO ] 2023-02-14T19:18:05,542Z [Test worker] statemachine.SingleThreadedStateMachineManager. - Node ready, info: NodeInfo(addresses=[mock.node:1000], legalIdentitiesAndCerts=[O=Mock Company 2, L=London, C=GB], platformVersion=11, serial=1676402285478) {}
[INFO ] 2023-02-14T19:18:05,545Z [Test worker] network.PersistentNetworkMapCache. - Adding node with info: NodeInfo(addresses=[mock.node:1000], legalIdentitiesAndCerts=[O=Notary, L=London, C=GB], platformVersion=11, serial=1676402284048), owningKey=DLHRPeYMVESH6K1TqKZ3feriE7DQkv3jgU2Qdq6kGqEvCF {}
[INFO ] 2023-02-14T19:18:05,545Z [Test worker] network.PersistentNetworkMapCache. - No previous node found for O=Notary, L=London, C=GB {}
[INFO ] 2023-02-14T19:18:05,555Z [Test worker] network.PersistentNetworkMapCache. - Adding node with info: NodeInfo(addresses=[mock.node:1000], legalIdentitiesAndCerts=[O=Mock Company 2, L=London, C=GB], platformVersion=11, serial=1676402285478), owningKey=DLBgmRtcjFEVHCstBBahVwZT4do3MR1Sip6NuJyg9i1dfy {}
[INFO ] 2023-02-14T19:18:05,555Z [Test worker] network.PersistentNetworkMapCache. - No previous node found for O=Mock Company 2, L=London, C=GB {}
[INFO ] 2023-02-14T19:18:05,567Z [Test worker] network.PersistentNetworkMapCache. - Adding node with info: NodeInfo(addresses=[mock.node:1000], legalIdentitiesAndCerts=[O=Mock Company 1, L=London, C=GB], platformVersion=11, serial=1676402284767), owningKey=DLDtYd4iiH7fbT64PvGZnVkNezDuWNhRCm2fLUDhm6gDVG {}
[INFO ] 2023-02-14T19:18:05,567Z [Test worker] network.PersistentNetworkMapCache. - No previous node found for O=Mock Company 1, L=London, C=GB {}
[INFO ] 2023-02-14T19:18:05,583Z [Test worker] network.PersistentNetworkMapCache. - Adding node with info: NodeInfo(addresses=[mock.node:1000], legalIdentitiesAndCerts=[O=Mock Company 2, L=London, C=GB], platformVersion=11, serial=1676402285478), owningKey=DLBgmRtcjFEVHCstBBahVwZT4do3MR1Sip6NuJyg9i1dfy {}
[INFO ] 2023-02-14T19:18:05,583Z [Test worker] network.PersistentNetworkMapCache. - No previous node found for O=Mock Company 2, L=London, C=GB {}
[INFO ] 2023-02-14T19:18:05,611Z [Test worker] network.PersistentNetworkMapCache. - Adding node with info: NodeInfo(addresses=[mock.node:1000], legalIdentitiesAndCerts=[O=Mock Company 2, L=London, C=GB], platformVersion=11, serial=1676402285478), owningKey=DLBgmRtcjFEVHCstBBahVwZT4do3MR1Sip6NuJyg9i1dfy {}
[INFO ] 2023-02-14T19:18:05,611Z [Test worker] network.PersistentNetworkMapCache. - Previous node was identical to incoming one - doing nothing {}
[INFO ] 2023-02-14T19:18:05,611Z [Test worker] network.PersistentNetworkMapCache. - Adding node with info: NodeInfo(addresses=[mock.node:1000], legalIdentitiesAndCerts=[O=Mock Company 2, L=London, C=GB], platformVersion=11, serial=1676402285478), owningKey=DLBgmRtcjFEVHCstBBahVwZT4do3MR1Sip6NuJyg9i1dfy {}
[INFO ] 2023-02-14T19:18:05,611Z [Test worker] network.PersistentNetworkMapCache. - Previous node was identical to incoming one - doing nothing {}
[WARN ] 2023-02-14T19:18:05,635Z [Mock network] transactions.TransactionBuilder. - Reverting back to using hash constraints for contract com.tutorial.contracts.AppleStampContract {actor_id=Only For Testing, actor_owning_identity=O=Mock Company 1, L=London, C=GB, actor_store_id=TEST, fiber-id=10000003, flow-id=a43dc96e-835b-4f00-a838-b62eaa205d33, invocation_id=450b5163-9e1d-4f79-8199-94e17bfdaff1, invocation_timestamp=2023-02-14T19:18:05.613Z, origin=Only For Testing, session_id=450b5163-9e1d-4f79-8199-94e17bfdaff1, session_timestamp=2023-02-14T19:18:05.613Z, thread-id=640}
[INFO ] 2023-02-14T19:18:05,785Z [Mock network] corda.flow. - Received transaction acknowledgement request from party O=Mock Company 1, L=London, C=GB. {fiber-id=10000004, flow-id=21db2649-c17d-4fd8-b38e-daf38b3dc688, invocation_id=5a0dd3f7-4219-47d7-afbd-8b9fa611dfeb, invocation_timestamp=2023-02-14T19:18:05.762Z, origin=O=Mock Company 1, L=London, C=GB, session_id=5a0dd3f7-4219-47d7-afbd-8b9fa611dfeb, session_timestamp=2023-02-14T19:18:05.762Z, thread-id=640, tx_id=1035AFB3B78976FC7B5AD8AAEA551280CE4DA66B8014A6C399182918FD3F981E}
[INFO ] 2023-02-14T19:18:05,801Z [Mock network] corda.flow. - Transaction dependencies resolution completed. {fiber-id=10000004, flow-id=21db2649-c17d-4fd8-b38e-daf38b3dc688, invocation_id=5a0dd3f7-4219-47d7-afbd-8b9fa611dfeb, invocation_timestamp=2023-02-14T19:18:05.762Z, origin=O=Mock Company 1, L=London, C=GB, session_id=5a0dd3f7-4219-47d7-afbd-8b9fa611dfeb, session_timestamp=2023-02-14T19:18:05.762Z, thread-id=640, tx_id=1035AFB3B78976FC7B5AD8AAEA551280CE4DA66B8014A6C399182918FD3F981E}
[INFO ] 2023-02-14T19:18:05,901Z [Mock network] corda.flow. - No need to notarise this transaction. {actor_id=Only For Testing, actor_owning_identity=O=Mock Company 1, L=London, C=GB, actor_store_id=TEST, fiber-id=10000003, flow-id=a43dc96e-835b-4f00-a838-b62eaa205d33, invocation_id=450b5163-9e1d-4f79-8199-94e17bfdaff1, invocation_timestamp=2023-02-14T19:18:05.613Z, origin=Only For Testing, session_id=450b5163-9e1d-4f79-8199-94e17bfdaff1, session_timestamp=2023-02-14T19:18:05.613Z, thread-id=640, tx_id=1035AFB3B78976FC7B5AD8AAEA551280CE4DA66B8014A6C399182918FD3F981E}
[INFO ] 2023-02-14T19:18:05,901Z [Mock network] corda.flow. - Recording transaction locally. {actor_id=Only For Testing, actor_owning_identity=O=Mock Company 1, L=London, C=GB, actor_store_id=TEST, fiber-id=10000003, flow-id=a43dc96e-835b-4f00-a838-b62eaa205d33, invocation_id=450b5163-9e1d-4f79-8199-94e17bfdaff1, invocation_timestamp=2023-02-14T19:18:05.613Z, origin=Only For Testing, session_id=450b5163-9e1d-4f79-8199-94e17bfdaff1, session_timestamp=2023-02-14T19:18:05.613Z, thread-id=640, tx_id=1035AFB3B78976FC7B5AD8AAEA551280CE4DA66B8014A6C399182918FD3F981E}
[INFO ] 2023-02-14T19:18:05,923Z [Mock network] corda.flow. - Recorded transaction locally successfully. {actor_id=Only For Testing, actor_owning_identity=O=Mock Company 1, L=London, C=GB, actor_store_id=TEST, fiber-id=10000003, flow-id=a43dc96e-835b-4f00-a838-b62eaa205d33, invocation_id=450b5163-9e1d-4f79-8199-94e17bfdaff1, invocation_timestamp=2023-02-14T19:18:05.613Z, origin=Only For Testing, session_id=450b5163-9e1d-4f79-8199-94e17bfdaff1, session_timestamp=2023-02-14T19:18:05.613Z, thread-id=640, tx_id=1035AFB3B78976FC7B5AD8AAEA551280CE4DA66B8014A6C399182918FD3F981E}
[INFO ] 2023-02-14T19:18:05,937Z [Mock network] corda.flow. - Received transaction acknowledgement request from party O=Mock Company 1, L=London, C=GB. {fiber-id=10000004, flow-id=21db2649-c17d-4fd8-b38e-daf38b3dc688, invocation_id=5a0dd3f7-4219-47d7-afbd-8b9fa611dfeb, invocation_timestamp=2023-02-14T19:18:05.762Z, origin=O=Mock Company 1, L=London, C=GB, session_id=5a0dd3f7-4219-47d7-afbd-8b9fa611dfeb, session_timestamp=2023-02-14T19:18:05.762Z, thread-id=640, tx_id=1035AFB3B78976FC7B5AD8AAEA551280CE4DA66B8014A6C399182918FD3F981E}
[INFO ] 2023-02-14T19:18:05,944Z [Mock network] corda.flow. - Transaction dependencies resolution completed. {fiber-id=10000004, flow-id=21db2649-c17d-4fd8-b38e-daf38b3dc688, invocation_id=5a0dd3f7-4219-47d7-afbd-8b9fa611dfeb, invocation_timestamp=2023-02-14T19:18:05.762Z, origin=O=Mock Company 1, L=London, C=GB, session_id=5a0dd3f7-4219-47d7-afbd-8b9fa611dfeb, session_timestamp=2023-02-14T19:18:05.762Z, thread-id=640, tx_id=1035AFB3B78976FC7B5AD8AAEA551280CE4DA66B8014A6C399182918FD3F981E}
[INFO ] 2023-02-14T19:18:05,948Z [Mock network] corda.flow. - Successfully received fully signed tx. Sending it to the vault for processing. {fiber-id=10000004, flow-id=21db2649-c17d-4fd8-b38e-daf38b3dc688, invocation_id=5a0dd3f7-4219-47d7-afbd-8b9fa611dfeb, invocation_timestamp=2023-02-14T19:18:05.762Z, origin=O=Mock Company 1, L=London, C=GB, session_id=5a0dd3f7-4219-47d7-afbd-8b9fa611dfeb, session_timestamp=2023-02-14T19:18:05.762Z, thread-id=640, tx_id=1035AFB3B78976FC7B5AD8AAEA551280CE4DA66B8014A6C399182918FD3F981E}
[INFO ] 2023-02-14T19:18:05,956Z [Mock network] corda.flow. - Successfully recorded received transaction locally. {fiber-id=10000004, flow-id=21db2649-c17d-4fd8-b38e-daf38b3dc688, invocation_id=5a0dd3f7-4219-47d7-afbd-8b9fa611dfeb, invocation_timestamp=2023-02-14T19:18:05.762Z, origin=O=Mock Company 1, L=London, C=GB, session_id=5a0dd3f7-4219-47d7-afbd-8b9fa611dfeb, session_timestamp=2023-02-14T19:18:05.762Z, thread-id=640, tx_id=1035AFB3B78976FC7B5AD8AAEA551280CE4DA66B8014A6C399182918FD3F981E}
[INFO ] 2023-02-14T19:18:05,968Z [Mock network] corda.flow. - Party O=Mock Company 2, L=London, C=GB received the transaction. {actor_id=Only For Testing, actor_owning_identity=O=Mock Company 1, L=London, C=GB, actor_store_id=TEST, fiber-id=10000003, flow-id=a43dc96e-835b-4f00-a838-b62eaa205d33, invocation_id=450b5163-9e1d-4f79-8199-94e17bfdaff1, invocation_timestamp=2023-02-14T19:18:05.613Z, origin=Only For Testing, session_id=450b5163-9e1d-4f79-8199-94e17bfdaff1, session_timestamp=2023-02-14T19:18:05.613Z, thread-id=640, tx_id=1035AFB3B78976FC7B5AD8AAEA551280CE4DA66B8014A6C399182918FD3F981E}
[INFO ] 2023-02-14T19:18:05,968Z [Mock network] corda.flow. - All parties received the transaction successfully. {actor_id=Only For Testing, actor_owning_identity=O=Mock Company 1, L=London, C=GB, actor_store_id=TEST, fiber-id=10000003, flow-id=a43dc96e-835b-4f00-a838-b62eaa205d33, invocation_id=450b5163-9e1d-4f79-8199-94e17bfdaff1, invocation_timestamp=2023-02-14T19:18:05.613Z, origin=Only For Testing, session_id=450b5163-9e1d-4f79-8199-94e17bfdaff1, session_timestamp=2023-02-14T19:18:05.613Z, thread-id=640, tx_id=1035AFB3B78976FC7B5AD8AAEA551280CE4DA66B8014A6C399182918FD3F981E}
[INFO ] 2023-02-14T19:18:05,984Z [Test worker] persistence.CordaPersistence. - Closing HikariDataSource (HikariPool-4) {}
[INFO ] 2023-02-14T19:18:05,998Z [Test worker] internal.MockNodeMessagingService. - Status change to false {}
[INFO ] 2023-02-14T19:18:05,998Z [Test worker] internal.InternalMockNetwork$MockNode. - MessagingService active change to: false {}
[INFO ] 2023-02-14T19:18:06,000Z [Test worker] persistence.CordaPersistence. - Closing HikariDataSource (HikariPool-5) {}
[INFO ] 2023-02-14T19:18:06,012Z [Test worker] internal.MockNodeMessagingService. - Status change to false {}
[INFO ] 2023-02-14T19:18:06,012Z [Test worker] internal.InternalMockNetwork$MockNode. - MessagingService active change to: false {}
[INFO ] 2023-02-14T19:18:06,014Z [Test worker] persistence.CordaPersistence. - Closing HikariDataSource (HikariPool-6) {}
[INFO ] 2023-02-14T19:18:06,027Z [Test worker] internal.MockNodeMessagingService. - Status change to false {}
[INFO ] 2023-02-14T19:18:06,027Z [Test worker] internal.InternalMockNetwork$MockNode. - MessagingService active change to: false {}
[INFO ] 2023-02-14T19:18:06,120Z [Test worker] cordapp.JarScanningCordappLoader. - Looking for CorDapps in [build\mock-network\20230214-191806.032-D6E5E22FC7ADFEE0\nodes\0\cordapps] {}
[INFO ] 2023-02-14T19:18:06,121Z [Test worker] cordapp.JarScanningCordappLoader. - Loading CorDapps from RestrictedURL(url=file:/C:/Users/Anvith/Dropbox/PC/Desktop/Work/Corda/samples-java/Basic/tutorial-applestamp/workflows/build/mock-network/20230214-191806.032-D6E5E22FC7ADFEE0/nodes/0/cordapps/contracts-0.1.jar, rootPackageName=null), RestrictedURL(url=file:/C:/Users/Anvith/Dropbox/PC/Desktop/Work/Corda/samples-java/Basic/tutorial-applestamp/workflows/build/mock-network/20230214-191806.032-D6E5E22FC7ADFEE0/nodes/0/cordapps/workflows-0.1.jar, rootPackageName=null) {}
[INFO ] 2023-02-14T19:18:06,121Z [Test worker] cordapp.JarScanningCordappLoader. - Scanning CorDapp in file:/C:/Users/Anvith/Dropbox/PC/Desktop/Work/Corda/samples-java/Basic/tutorial-applestamp/workflows/build/mock-network/20230214-191806.032-D6E5E22FC7ADFEE0/nodes/0/cordapps/contracts-0.1.jar {}
[INFO ] 2023-02-14T19:18:06,130Z [Test worker] cordapp.JarScanningCordappLoader. - Scanning CorDapp in file:/C:/Users/Anvith/Dropbox/PC/Desktop/Work/Corda/samples-java/Basic/tutorial-applestamp/workflows/build/mock-network/20230214-191806.032-D6E5E22FC7ADFEE0/nodes/0/cordapps/workflows-0.1.jar {}
[INFO ] 2023-02-14T19:18:06,157Z [Test worker] internal.InternalMockNetwork$MockNode. - MessagingService active change to: false {}
[INFO ] 2023-02-14T19:18:06,158Z [Test worker] internal.InternalMockNetwork$MockNode. - Flow external operation executor has a max of 2 threads {}
[INFO ] 2023-02-14T19:18:06,160Z [Test worker] internal.InternalMockNetwork$MockNode. - Node starting up ... {}
[INFO ] 2023-02-14T19:18:06,165Z [Test worker] internal.KeyStoreHandler. - Loaded trusted root certificate: DL7fwxLm5xbiMD8adUuYTsPZHAict46Ng4w6RNcySt5vAw, alias: cordarootca {}
[INFO ] 2023-02-14T19:18:06,165Z [Test worker] internal.KeyStoreHandler. - Loaded node identity key: DL3WR2ZhgXCCF2tfqkEUF7VrdVbF3MCJkU1ESNrTDyQQYd, alias: identity-private-key {}
[INFO ] 2023-02-14T19:18:06,171Z [Test worker] internal.NodeFlowManager. - Registered com.tutorial.flows.CreateAndIssueAppleStamp$CreateAndIssueAppleStampInitiator to initiate com.tutorial.flows.CreateAndIssueAppleStamp$CreateAndIssueAppleStampResponder (version 1) {}
[INFO ] 2023-02-14T19:18:06,171Z [Test worker] internal.NodeFlowManager. - Registered com.tutorial.flows.RedeemApples$RedeemApplesInitiator to initiate com.tutorial.flows.RedeemApples$RedeemApplesResponder (version 1) {}
[INFO ] 2023-02-14T19:18:06,171Z [Test worker] internal.NodeFlowManager. - Registered com.tutorial.flows.TemplateInitiator to initiate com.tutorial.flows.TemplateResponder (version 1) {}
[INFO ] 2023-02-14T19:18:06,176Z [Test worker] internal.InternalMockNetwork$MockNode. - Loaded network parameters: NetworkParameters {
      minimumPlatformVersion=1
      notaries=[NotaryInfo(identity=O=Notary, L=London, C=GB, validating=true)]
      maxMessageSize=10485760
      maxTransactionSize=524288000
      whitelistedContractImplementations {
        
      }
      eventHorizon=PT720H
      packageOwnership {
        
      }
      modifiedTime=2023-02-14T19:18:06.031Z
      epoch=1
  } {}
[INFO ] 2023-02-14T19:18:06,716Z [Test worker] internal.InternalMockNetwork$MockNode. - Connected to H2 database. {}
[INFO ] 2023-02-14T19:18:06,719Z [Test worker] persistence.HibernateConfiguration. - Init HibernateConfiguration for schemas: [CommonSchemaV1(name=net.corda.core.schemas.CommonSchema, version=1), VaultSchemaV1(name=net.corda.node.services.vault.VaultSchema, version=1), NodeInfoSchemaV1(name=net.corda.node.internal.schemas.NodeInfoSchema, version=1), NodeCoreV1(name=net.corda.node.services.schema.NodeSchemaService$NodeCore, version=1), JPANotarySchemaV1(name=net.corda.notary.jpa.JPANotarySchema, version=1)] {}
[INFO ] 2023-02-14T19:18:06,719Z [Test worker] factory.BaseSessionFactoryFactory. - Creating session factory for schemas: [CommonSchemaV1(name=net.corda.core.schemas.CommonSchema, version=1), VaultSchemaV1(name=net.corda.node.services.vault.VaultSchema, version=1), NodeInfoSchemaV1(name=net.corda.node.internal.schemas.NodeInfoSchema, version=1), NodeCoreV1(name=net.corda.node.services.schema.NodeSchemaService$NodeCore, version=1), JPANotarySchemaV1(name=net.corda.notary.jpa.JPANotarySchema, version=1)] {}
[INFO ] 2023-02-14T19:18:06,821Z [Test worker] factory.BaseSessionFactoryFactory. - Created session factory for schemas: [CommonSchemaV1(name=net.corda.core.schemas.CommonSchema, version=1), VaultSchemaV1(name=net.corda.node.services.vault.VaultSchema, version=1), NodeInfoSchemaV1(name=net.corda.node.internal.schemas.NodeInfoSchema, version=1), NodeCoreV1(name=net.corda.node.services.schema.NodeSchemaService$NodeCore, version=1), JPANotarySchemaV1(name=net.corda.notary.jpa.JPANotarySchema, version=1)] {}
[INFO ] 2023-02-14T19:18:06,828Z [Test worker] internal.InternalMockNetwork$MockNode. - Node-info has changed so submitting update. Old node-info was null {}
[INFO ] 2023-02-14T19:18:06,834Z [Test worker] network.PersistentNetworkMapCache. - Adding node with info: NodeInfo(addresses=[mock.node:1000], legalIdentitiesAndCerts=[O=Notary, L=London, C=GB], platformVersion=11, serial=1676402286828), owningKey=DL3WR2ZhgXCCF2tfqkEUF7VrdVbF3MCJkU1ESNrTDyQQYd {}
[INFO ] 2023-02-14T19:18:06,834Z [Test worker] network.PersistentNetworkMapCache. - No previous node found for O=Notary, L=London, C=GB {}
[INFO ] 2023-02-14T19:18:06,847Z [Test worker] internal.InternalMockNetwork$MockNode. - New node-info: NodeInfo(addresses=[mock.node:1000], legalIdentitiesAndCerts=[O=Notary, L=London, C=GB], platformVersion=11, serial=1676402286828) {}
[INFO ] 2023-02-14T19:18:06,857Z [Test worker] network.NetworkMapUpdater. - Auto-accept enabled for network parameter changes which modify only: [epoch, modifiedTime, packageOwnership, whitelistedContractImplementations] {}
[INFO ] 2023-02-14T19:18:06,857Z [Test worker] internal.MockNodeMessagingService. - Status change to true {}
[INFO ] 2023-02-14T19:18:06,857Z [Test worker] internal.InternalMockNetwork$MockNode. - MessagingService active change to: true {}
[INFO ] 2023-02-14T19:18:06,868Z [MockNode-7-2] network.PersistentNetworkMapCache. - Adding node with info: NodeInfo(addresses=[mock.node:1000], legalIdentitiesAndCerts=[O=Notary, L=London, C=GB], platformVersion=11, serial=1676402286828), owningKey=DL3WR2ZhgXCCF2tfqkEUF7VrdVbF3MCJkU1ESNrTDyQQYd {}
[INFO ] 2023-02-14T19:18:06,868Z [MockNode-7-2] network.PersistentNetworkMapCache. - Previous node was identical to incoming one - doing nothing {}
[INFO ] 2023-02-14T19:18:06,895Z [Test worker] persistence.NodeAttachmentService. - Stored new attachment: id=8D910096F58ABAA8195807A73760B2C11EA6592BAEECBF84FD3FB834E21FDFBC uploader=app filename=4.8LTS Tutorial Contracts {}
[INFO ] 2023-02-14T19:18:06,899Z [Test worker] utilities.NotaryLoader. - Starting notary service: class net.corda.notary.jpa.JPANotaryService {}
[INFO ] 2023-02-14T19:18:06,916Z [Test worker] statemachine.SingleThreadedStateMachineManager. - Node ready, info: NodeInfo(addresses=[mock.node:1000], legalIdentitiesAndCerts=[O=Notary, L=London, C=GB], platformVersion=11, serial=1676402286828) {}
[INFO ] 2023-02-14T19:18:06,916Z [Test worker] network.PersistentNetworkMapCache. - Adding node with info: NodeInfo(addresses=[mock.node:1000], legalIdentitiesAndCerts=[O=Notary, L=London, C=GB], platformVersion=11, serial=1676402286828), owningKey=DL3WR2ZhgXCCF2tfqkEUF7VrdVbF3MCJkU1ESNrTDyQQYd {}
[INFO ] 2023-02-14T19:18:06,916Z [Test worker] network.PersistentNetworkMapCache. - Previous node was identical to incoming one - doing nothing {}
[INFO ] 2023-02-14T19:18:06,917Z [Test worker] network.PersistentNetworkMapCache. - Adding node with info: NodeInfo(addresses=[mock.node:1000], legalIdentitiesAndCerts=[O=Notary, L=London, C=GB], platformVersion=11, serial=1676402286828), owningKey=DL3WR2ZhgXCCF2tfqkEUF7VrdVbF3MCJkU1ESNrTDyQQYd {}
[INFO ] 2023-02-14T19:18:06,917Z [Test worker] network.PersistentNetworkMapCache. - Previous node was identical to incoming one - doing nothing {}
[INFO ] 2023-02-14T19:18:06,927Z [Test worker] cordapp.JarScanningCordappLoader. - Looking for CorDapps in [build\mock-network\20230214-191806.032-D6E5E22FC7ADFEE0\nodes\1\cordapps] {}
[INFO ] 2023-02-14T19:18:06,927Z [Test worker] cordapp.JarScanningCordappLoader. - Loading CorDapps from RestrictedURL(url=file:/C:/Users/Anvith/Dropbox/PC/Desktop/Work/Corda/samples-java/Basic/tutorial-applestamp/workflows/build/mock-network/20230214-191806.032-D6E5E22FC7ADFEE0/nodes/1/cordapps/contracts-0.1.jar, rootPackageName=null), RestrictedURL(url=file:/C:/Users/Anvith/Dropbox/PC/Desktop/Work/Corda/samples-java/Basic/tutorial-applestamp/workflows/build/mock-network/20230214-191806.032-D6E5E22FC7ADFEE0/nodes/1/cordapps/workflows-0.1.jar, rootPackageName=null) {}
[INFO ] 2023-02-14T19:18:06,928Z [Test worker] cordapp.JarScanningCordappLoader. - Scanning CorDapp in file:/C:/Users/Anvith/Dropbox/PC/Desktop/Work/Corda/samples-java/Basic/tutorial-applestamp/workflows/build/mock-network/20230214-191806.032-D6E5E22FC7ADFEE0/nodes/1/cordapps/contracts-0.1.jar {}
[INFO ] 2023-02-14T19:18:06,935Z [Test worker] cordapp.JarScanningCordappLoader. - Scanning CorDapp in file:/C:/Users/Anvith/Dropbox/PC/Desktop/Work/Corda/samples-java/Basic/tutorial-applestamp/workflows/build/mock-network/20230214-191806.032-D6E5E22FC7ADFEE0/nodes/1/cordapps/workflows-0.1.jar {}
[INFO ] 2023-02-14T19:18:06,974Z [Test worker] internal.InternalMockNetwork$MockNode. - MessagingService active change to: false {}
[INFO ] 2023-02-14T19:18:06,975Z [Test worker] internal.InternalMockNetwork$MockNode. - Flow external operation executor has a max of 2 threads {}
[INFO ] 2023-02-14T19:18:06,977Z [Test worker] internal.InternalMockNetwork$MockNode. - Node starting up ... {}
[INFO ] 2023-02-14T19:18:07,018Z [Test worker] internal.KeyStoreHandler. - Loaded trusted root certificate: DL7fwxLm5xbiMD8adUuYTsPZHAict46Ng4w6RNcySt5vAw, alias: cordarootca {}
[INFO ] 2023-02-14T19:18:07,018Z [Test worker] internal.KeyStoreHandler. - Loaded node identity key: DLE9GjxJEvo38cynK1cUoTnCk2U7iua3izXeLzZ3kRYgUz, alias: identity-private-key {}
[INFO ] 2023-02-14T19:18:07,027Z [Test worker] internal.NodeFlowManager. - Registered com.tutorial.flows.CreateAndIssueAppleStamp$CreateAndIssueAppleStampInitiator to initiate com.tutorial.flows.CreateAndIssueAppleStamp$CreateAndIssueAppleStampResponder (version 1) {}
[INFO ] 2023-02-14T19:18:07,027Z [Test worker] internal.NodeFlowManager. - Registered com.tutorial.flows.RedeemApples$RedeemApplesInitiator to initiate com.tutorial.flows.RedeemApples$RedeemApplesResponder (version 1) {}
[INFO ] 2023-02-14T19:18:07,027Z [Test worker] internal.NodeFlowManager. - Registered com.tutorial.flows.TemplateInitiator to initiate com.tutorial.flows.TemplateResponder (version 1) {}
[INFO ] 2023-02-14T19:18:07,031Z [Test worker] internal.InternalMockNetwork$MockNode. - Loaded network parameters: NetworkParameters {
      minimumPlatformVersion=1
      notaries=[NotaryInfo(identity=O=Notary, L=London, C=GB, validating=true)]
      maxMessageSize=10485760
      maxTransactionSize=524288000
      whitelistedContractImplementations {
        
      }
      eventHorizon=PT720H
      packageOwnership {
        
      }
      modifiedTime=2023-02-14T19:18:06.031Z
      epoch=1
  } {}
[INFO ] 2023-02-14T19:18:07,421Z [Test worker] internal.InternalMockNetwork$MockNode. - Connected to H2 database. {}
[INFO ] 2023-02-14T19:18:07,425Z [Test worker] persistence.HibernateConfiguration. - Init HibernateConfiguration for schemas: [CommonSchemaV1(name=net.corda.core.schemas.CommonSchema, version=1), VaultSchemaV1(name=net.corda.node.services.vault.VaultSchema, version=1), NodeInfoSchemaV1(name=net.corda.node.internal.schemas.NodeInfoSchema, version=1), NodeCoreV1(name=net.corda.node.services.schema.NodeSchemaService$NodeCore, version=1)] {}
[INFO ] 2023-02-14T19:18:07,425Z [Test worker] factory.BaseSessionFactoryFactory. - Creating session factory for schemas: [CommonSchemaV1(name=net.corda.core.schemas.CommonSchema, version=1), VaultSchemaV1(name=net.corda.node.services.vault.VaultSchema, version=1), NodeInfoSchemaV1(name=net.corda.node.internal.schemas.NodeInfoSchema, version=1), NodeCoreV1(name=net.corda.node.services.schema.NodeSchemaService$NodeCore, version=1)] {}
[INFO ] 2023-02-14T19:18:07,523Z [Test worker] factory.BaseSessionFactoryFactory. - Created session factory for schemas: [CommonSchemaV1(name=net.corda.core.schemas.CommonSchema, version=1), VaultSchemaV1(name=net.corda.node.services.vault.VaultSchema, version=1), NodeInfoSchemaV1(name=net.corda.node.internal.schemas.NodeInfoSchema, version=1), NodeCoreV1(name=net.corda.node.services.schema.NodeSchemaService$NodeCore, version=1)] {}
[INFO ] 2023-02-14T19:18:07,528Z [Test worker] internal.InternalMockNetwork$MockNode. - Node-info has changed so submitting update. Old node-info was null {}
[INFO ] 2023-02-14T19:18:07,531Z [Test worker] network.PersistentNetworkMapCache. - Adding node with info: NodeInfo(addresses=[mock.node:1000], legalIdentitiesAndCerts=[O=Mock Company 1, L=London, C=GB], platformVersion=11, serial=1676402287528), owningKey=DLE9GjxJEvo38cynK1cUoTnCk2U7iua3izXeLzZ3kRYgUz {}
[INFO ] 2023-02-14T19:18:07,531Z [Test worker] network.PersistentNetworkMapCache. - No previous node found for O=Mock Company 1, L=London, C=GB {}
[INFO ] 2023-02-14T19:18:07,537Z [Test worker] internal.InternalMockNetwork$MockNode. - New node-info: NodeInfo(addresses=[mock.node:1000], legalIdentitiesAndCerts=[O=Mock Company 1, L=London, C=GB], platformVersion=11, serial=1676402287528) {}
[INFO ] 2023-02-14T19:18:07,544Z [Test worker] network.NetworkMapUpdater. - Auto-accept enabled for network parameter changes which modify only: [epoch, modifiedTime, packageOwnership, whitelistedContractImplementations] {}
[INFO ] 2023-02-14T19:18:07,544Z [Test worker] internal.MockNodeMessagingService. - Status change to true {}
[INFO ] 2023-02-14T19:18:07,544Z [Test worker] internal.InternalMockNetwork$MockNode. - MessagingService active change to: true {}
[INFO ] 2023-02-14T19:18:07,552Z [MockNode-8-2] network.PersistentNetworkMapCache. - Adding node with info: NodeInfo(addresses=[mock.node:1000], legalIdentitiesAndCerts=[O=Mock Company 1, L=London, C=GB], platformVersion=11, serial=1676402287528), owningKey=DLE9GjxJEvo38cynK1cUoTnCk2U7iua3izXeLzZ3kRYgUz {}
[INFO ] 2023-02-14T19:18:07,552Z [MockNode-8-2] network.PersistentNetworkMapCache. - Previous node was identical to incoming one - doing nothing {}
[INFO ] 2023-02-14T19:18:07,576Z [Test worker] persistence.NodeAttachmentService. - Stored new attachment: id=8D910096F58ABAA8195807A73760B2C11EA6592BAEECBF84FD3FB834E21FDFBC uploader=app filename=4.8LTS Tutorial Contracts {}
[INFO ] 2023-02-14T19:18:07,594Z [Test worker] statemachine.SingleThreadedStateMachineManager. - Node ready, info: NodeInfo(addresses=[mock.node:1000], legalIdentitiesAndCerts=[O=Mock Company 1, L=London, C=GB], platformVersion=11, serial=1676402287528) {}
[INFO ] 2023-02-14T19:18:07,597Z [Test worker] network.PersistentNetworkMapCache. - Adding node with info: NodeInfo(addresses=[mock.node:1000], legalIdentitiesAndCerts=[O=Notary, L=London, C=GB], platformVersion=11, serial=1676402286828), owningKey=DL3WR2ZhgXCCF2tfqkEUF7VrdVbF3MCJkU1ESNrTDyQQYd {}
[INFO ] 2023-02-14T19:18:07,597Z [Test worker] network.PersistentNetworkMapCache. - No previous node found for O=Notary, L=London, C=GB {}
[INFO ] 2023-02-14T19:18:07,609Z [Test worker] network.PersistentNetworkMapCache. - Adding node with info: NodeInfo(addresses=[mock.node:1000], legalIdentitiesAndCerts=[O=Mock Company 1, L=London, C=GB], platformVersion=11, serial=1676402287528), owningKey=DLE9GjxJEvo38cynK1cUoTnCk2U7iua3izXeLzZ3kRYgUz {}
[INFO ] 2023-02-14T19:18:07,609Z [Test worker] network.PersistentNetworkMapCache. - No previous node found for O=Mock Company 1, L=London, C=GB {}
[INFO ] 2023-02-14T19:18:07,620Z [Test worker] network.PersistentNetworkMapCache. - Adding node with info: NodeInfo(addresses=[mock.node:1000], legalIdentitiesAndCerts=[O=Mock Company 1, L=London, C=GB], platformVersion=11, serial=1676402287528), owningKey=DLE9GjxJEvo38cynK1cUoTnCk2U7iua3izXeLzZ3kRYgUz {}
[INFO ] 2023-02-14T19:18:07,620Z [Test worker] network.PersistentNetworkMapCache. - Previous node was identical to incoming one - doing nothing {}
[INFO ] 2023-02-14T19:18:07,621Z [Test worker] network.PersistentNetworkMapCache. - Adding node with info: NodeInfo(addresses=[mock.node:1000], legalIdentitiesAndCerts=[O=Mock Company 1, L=London, C=GB], platformVersion=11, serial=1676402287528), owningKey=DLE9GjxJEvo38cynK1cUoTnCk2U7iua3izXeLzZ3kRYgUz {}
[INFO ] 2023-02-14T19:18:07,621Z [Test worker] network.PersistentNetworkMapCache. - Previous node was identical to incoming one - doing nothing {}
[INFO ] 2023-02-14T19:18:07,631Z [Test worker] cordapp.JarScanningCordappLoader. - Looking for CorDapps in [build\mock-network\20230214-191806.032-D6E5E22FC7ADFEE0\nodes\2\cordapps] {}
[INFO ] 2023-02-14T19:18:07,631Z [Test worker] cordapp.JarScanningCordappLoader. - Loading CorDapps from RestrictedURL(url=file:/C:/Users/Anvith/Dropbox/PC/Desktop/Work/Corda/samples-java/Basic/tutorial-applestamp/workflows/build/mock-network/20230214-191806.032-D6E5E22FC7ADFEE0/nodes/2/cordapps/contracts-0.1.jar, rootPackageName=null), RestrictedURL(url=file:/C:/Users/Anvith/Dropbox/PC/Desktop/Work/Corda/samples-java/Basic/tutorial-applestamp/workflows/build/mock-network/20230214-191806.032-D6E5E22FC7ADFEE0/nodes/2/cordapps/workflows-0.1.jar, rootPackageName=null) {}
[INFO ] 2023-02-14T19:18:07,631Z [Test worker] cordapp.JarScanningCordappLoader. - Scanning CorDapp in file:/C:/Users/Anvith/Dropbox/PC/Desktop/Work/Corda/samples-java/Basic/tutorial-applestamp/workflows/build/mock-network/20230214-191806.032-D6E5E22FC7ADFEE0/nodes/2/cordapps/contracts-0.1.jar {}
[INFO ] 2023-02-14T19:18:07,639Z [Test worker] cordapp.JarScanningCordappLoader. - Scanning CorDapp in file:/C:/Users/Anvith/Dropbox/PC/Desktop/Work/Corda/samples-java/Basic/tutorial-applestamp/workflows/build/mock-network/20230214-191806.032-D6E5E22FC7ADFEE0/nodes/2/cordapps/workflows-0.1.jar {}
[INFO ] 2023-02-14T19:18:07,671Z [Test worker] internal.InternalMockNetwork$MockNode. - MessagingService active change to: false {}
[INFO ] 2023-02-14T19:18:07,672Z [Test worker] internal.InternalMockNetwork$MockNode. - Flow external operation executor has a max of 2 threads {}
[INFO ] 2023-02-14T19:18:07,673Z [Test worker] internal.InternalMockNetwork$MockNode. - Node starting up ... {}
[INFO ] 2023-02-14T19:18:07,707Z [Test worker] internal.KeyStoreHandler. - Loaded trusted root certificate: DL7fwxLm5xbiMD8adUuYTsPZHAict46Ng4w6RNcySt5vAw, alias: cordarootca {}
[INFO ] 2023-02-14T19:18:07,707Z [Test worker] internal.KeyStoreHandler. - Loaded node identity key: DL5Sdb55RBs9MFyeoZvmDDxtZd73nA4fxWz2Z7JSqwsBEf, alias: identity-private-key {}
[INFO ] 2023-02-14T19:18:07,712Z [Test worker] internal.NodeFlowManager. - Registered com.tutorial.flows.CreateAndIssueAppleStamp$CreateAndIssueAppleStampInitiator to initiate com.tutorial.flows.CreateAndIssueAppleStamp$CreateAndIssueAppleStampResponder (version 1) {}
[INFO ] 2023-02-14T19:18:07,712Z [Test worker] internal.NodeFlowManager. - Registered com.tutorial.flows.RedeemApples$RedeemApplesInitiator to initiate com.tutorial.flows.RedeemApples$RedeemApplesResponder (version 1) {}
[INFO ] 2023-02-14T19:18:07,712Z [Test worker] internal.NodeFlowManager. - Registered com.tutorial.flows.TemplateInitiator to initiate com.tutorial.flows.TemplateResponder (version 1) {}
[INFO ] 2023-02-14T19:18:07,714Z [Test worker] internal.InternalMockNetwork$MockNode. - Loaded network parameters: NetworkParameters {
      minimumPlatformVersion=1
      notaries=[NotaryInfo(identity=O=Notary, L=London, C=GB, validating=true)]
      maxMessageSize=10485760
      maxTransactionSize=524288000
      whitelistedContractImplementations {
        
      }
      eventHorizon=PT720H
      packageOwnership {
        
      }
      modifiedTime=2023-02-14T19:18:06.031Z
      epoch=1
  } {}
[INFO ] 2023-02-14T19:18:08,093Z [Test worker] internal.InternalMockNetwork$MockNode. - Connected to H2 database. {}
[INFO ] 2023-02-14T19:18:08,094Z [Test worker] persistence.HibernateConfiguration. - Init HibernateConfiguration for schemas: [CommonSchemaV1(name=net.corda.core.schemas.CommonSchema, version=1), VaultSchemaV1(name=net.corda.node.services.vault.VaultSchema, version=1), NodeInfoSchemaV1(name=net.corda.node.internal.schemas.NodeInfoSchema, version=1), NodeCoreV1(name=net.corda.node.services.schema.NodeSchemaService$NodeCore, version=1)] {}
[INFO ] 2023-02-14T19:18:08,094Z [Test worker] factory.BaseSessionFactoryFactory. - Creating session factory for schemas: [CommonSchemaV1(name=net.corda.core.schemas.CommonSchema, version=1), VaultSchemaV1(name=net.corda.node.services.vault.VaultSchema, version=1), NodeInfoSchemaV1(name=net.corda.node.internal.schemas.NodeInfoSchema, version=1), NodeCoreV1(name=net.corda.node.services.schema.NodeSchemaService$NodeCore, version=1)] {}
[INFO ] 2023-02-14T19:18:08,197Z [Test worker] factory.BaseSessionFactoryFactory. - Created session factory for schemas: [CommonSchemaV1(name=net.corda.core.schemas.CommonSchema, version=1), VaultSchemaV1(name=net.corda.node.services.vault.VaultSchema, version=1), NodeInfoSchemaV1(name=net.corda.node.internal.schemas.NodeInfoSchema, version=1), NodeCoreV1(name=net.corda.node.services.schema.NodeSchemaService$NodeCore, version=1)] {}
[INFO ] 2023-02-14T19:18:08,202Z [Test worker] internal.InternalMockNetwork$MockNode. - Node-info has changed so submitting update. Old node-info was null {}
[INFO ] 2023-02-14T19:18:08,204Z [Test worker] network.PersistentNetworkMapCache. - Adding node with info: NodeInfo(addresses=[mock.node:1000], legalIdentitiesAndCerts=[O=Mock Company 2, L=London, C=GB], platformVersion=11, serial=1676402288202), owningKey=DL5Sdb55RBs9MFyeoZvmDDxtZd73nA4fxWz2Z7JSqwsBEf {}
[INFO ] 2023-02-14T19:18:08,204Z [Test worker] network.PersistentNetworkMapCache. - No previous node found for O=Mock Company 2, L=London, C=GB {}
[INFO ] 2023-02-14T19:18:08,209Z [Test worker] internal.InternalMockNetwork$MockNode. - New node-info: NodeInfo(addresses=[mock.node:1000], legalIdentitiesAndCerts=[O=Mock Company 2, L=London, C=GB], platformVersion=11, serial=1676402288202) {}
[INFO ] 2023-02-14T19:18:08,214Z [Test worker] network.NetworkMapUpdater. - Auto-accept enabled for network parameter changes which modify only: [epoch, modifiedTime, packageOwnership, whitelistedContractImplementations] {}
[INFO ] 2023-02-14T19:18:08,214Z [Test worker] internal.MockNodeMessagingService. - Status change to true {}
[INFO ] 2023-02-14T19:18:08,214Z [Test worker] internal.InternalMockNetwork$MockNode. - MessagingService active change to: true {}
[INFO ] 2023-02-14T19:18:08,222Z [MockNode-9-2] network.PersistentNetworkMapCache. - Adding node with info: NodeInfo(addresses=[mock.node:1000], legalIdentitiesAndCerts=[O=Mock Company 2, L=London, C=GB], platformVersion=11, serial=1676402288202), owningKey=DL5Sdb55RBs9MFyeoZvmDDxtZd73nA4fxWz2Z7JSqwsBEf {}
[INFO ] 2023-02-14T19:18:08,222Z [MockNode-9-2] network.PersistentNetworkMapCache. - Previous node was identical to incoming one - doing nothing {}
[INFO ] 2023-02-14T19:18:08,245Z [Test worker] persistence.NodeAttachmentService. - Stored new attachment: id=8D910096F58ABAA8195807A73760B2C11EA6592BAEECBF84FD3FB834E21FDFBC uploader=app filename=4.8LTS Tutorial Contracts {}
[INFO ] 2023-02-14T19:18:08,262Z [Test worker] statemachine.SingleThreadedStateMachineManager. - Node ready, info: NodeInfo(addresses=[mock.node:1000], legalIdentitiesAndCerts=[O=Mock Company 2, L=London, C=GB], platformVersion=11, serial=1676402288202) {}
[INFO ] 2023-02-14T19:18:08,266Z [Test worker] network.PersistentNetworkMapCache. - Adding node with info: NodeInfo(addresses=[mock.node:1000], legalIdentitiesAndCerts=[O=Notary, L=London, C=GB], platformVersion=11, serial=1676402286828), owningKey=DL3WR2ZhgXCCF2tfqkEUF7VrdVbF3MCJkU1ESNrTDyQQYd {}
[INFO ] 2023-02-14T19:18:08,266Z [Test worker] network.PersistentNetworkMapCache. - No previous node found for O=Notary, L=London, C=GB {}
[INFO ] 2023-02-14T19:18:08,280Z [Test worker] network.PersistentNetworkMapCache. - Adding node with info: NodeInfo(addresses=[mock.node:1000], legalIdentitiesAndCerts=[O=Mock Company 2, L=London, C=GB], platformVersion=11, serial=1676402288202), owningKey=DL5Sdb55RBs9MFyeoZvmDDxtZd73nA4fxWz2Z7JSqwsBEf {}
[INFO ] 2023-02-14T19:18:08,280Z [Test worker] network.PersistentNetworkMapCache. - No previous node found for O=Mock Company 2, L=London, C=GB {}
[INFO ] 2023-02-14T19:18:08,290Z [Test worker] network.PersistentNetworkMapCache. - Adding node with info: NodeInfo(addresses=[mock.node:1000], legalIdentitiesAndCerts=[O=Mock Company 1, L=London, C=GB], platformVersion=11, serial=1676402287528), owningKey=DLE9GjxJEvo38cynK1cUoTnCk2U7iua3izXeLzZ3kRYgUz {}
[INFO ] 2023-02-14T19:18:08,290Z [Test worker] network.PersistentNetworkMapCache. - No previous node found for O=Mock Company 1, L=London, C=GB {}
[INFO ] 2023-02-14T19:18:08,300Z [Test worker] network.PersistentNetworkMapCache. - Adding node with info: NodeInfo(addresses=[mock.node:1000], legalIdentitiesAndCerts=[O=Mock Company 2, L=London, C=GB], platformVersion=11, serial=1676402288202), owningKey=DL5Sdb55RBs9MFyeoZvmDDxtZd73nA4fxWz2Z7JSqwsBEf {}
[INFO ] 2023-02-14T19:18:08,300Z [Test worker] network.PersistentNetworkMapCache. - No previous node found for O=Mock Company 2, L=London, C=GB {}
[INFO ] 2023-02-14T19:18:08,307Z [Test worker] network.PersistentNetworkMapCache. - Adding node with info: NodeInfo(addresses=[mock.node:1000], legalIdentitiesAndCerts=[O=Mock Company 2, L=London, C=GB], platformVersion=11, serial=1676402288202), owningKey=DL5Sdb55RBs9MFyeoZvmDDxtZd73nA4fxWz2Z7JSqwsBEf {}
[INFO ] 2023-02-14T19:18:08,307Z [Test worker] network.PersistentNetworkMapCache. - Previous node was identical to incoming one - doing nothing {}
[INFO ] 2023-02-14T19:18:08,307Z [Test worker] network.PersistentNetworkMapCache. - Adding node with info: NodeInfo(addresses=[mock.node:1000], legalIdentitiesAndCerts=[O=Mock Company 2, L=London, C=GB], platformVersion=11, serial=1676402288202), owningKey=DL5Sdb55RBs9MFyeoZvmDDxtZd73nA4fxWz2Z7JSqwsBEf {}
[INFO ] 2023-02-14T19:18:08,307Z [Test worker] network.PersistentNetworkMapCache. - Previous node was identical to incoming one - doing nothing {}
[WARN ] 2023-02-14T19:18:08,325Z [Mock network] transactions.TransactionBuilder. - Reverting back to using hash constraints for contract com.tutorial.contracts.BasketOfApplesContract {actor_id=Only For Testing, actor_owning_identity=O=Mock Company 1, L=London, C=GB, actor_store_id=TEST, fiber-id=10000005, flow-id=99870605-8bc9-4739-b045-4ca8c24e9d67, invocation_id=dc670ca8-c5ea-48eb-abe4-1e195f629e9e, invocation_timestamp=2023-02-14T19:18:08.309Z, origin=Only For Testing, session_id=dc670ca8-c5ea-48eb-abe4-1e195f629e9e, session_timestamp=2023-02-14T19:18:08.309Z, thread-id=948}
[INFO ] 2023-02-14T19:18:08,394Z [Mock network] corda.flow. - No need to notarise this transaction. {actor_id=Only For Testing, actor_owning_identity=O=Mock Company 1, L=London, C=GB, actor_store_id=TEST, fiber-id=10000005, flow-id=99870605-8bc9-4739-b045-4ca8c24e9d67, invocation_id=dc670ca8-c5ea-48eb-abe4-1e195f629e9e, invocation_timestamp=2023-02-14T19:18:08.309Z, origin=Only For Testing, session_id=dc670ca8-c5ea-48eb-abe4-1e195f629e9e, session_timestamp=2023-02-14T19:18:08.309Z, thread-id=948, tx_id=1C060A0A461F62E9B3CACB0C374327FB1521C6775F327E1AC288FBFD9E08DBFA}
[INFO ] 2023-02-14T19:18:08,394Z [Mock network] corda.flow. - Recording transaction locally. {actor_id=Only For Testing, actor_owning_identity=O=Mock Company 1, L=London, C=GB, actor_store_id=TEST, fiber-id=10000005, flow-id=99870605-8bc9-4739-b045-4ca8c24e9d67, invocation_id=dc670ca8-c5ea-48eb-abe4-1e195f629e9e, invocation_timestamp=2023-02-14T19:18:08.309Z, origin=Only For Testing, session_id=dc670ca8-c5ea-48eb-abe4-1e195f629e9e, session_timestamp=2023-02-14T19:18:08.309Z, thread-id=948, tx_id=1C060A0A461F62E9B3CACB0C374327FB1521C6775F327E1AC288FBFD9E08DBFA}
[INFO ] 2023-02-14T19:18:08,412Z [Mock network] corda.flow. - Recorded transaction locally successfully. {actor_id=Only For Testing, actor_owning_identity=O=Mock Company 1, L=London, C=GB, actor_store_id=TEST, fiber-id=10000005, flow-id=99870605-8bc9-4739-b045-4ca8c24e9d67, invocation_id=dc670ca8-c5ea-48eb-abe4-1e195f629e9e, invocation_timestamp=2023-02-14T19:18:08.309Z, origin=Only For Testing, session_id=dc670ca8-c5ea-48eb-abe4-1e195f629e9e, session_timestamp=2023-02-14T19:18:08.309Z, thread-id=948, tx_id=1C060A0A461F62E9B3CACB0C374327FB1521C6775F327E1AC288FBFD9E08DBFA}
[INFO ] 2023-02-14T19:18:08,412Z [Mock network] corda.flow. - All parties received the transaction successfully. {actor_id=Only For Testing, actor_owning_identity=O=Mock Company 1, L=London, C=GB, actor_store_id=TEST, fiber-id=10000005, flow-id=99870605-8bc9-4739-b045-4ca8c24e9d67, invocation_id=dc670ca8-c5ea-48eb-abe4-1e195f629e9e, invocation_timestamp=2023-02-14T19:18:08.309Z, origin=Only For Testing, session_id=dc670ca8-c5ea-48eb-abe4-1e195f629e9e, session_timestamp=2023-02-14T19:18:08.309Z, thread-id=948, tx_id=1C060A0A461F62E9B3CACB0C374327FB1521C6775F327E1AC288FBFD9E08DBFA}
[INFO ] 2023-02-14T19:18:08,426Z [Test worker] persistence.CordaPersistence. - Closing HikariDataSource (HikariPool-7) {}
[INFO ] 2023-02-14T19:18:08,436Z [Test worker] internal.MockNodeMessagingService. - Status change to false {}
[INFO ] 2023-02-14T19:18:08,436Z [Test worker] internal.InternalMockNetwork$MockNode. - MessagingService active change to: false {}
[INFO ] 2023-02-14T19:18:08,437Z [Test worker] persistence.CordaPersistence. - Closing HikariDataSource (HikariPool-8) {}
[INFO ] 2023-02-14T19:18:08,446Z [Test worker] internal.MockNodeMessagingService. - Status change to false {}
[INFO ] 2023-02-14T19:18:08,446Z [Test worker] internal.InternalMockNetwork$MockNode. - MessagingService active change to: false {}
[INFO ] 2023-02-14T19:18:08,448Z [Test worker] persistence.CordaPersistence. - Closing HikariDataSource (HikariPool-9) {}
[INFO ] 2023-02-14T19:18:08,457Z [Test worker] internal.MockNodeMessagingService. - Status change to false {}
[INFO ] 2023-02-14T19:18:08,457Z [Test worker] internal.InternalMockNetwork$MockNode. - MessagingService active change to: false {}
[INFO ] 2023-02-14T19:18:08,548Z [Test worker] cordapp.JarScanningCordappLoader. - Looking for CorDapps in [build\mock-network\20230214-191808.461-478B7E46BA84CF93\nodes\0\cordapps] {}
[INFO ] 2023-02-14T19:18:08,549Z [Test worker] cordapp.JarScanningCordappLoader. - Loading CorDapps from RestrictedURL(url=file:/C:/Users/Anvith/Dropbox/PC/Desktop/Work/Corda/samples-java/Basic/tutorial-applestamp/workflows/build/mock-network/20230214-191808.461-478B7E46BA84CF93/nodes/0/cordapps/contracts-0.1.jar, rootPackageName=null), RestrictedURL(url=file:/C:/Users/Anvith/Dropbox/PC/Desktop/Work/Corda/samples-java/Basic/tutorial-applestamp/workflows/build/mock-network/20230214-191808.461-478B7E46BA84CF93/nodes/0/cordapps/workflows-0.1.jar, rootPackageName=null) {}
[INFO ] 2023-02-14T19:18:08,549Z [Test worker] cordapp.JarScanningCordappLoader. - Scanning CorDapp in file:/C:/Users/Anvith/Dropbox/PC/Desktop/Work/Corda/samples-java/Basic/tutorial-applestamp/workflows/build/mock-network/20230214-191808.461-478B7E46BA84CF93/nodes/0/cordapps/contracts-0.1.jar {}
[INFO ] 2023-02-14T19:18:08,556Z [Test worker] cordapp.JarScanningCordappLoader. - Scanning CorDapp in file:/C:/Users/Anvith/Dropbox/PC/Desktop/Work/Corda/samples-java/Basic/tutorial-applestamp/workflows/build/mock-network/20230214-191808.461-478B7E46BA84CF93/nodes/0/cordapps/workflows-0.1.jar {}
[INFO ] 2023-02-14T19:18:08,579Z [Test worker] internal.InternalMockNetwork$MockNode. - MessagingService active change to: false {}
[INFO ] 2023-02-14T19:18:08,580Z [Test worker] internal.InternalMockNetwork$MockNode. - Flow external operation executor has a max of 2 threads {}
[INFO ] 2023-02-14T19:18:08,582Z [Test worker] internal.InternalMockNetwork$MockNode. - Node starting up ... {}
[INFO ] 2023-02-14T19:18:08,586Z [Test worker] internal.KeyStoreHandler. - Loaded trusted root certificate: DL7fwxLm5xbiMD8adUuYTsPZHAict46Ng4w6RNcySt5vAw, alias: cordarootca {}
[INFO ] 2023-02-14T19:18:08,586Z [Test worker] internal.KeyStoreHandler. - Loaded node identity key: DLHnXKyLkb7r5UBPFGPPeg2vAtCuQbgrrGbMeNLumr2r7v, alias: identity-private-key {}
[INFO ] 2023-02-14T19:18:08,592Z [Test worker] internal.NodeFlowManager. - Registered com.tutorial.flows.CreateAndIssueAppleStamp$CreateAndIssueAppleStampInitiator to initiate com.tutorial.flows.CreateAndIssueAppleStamp$CreateAndIssueAppleStampResponder (version 1) {}
[INFO ] 2023-02-14T19:18:08,592Z [Test worker] internal.NodeFlowManager. - Registered com.tutorial.flows.RedeemApples$RedeemApplesInitiator to initiate com.tutorial.flows.RedeemApples$RedeemApplesResponder (version 1) {}
[INFO ] 2023-02-14T19:18:08,592Z [Test worker] internal.NodeFlowManager. - Registered com.tutorial.flows.TemplateInitiator to initiate com.tutorial.flows.TemplateResponder (version 1) {}
[INFO ] 2023-02-14T19:18:08,597Z [Test worker] internal.InternalMockNetwork$MockNode. - Loaded network parameters: NetworkParameters {
      minimumPlatformVersion=1
      notaries=[NotaryInfo(identity=O=Notary, L=London, C=GB, validating=true)]
      maxMessageSize=10485760
      maxTransactionSize=524288000
      whitelistedContractImplementations {
        
      }
      eventHorizon=PT720H
      packageOwnership {
        
      }
      modifiedTime=2023-02-14T19:18:08.461Z
      epoch=1
  } {}
[INFO ] 2023-02-14T19:18:09,039Z [Test worker] internal.InternalMockNetwork$MockNode. - Connected to H2 database. {}
[INFO ] 2023-02-14T19:18:09,041Z [Test worker] persistence.HibernateConfiguration. - Init HibernateConfiguration for schemas: [CommonSchemaV1(name=net.corda.core.schemas.CommonSchema, version=1), VaultSchemaV1(name=net.corda.node.services.vault.VaultSchema, version=1), NodeInfoSchemaV1(name=net.corda.node.internal.schemas.NodeInfoSchema, version=1), NodeCoreV1(name=net.corda.node.services.schema.NodeSchemaService$NodeCore, version=1), JPANotarySchemaV1(name=net.corda.notary.jpa.JPANotarySchema, version=1)] {}
[INFO ] 2023-02-14T19:18:09,041Z [Test worker] factory.BaseSessionFactoryFactory. - Creating session factory for schemas: [CommonSchemaV1(name=net.corda.core.schemas.CommonSchema, version=1), VaultSchemaV1(name=net.corda.node.services.vault.VaultSchema, version=1), NodeInfoSchemaV1(name=net.corda.node.internal.schemas.NodeInfoSchema, version=1), NodeCoreV1(name=net.corda.node.services.schema.NodeSchemaService$NodeCore, version=1), JPANotarySchemaV1(name=net.corda.notary.jpa.JPANotarySchema, version=1)] {}
[INFO ] 2023-02-14T19:18:09,138Z [Test worker] factory.BaseSessionFactoryFactory. - Created session factory for schemas: [CommonSchemaV1(name=net.corda.core.schemas.CommonSchema, version=1), VaultSchemaV1(name=net.corda.node.services.vault.VaultSchema, version=1), NodeInfoSchemaV1(name=net.corda.node.internal.schemas.NodeInfoSchema, version=1), NodeCoreV1(name=net.corda.node.services.schema.NodeSchemaService$NodeCore, version=1), JPANotarySchemaV1(name=net.corda.notary.jpa.JPANotarySchema, version=1)] {}
[INFO ] 2023-02-14T19:18:09,142Z [Test worker] internal.InternalMockNetwork$MockNode. - Node-info has changed so submitting update. Old node-info was null {}
[INFO ] 2023-02-14T19:18:09,150Z [Test worker] network.PersistentNetworkMapCache. - Adding node with info: NodeInfo(addresses=[mock.node:1000], legalIdentitiesAndCerts=[O=Notary, L=London, C=GB], platformVersion=11, serial=1676402289142), owningKey=DLHnXKyLkb7r5UBPFGPPeg2vAtCuQbgrrGbMeNLumr2r7v {}
[INFO ] 2023-02-14T19:18:09,150Z [Test worker] network.PersistentNetworkMapCache. - No previous node found for O=Notary, L=London, C=GB {}
[INFO ] 2023-02-14T19:18:09,162Z [Test worker] internal.InternalMockNetwork$MockNode. - New node-info: NodeInfo(addresses=[mock.node:1000], legalIdentitiesAndCerts=[O=Notary, L=London, C=GB], platformVersion=11, serial=1676402289142) {}
[INFO ] 2023-02-14T19:18:09,170Z [Test worker] network.NetworkMapUpdater. - Auto-accept enabled for network parameter changes which modify only: [epoch, modifiedTime, packageOwnership, whitelistedContractImplementations] {}
[INFO ] 2023-02-14T19:18:09,170Z [Test worker] internal.MockNodeMessagingService. - Status change to true {}
[INFO ] 2023-02-14T19:18:09,170Z [Test worker] internal.InternalMockNetwork$MockNode. - MessagingService active change to: true {}
[INFO ] 2023-02-14T19:18:09,177Z [MockNode-10-2] network.PersistentNetworkMapCache. - Adding node with info: NodeInfo(addresses=[mock.node:1000], legalIdentitiesAndCerts=[O=Notary, L=London, C=GB], platformVersion=11, serial=1676402289142), owningKey=DLHnXKyLkb7r5UBPFGPPeg2vAtCuQbgrrGbMeNLumr2r7v {}
[INFO ] 2023-02-14T19:18:09,177Z [MockNode-10-2] network.PersistentNetworkMapCache. - Previous node was identical to incoming one - doing nothing {}
[INFO ] 2023-02-14T19:18:09,201Z [Test worker] persistence.NodeAttachmentService. - Stored new attachment: id=8D910096F58ABAA8195807A73760B2C11EA6592BAEECBF84FD3FB834E21FDFBC uploader=app filename=4.8LTS Tutorial Contracts {}
[INFO ] 2023-02-14T19:18:09,203Z [Test worker] utilities.NotaryLoader. - Starting notary service: class net.corda.notary.jpa.JPANotaryService {}
[INFO ] 2023-02-14T19:18:09,217Z [Test worker] statemachine.SingleThreadedStateMachineManager. - Node ready, info: NodeInfo(addresses=[mock.node:1000], legalIdentitiesAndCerts=[O=Notary, L=London, C=GB], platformVersion=11, serial=1676402289142) {}
[INFO ] 2023-02-14T19:18:09,218Z [Test worker] network.PersistentNetworkMapCache. - Adding node with info: NodeInfo(addresses=[mock.node:1000], legalIdentitiesAndCerts=[O=Notary, L=London, C=GB], platformVersion=11, serial=1676402289142), owningKey=DLHnXKyLkb7r5UBPFGPPeg2vAtCuQbgrrGbMeNLumr2r7v {}
[INFO ] 2023-02-14T19:18:09,218Z [Test worker] network.PersistentNetworkMapCache. - Previous node was identical to incoming one - doing nothing {}
[INFO ] 2023-02-14T19:18:09,218Z [Test worker] network.PersistentNetworkMapCache. - Adding node with info: NodeInfo(addresses=[mock.node:1000], legalIdentitiesAndCerts=[O=Notary, L=London, C=GB], platformVersion=11, serial=1676402289142), owningKey=DLHnXKyLkb7r5UBPFGPPeg2vAtCuQbgrrGbMeNLumr2r7v {}
[INFO ] 2023-02-14T19:18:09,218Z [Test worker] network.PersistentNetworkMapCache. - Previous node was identical to incoming one - doing nothing {}
[INFO ] 2023-02-14T19:18:09,228Z [Test worker] cordapp.JarScanningCordappLoader. - Looking for CorDapps in [build\mock-network\20230214-191808.461-478B7E46BA84CF93\nodes\1\cordapps] {}
[INFO ] 2023-02-14T19:18:09,229Z [Test worker] cordapp.JarScanningCordappLoader. - Loading CorDapps from RestrictedURL(url=file:/C:/Users/Anvith/Dropbox/PC/Desktop/Work/Corda/samples-java/Basic/tutorial-applestamp/workflows/build/mock-network/20230214-191808.461-478B7E46BA84CF93/nodes/1/cordapps/contracts-0.1.jar, rootPackageName=null), RestrictedURL(url=file:/C:/Users/Anvith/Dropbox/PC/Desktop/Work/Corda/samples-java/Basic/tutorial-applestamp/workflows/build/mock-network/20230214-191808.461-478B7E46BA84CF93/nodes/1/cordapps/workflows-0.1.jar, rootPackageName=null) {}
[INFO ] 2023-02-14T19:18:09,229Z [Test worker] cordapp.JarScanningCordappLoader. - Scanning CorDapp in file:/C:/Users/Anvith/Dropbox/PC/Desktop/Work/Corda/samples-java/Basic/tutorial-applestamp/workflows/build/mock-network/20230214-191808.461-478B7E46BA84CF93/nodes/1/cordapps/contracts-0.1.jar {}
[INFO ] 2023-02-14T19:18:09,236Z [Test worker] cordapp.JarScanningCordappLoader. - Scanning CorDapp in file:/C:/Users/Anvith/Dropbox/PC/Desktop/Work/Corda/samples-java/Basic/tutorial-applestamp/workflows/build/mock-network/20230214-191808.461-478B7E46BA84CF93/nodes/1/cordapps/workflows-0.1.jar {}
[INFO ] 2023-02-14T19:18:09,257Z [Test worker] internal.InternalMockNetwork$MockNode. - MessagingService active change to: false {}
[INFO ] 2023-02-14T19:18:09,257Z [Test worker] internal.InternalMockNetwork$MockNode. - Flow external operation executor has a max of 2 threads {}
[INFO ] 2023-02-14T19:18:09,259Z [Test worker] internal.InternalMockNetwork$MockNode. - Node starting up ... {}
[INFO ] 2023-02-14T19:18:09,290Z [Test worker] internal.KeyStoreHandler. - Loaded trusted root certificate: DL7fwxLm5xbiMD8adUuYTsPZHAict46Ng4w6RNcySt5vAw, alias: cordarootca {}
[INFO ] 2023-02-14T19:18:09,290Z [Test worker] internal.KeyStoreHandler. - Loaded node identity key: DLHU65yLipiUd3keAy4tWNtV1LJ33iksS1G5gk5sQ5sR6h, alias: identity-private-key {}
[INFO ] 2023-02-14T19:18:09,295Z [Test worker] internal.NodeFlowManager. - Registered com.tutorial.flows.CreateAndIssueAppleStamp$CreateAndIssueAppleStampInitiator to initiate com.tutorial.flows.CreateAndIssueAppleStamp$CreateAndIssueAppleStampResponder (version 1) {}
[INFO ] 2023-02-14T19:18:09,295Z [Test worker] internal.NodeFlowManager. - Registered com.tutorial.flows.RedeemApples$RedeemApplesInitiator to initiate com.tutorial.flows.RedeemApples$RedeemApplesResponder (version 1) {}
[INFO ] 2023-02-14T19:18:09,295Z [Test worker] internal.NodeFlowManager. - Registered com.tutorial.flows.TemplateInitiator to initiate com.tutorial.flows.TemplateResponder (version 1) {}
[INFO ] 2023-02-14T19:18:09,298Z [Test worker] internal.InternalMockNetwork$MockNode. - Loaded network parameters: NetworkParameters {
      minimumPlatformVersion=1
      notaries=[NotaryInfo(identity=O=Notary, L=London, C=GB, validating=true)]
      maxMessageSize=10485760
      maxTransactionSize=524288000
      whitelistedContractImplementations {
        
      }
      eventHorizon=PT720H
      packageOwnership {
        
      }
      modifiedTime=2023-02-14T19:18:08.461Z
      epoch=1
  } {}
[INFO ] 2023-02-14T19:18:09,699Z [Test worker] internal.InternalMockNetwork$MockNode. - Connected to H2 database. {}
[INFO ] 2023-02-14T19:18:09,701Z [Test worker] persistence.HibernateConfiguration. - Init HibernateConfiguration for schemas: [CommonSchemaV1(name=net.corda.core.schemas.CommonSchema, version=1), VaultSchemaV1(name=net.corda.node.services.vault.VaultSchema, version=1), NodeInfoSchemaV1(name=net.corda.node.internal.schemas.NodeInfoSchema, version=1), NodeCoreV1(name=net.corda.node.services.schema.NodeSchemaService$NodeCore, version=1)] {}
[INFO ] 2023-02-14T19:18:09,701Z [Test worker] factory.BaseSessionFactoryFactory. - Creating session factory for schemas: [CommonSchemaV1(name=net.corda.core.schemas.CommonSchema, version=1), VaultSchemaV1(name=net.corda.node.services.vault.VaultSchema, version=1), NodeInfoSchemaV1(name=net.corda.node.internal.schemas.NodeInfoSchema, version=1), NodeCoreV1(name=net.corda.node.services.schema.NodeSchemaService$NodeCore, version=1)] {}
[INFO ] 2023-02-14T19:18:09,797Z [Test worker] factory.BaseSessionFactoryFactory. - Created session factory for schemas: [CommonSchemaV1(name=net.corda.core.schemas.CommonSchema, version=1), VaultSchemaV1(name=net.corda.node.services.vault.VaultSchema, version=1), NodeInfoSchemaV1(name=net.corda.node.internal.schemas.NodeInfoSchema, version=1), NodeCoreV1(name=net.corda.node.services.schema.NodeSchemaService$NodeCore, version=1)] {}
[INFO ] 2023-02-14T19:18:09,803Z [Test worker] internal.InternalMockNetwork$MockNode. - Node-info has changed so submitting update. Old node-info was null {}
[INFO ] 2023-02-14T19:18:09,806Z [Test worker] network.PersistentNetworkMapCache. - Adding node with info: NodeInfo(addresses=[mock.node:1000], legalIdentitiesAndCerts=[O=Mock Company 1, L=London, C=GB], platformVersion=11, serial=1676402289803), owningKey=DLHU65yLipiUd3keAy4tWNtV1LJ33iksS1G5gk5sQ5sR6h {}
[INFO ] 2023-02-14T19:18:09,806Z [Test worker] network.PersistentNetworkMapCache. - No previous node found for O=Mock Company 1, L=London, C=GB {}
[INFO ] 2023-02-14T19:18:09,811Z [Test worker] internal.InternalMockNetwork$MockNode. - New node-info: NodeInfo(addresses=[mock.node:1000], legalIdentitiesAndCerts=[O=Mock Company 1, L=London, C=GB], platformVersion=11, serial=1676402289803) {}
[INFO ] 2023-02-14T19:18:09,816Z [Test worker] network.NetworkMapUpdater. - Auto-accept enabled for network parameter changes which modify only: [epoch, modifiedTime, packageOwnership, whitelistedContractImplementations] {}
[INFO ] 2023-02-14T19:18:09,817Z [Test worker] internal.MockNodeMessagingService. - Status change to true {}
[INFO ] 2023-02-14T19:18:09,817Z [Test worker] internal.InternalMockNetwork$MockNode. - MessagingService active change to: true {}
[INFO ] 2023-02-14T19:18:09,824Z [MockNode-11-2] network.PersistentNetworkMapCache. - Adding node with info: NodeInfo(addresses=[mock.node:1000], legalIdentitiesAndCerts=[O=Mock Company 1, L=London, C=GB], platformVersion=11, serial=1676402289803), owningKey=DLHU65yLipiUd3keAy4tWNtV1LJ33iksS1G5gk5sQ5sR6h {}
[INFO ] 2023-02-14T19:18:09,824Z [MockNode-11-2] network.PersistentNetworkMapCache. - Previous node was identical to incoming one - doing nothing {}
[INFO ] 2023-02-14T19:18:09,845Z [Test worker] persistence.NodeAttachmentService. - Stored new attachment: id=8D910096F58ABAA8195807A73760B2C11EA6592BAEECBF84FD3FB834E21FDFBC uploader=app filename=4.8LTS Tutorial Contracts {}
[INFO ] 2023-02-14T19:18:09,862Z [Test worker] statemachine.SingleThreadedStateMachineManager. - Node ready, info: NodeInfo(addresses=[mock.node:1000], legalIdentitiesAndCerts=[O=Mock Company 1, L=London, C=GB], platformVersion=11, serial=1676402289803) {}
[INFO ] 2023-02-14T19:18:09,865Z [Test worker] network.PersistentNetworkMapCache. - Adding node with info: NodeInfo(addresses=[mock.node:1000], legalIdentitiesAndCerts=[O=Notary, L=London, C=GB], platformVersion=11, serial=1676402289142), owningKey=DLHnXKyLkb7r5UBPFGPPeg2vAtCuQbgrrGbMeNLumr2r7v {}
[INFO ] 2023-02-14T19:18:09,865Z [Test worker] network.PersistentNetworkMapCache. - No previous node found for O=Notary, L=London, C=GB {}
[INFO ] 2023-02-14T19:18:09,875Z [Test worker] network.PersistentNetworkMapCache. - Adding node with info: NodeInfo(addresses=[mock.node:1000], legalIdentitiesAndCerts=[O=Mock Company 1, L=London, C=GB], platformVersion=11, serial=1676402289803), owningKey=DLHU65yLipiUd3keAy4tWNtV1LJ33iksS1G5gk5sQ5sR6h {}
[INFO ] 2023-02-14T19:18:09,875Z [Test worker] network.PersistentNetworkMapCache. - No previous node found for O=Mock Company 1, L=London, C=GB {}
[INFO ] 2023-02-14T19:18:09,884Z [Test worker] network.PersistentNetworkMapCache. - Adding node with info: NodeInfo(addresses=[mock.node:1000], legalIdentitiesAndCerts=[O=Mock Company 1, L=London, C=GB], platformVersion=11, serial=1676402289803), owningKey=DLHU65yLipiUd3keAy4tWNtV1LJ33iksS1G5gk5sQ5sR6h {}
[INFO ] 2023-02-14T19:18:09,884Z [Test worker] network.PersistentNetworkMapCache. - Previous node was identical to incoming one - doing nothing {}
[INFO ] 2023-02-14T19:18:09,885Z [Test worker] network.PersistentNetworkMapCache. - Adding node with info: NodeInfo(addresses=[mock.node:1000], legalIdentitiesAndCerts=[O=Mock Company 1, L=London, C=GB], platformVersion=11, serial=1676402289803), owningKey=DLHU65yLipiUd3keAy4tWNtV1LJ33iksS1G5gk5sQ5sR6h {}
[INFO ] 2023-02-14T19:18:09,885Z [Test worker] network.PersistentNetworkMapCache. - Previous node was identical to incoming one - doing nothing {}
[INFO ] 2023-02-14T19:18:09,896Z [Test worker] cordapp.JarScanningCordappLoader. - Looking for CorDapps in [build\mock-network\20230214-191808.461-478B7E46BA84CF93\nodes\2\cordapps] {}
[INFO ] 2023-02-14T19:18:09,898Z [Test worker] cordapp.JarScanningCordappLoader. - Loading CorDapps from RestrictedURL(url=file:/C:/Users/Anvith/Dropbox/PC/Desktop/Work/Corda/samples-java/Basic/tutorial-applestamp/workflows/build/mock-network/20230214-191808.461-478B7E46BA84CF93/nodes/2/cordapps/contracts-0.1.jar, rootPackageName=null), RestrictedURL(url=file:/C:/Users/Anvith/Dropbox/PC/Desktop/Work/Corda/samples-java/Basic/tutorial-applestamp/workflows/build/mock-network/20230214-191808.461-478B7E46BA84CF93/nodes/2/cordapps/workflows-0.1.jar, rootPackageName=null) {}
[INFO ] 2023-02-14T19:18:09,899Z [Test worker] cordapp.JarScanningCordappLoader. - Scanning CorDapp in file:/C:/Users/Anvith/Dropbox/PC/Desktop/Work/Corda/samples-java/Basic/tutorial-applestamp/workflows/build/mock-network/20230214-191808.461-478B7E46BA84CF93/nodes/2/cordapps/contracts-0.1.jar {}
[INFO ] 2023-02-14T19:18:09,905Z [Test worker] cordapp.JarScanningCordappLoader. - Scanning CorDapp in file:/C:/Users/Anvith/Dropbox/PC/Desktop/Work/Corda/samples-java/Basic/tutorial-applestamp/workflows/build/mock-network/20230214-191808.461-478B7E46BA84CF93/nodes/2/cordapps/workflows-0.1.jar {}
[INFO ] 2023-02-14T19:18:09,932Z [Test worker] internal.InternalMockNetwork$MockNode. - MessagingService active change to: false {}
[INFO ] 2023-02-14T19:18:09,932Z [Test worker] internal.InternalMockNetwork$MockNode. - Flow external operation executor has a max of 2 threads {}
[INFO ] 2023-02-14T19:18:09,934Z [Test worker] internal.InternalMockNetwork$MockNode. - Node starting up ... {}
[INFO ] 2023-02-14T19:18:09,968Z [Test worker] internal.KeyStoreHandler. - Loaded trusted root certificate: DL7fwxLm5xbiMD8adUuYTsPZHAict46Ng4w6RNcySt5vAw, alias: cordarootca {}
[INFO ] 2023-02-14T19:18:09,969Z [Test worker] internal.KeyStoreHandler. - Loaded node identity key: DL5RRT2HnL4Ky3D8c3ijAuHjzLp3jiDYaTNF1tuQLbtqzT, alias: identity-private-key {}
[INFO ] 2023-02-14T19:18:09,977Z [Test worker] internal.NodeFlowManager. - Registered com.tutorial.flows.CreateAndIssueAppleStamp$CreateAndIssueAppleStampInitiator to initiate com.tutorial.flows.CreateAndIssueAppleStamp$CreateAndIssueAppleStampResponder (version 1) {}
[INFO ] 2023-02-14T19:18:09,977Z [Test worker] internal.NodeFlowManager. - Registered com.tutorial.flows.RedeemApples$RedeemApplesInitiator to initiate com.tutorial.flows.RedeemApples$RedeemApplesResponder (version 1) {}
[INFO ] 2023-02-14T19:18:09,977Z [Test worker] internal.NodeFlowManager. - Registered com.tutorial.flows.TemplateInitiator to initiate com.tutorial.flows.TemplateResponder (version 1) {}
[INFO ] 2023-02-14T19:18:09,980Z [Test worker] internal.InternalMockNetwork$MockNode. - Loaded network parameters: NetworkParameters {
      minimumPlatformVersion=1
      notaries=[NotaryInfo(identity=O=Notary, L=London, C=GB, validating=true)]
      maxMessageSize=10485760
      maxTransactionSize=524288000
      whitelistedContractImplementations {
        
      }
      eventHorizon=PT720H
      packageOwnership {
        
      }
      modifiedTime=2023-02-14T19:18:08.461Z
      epoch=1
  } {}
[INFO ] 2023-02-14T19:18:10,332Z [Test worker] internal.InternalMockNetwork$MockNode. - Connected to H2 database. {}
[INFO ] 2023-02-14T19:18:10,335Z [Test worker] persistence.HibernateConfiguration. - Init HibernateConfiguration for schemas: [CommonSchemaV1(name=net.corda.core.schemas.CommonSchema, version=1), VaultSchemaV1(name=net.corda.node.services.vault.VaultSchema, version=1), NodeInfoSchemaV1(name=net.corda.node.internal.schemas.NodeInfoSchema, version=1), NodeCoreV1(name=net.corda.node.services.schema.NodeSchemaService$NodeCore, version=1)] {}
[INFO ] 2023-02-14T19:18:10,335Z [Test worker] factory.BaseSessionFactoryFactory. - Creating session factory for schemas: [CommonSchemaV1(name=net.corda.core.schemas.CommonSchema, version=1), VaultSchemaV1(name=net.corda.node.services.vault.VaultSchema, version=1), NodeInfoSchemaV1(name=net.corda.node.internal.schemas.NodeInfoSchema, version=1), NodeCoreV1(name=net.corda.node.services.schema.NodeSchemaService$NodeCore, version=1)] {}
[INFO ] 2023-02-14T19:18:10,423Z [Test worker] factory.BaseSessionFactoryFactory. - Created session factory for schemas: [CommonSchemaV1(name=net.corda.core.schemas.CommonSchema, version=1), VaultSchemaV1(name=net.corda.node.services.vault.VaultSchema, version=1), NodeInfoSchemaV1(name=net.corda.node.internal.schemas.NodeInfoSchema, version=1), NodeCoreV1(name=net.corda.node.services.schema.NodeSchemaService$NodeCore, version=1)] {}
[INFO ] 2023-02-14T19:18:10,428Z [Test worker] internal.InternalMockNetwork$MockNode. - Node-info has changed so submitting update. Old node-info was null {}
[INFO ] 2023-02-14T19:18:10,431Z [Test worker] network.PersistentNetworkMapCache. - Adding node with info: NodeInfo(addresses=[mock.node:1000], legalIdentitiesAndCerts=[O=Mock Company 2, L=London, C=GB], platformVersion=11, serial=1676402290428), owningKey=DL5RRT2HnL4Ky3D8c3ijAuHjzLp3jiDYaTNF1tuQLbtqzT {}
[INFO ] 2023-02-14T19:18:10,431Z [Test worker] network.PersistentNetworkMapCache. - No previous node found for O=Mock Company 2, L=London, C=GB {}
[INFO ] 2023-02-14T19:18:10,436Z [Test worker] internal.InternalMockNetwork$MockNode. - New node-info: NodeInfo(addresses=[mock.node:1000], legalIdentitiesAndCerts=[O=Mock Company 2, L=London, C=GB], platformVersion=11, serial=1676402290428) {}
[INFO ] 2023-02-14T19:18:10,442Z [Test worker] network.NetworkMapUpdater. - Auto-accept enabled for network parameter changes which modify only: [epoch, modifiedTime, packageOwnership, whitelistedContractImplementations] {}
[INFO ] 2023-02-14T19:18:10,442Z [Test worker] internal.MockNodeMessagingService. - Status change to true {}
[INFO ] 2023-02-14T19:18:10,442Z [Test worker] internal.InternalMockNetwork$MockNode. - MessagingService active change to: true {}
[INFO ] 2023-02-14T19:18:10,451Z [MockNode-12-2] network.PersistentNetworkMapCache. - Adding node with info: NodeInfo(addresses=[mock.node:1000], legalIdentitiesAndCerts=[O=Mock Company 2, L=London, C=GB], platformVersion=11, serial=1676402290428), owningKey=DL5RRT2HnL4Ky3D8c3ijAuHjzLp3jiDYaTNF1tuQLbtqzT {}
[INFO ] 2023-02-14T19:18:10,451Z [MockNode-12-2] network.PersistentNetworkMapCache. - Previous node was identical to incoming one - doing nothing {}
[INFO ] 2023-02-14T19:18:10,476Z [Test worker] persistence.NodeAttachmentService. - Stored new attachment: id=8D910096F58ABAA8195807A73760B2C11EA6592BAEECBF84FD3FB834E21FDFBC uploader=app filename=4.8LTS Tutorial Contracts {}
[INFO ] 2023-02-14T19:18:10,493Z [Test worker] statemachine.SingleThreadedStateMachineManager. - Node ready, info: NodeInfo(addresses=[mock.node:1000], legalIdentitiesAndCerts=[O=Mock Company 2, L=London, C=GB], platformVersion=11, serial=1676402290428) {}
[INFO ] 2023-02-14T19:18:10,496Z [Test worker] network.PersistentNetworkMapCache. - Adding node with info: NodeInfo(addresses=[mock.node:1000], legalIdentitiesAndCerts=[O=Notary, L=London, C=GB], platformVersion=11, serial=1676402289142), owningKey=DLHnXKyLkb7r5UBPFGPPeg2vAtCuQbgrrGbMeNLumr2r7v {}
[INFO ] 2023-02-14T19:18:10,496Z [Test worker] network.PersistentNetworkMapCache. - No previous node found for O=Notary, L=London, C=GB {}
[INFO ] 2023-02-14T19:18:10,507Z [Test worker] network.PersistentNetworkMapCache. - Adding node with info: NodeInfo(addresses=[mock.node:1000], legalIdentitiesAndCerts=[O=Mock Company 2, L=London, C=GB], platformVersion=11, serial=1676402290428), owningKey=DL5RRT2HnL4Ky3D8c3ijAuHjzLp3jiDYaTNF1tuQLbtqzT {}
[INFO ] 2023-02-14T19:18:10,507Z [Test worker] network.PersistentNetworkMapCache. - No previous node found for O=Mock Company 2, L=London, C=GB {}
[INFO ] 2023-02-14T19:18:10,518Z [Test worker] network.PersistentNetworkMapCache. - Adding node with info: NodeInfo(addresses=[mock.node:1000], legalIdentitiesAndCerts=[O=Mock Company 1, L=London, C=GB], platformVersion=11, serial=1676402289803), owningKey=DLHU65yLipiUd3keAy4tWNtV1LJ33iksS1G5gk5sQ5sR6h {}
[INFO ] 2023-02-14T19:18:10,518Z [Test worker] network.PersistentNetworkMapCache. - No previous node found for O=Mock Company 1, L=London, C=GB {}
[INFO ] 2023-02-14T19:18:10,533Z [Test worker] network.PersistentNetworkMapCache. - Adding node with info: NodeInfo(addresses=[mock.node:1000], legalIdentitiesAndCerts=[O=Mock Company 2, L=London, C=GB], platformVersion=11, serial=1676402290428), owningKey=DL5RRT2HnL4Ky3D8c3ijAuHjzLp3jiDYaTNF1tuQLbtqzT {}
[INFO ] 2023-02-14T19:18:10,533Z [Test worker] network.PersistentNetworkMapCache. - No previous node found for O=Mock Company 2, L=London, C=GB {}
[INFO ] 2023-02-14T19:18:10,547Z [Test worker] network.PersistentNetworkMapCache. - Adding node with info: NodeInfo(addresses=[mock.node:1000], legalIdentitiesAndCerts=[O=Mock Company 2, L=London, C=GB], platformVersion=11, serial=1676402290428), owningKey=DL5RRT2HnL4Ky3D8c3ijAuHjzLp3jiDYaTNF1tuQLbtqzT {}
[INFO ] 2023-02-14T19:18:10,547Z [Test worker] network.PersistentNetworkMapCache. - Previous node was identical to incoming one - doing nothing {}
[INFO ] 2023-02-14T19:18:10,548Z [Test worker] network.PersistentNetworkMapCache. - Adding node with info: NodeInfo(addresses=[mock.node:1000], legalIdentitiesAndCerts=[O=Mock Company 2, L=London, C=GB], platformVersion=11, serial=1676402290428), owningKey=DL5RRT2HnL4Ky3D8c3ijAuHjzLp3jiDYaTNF1tuQLbtqzT {}
[INFO ] 2023-02-14T19:18:10,548Z [Test worker] network.PersistentNetworkMapCache. - Previous node was identical to incoming one - doing nothing {}
[INFO ] 2023-02-14T19:18:10,673Z [Mock network] corda.flow. - Received transaction acknowledgement request from party O=Mock Company 1, L=London, C=GB. {fiber-id=10000007, flow-id=4d8e4617-4cf6-4193-a564-e9f18d2e81db, invocation_id=3fe65ca3-8fa9-41a0-9276-942e156bb057, invocation_timestamp=2023-02-14T19:18:10.654Z, origin=O=Mock Company 1, L=London, C=GB, session_id=3fe65ca3-8fa9-41a0-9276-942e156bb057, session_timestamp=2023-02-14T19:18:10.654Z, thread-id=1237, tx_id=AB64A826D8A09DCDCD4544CFB88A14DEE0757CA8A93E8CB874343A97D1B58DF2}
[INFO ] 2023-02-14T19:18:10,683Z [Mock network] corda.flow. - Transaction dependencies resolution completed. {fiber-id=10000007, flow-id=4d8e4617-4cf6-4193-a564-e9f18d2e81db, invocation_id=3fe65ca3-8fa9-41a0-9276-942e156bb057, invocation_timestamp=2023-02-14T19:18:10.654Z, origin=O=Mock Company 1, L=London, C=GB, session_id=3fe65ca3-8fa9-41a0-9276-942e156bb057, session_timestamp=2023-02-14T19:18:10.654Z, thread-id=1237, tx_id=AB64A826D8A09DCDCD4544CFB88A14DEE0757CA8A93E8CB874343A97D1B58DF2}
[INFO ] 2023-02-14T19:18:10,771Z [Mock network] corda.flow. - No need to notarise this transaction. {actor_id=Only For Testing, actor_owning_identity=O=Mock Company 1, L=London, C=GB, actor_store_id=TEST, fiber-id=10000006, flow-id=ced8a6a6-2fae-4e26-b7d8-19c9d07b39cc, invocation_id=3acb6c02-a4a8-41bf-8efa-2fec560f5301, invocation_timestamp=2023-02-14T19:18:10.550Z, origin=Only For Testing, session_id=3acb6c02-a4a8-41bf-8efa-2fec560f5301, session_timestamp=2023-02-14T19:18:10.550Z, thread-id=1237, tx_id=AB64A826D8A09DCDCD4544CFB88A14DEE0757CA8A93E8CB874343A97D1B58DF2}
[INFO ] 2023-02-14T19:18:10,771Z [Mock network] corda.flow. - Recording transaction locally. {actor_id=Only For Testing, actor_owning_identity=O=Mock Company 1, L=London, C=GB, actor_store_id=TEST, fiber-id=10000006, flow-id=ced8a6a6-2fae-4e26-b7d8-19c9d07b39cc, invocation_id=3acb6c02-a4a8-41bf-8efa-2fec560f5301, invocation_timestamp=2023-02-14T19:18:10.550Z, origin=Only For Testing, session_id=3acb6c02-a4a8-41bf-8efa-2fec560f5301, session_timestamp=2023-02-14T19:18:10.550Z, thread-id=1237, tx_id=AB64A826D8A09DCDCD4544CFB88A14DEE0757CA8A93E8CB874343A97D1B58DF2}
[INFO ] 2023-02-14T19:18:10,786Z [Mock network] corda.flow. - Recorded transaction locally successfully. {actor_id=Only For Testing, actor_owning_identity=O=Mock Company 1, L=London, C=GB, actor_store_id=TEST, fiber-id=10000006, flow-id=ced8a6a6-2fae-4e26-b7d8-19c9d07b39cc, invocation_id=3acb6c02-a4a8-41bf-8efa-2fec560f5301, invocation_timestamp=2023-02-14T19:18:10.550Z, origin=Only For Testing, session_id=3acb6c02-a4a8-41bf-8efa-2fec560f5301, session_timestamp=2023-02-14T19:18:10.550Z, thread-id=1237, tx_id=AB64A826D8A09DCDCD4544CFB88A14DEE0757CA8A93E8CB874343A97D1B58DF2}
[INFO ] 2023-02-14T19:18:10,795Z [Mock network] corda.flow. - Received transaction acknowledgement request from party O=Mock Company 1, L=London, C=GB. {fiber-id=10000007, flow-id=4d8e4617-4cf6-4193-a564-e9f18d2e81db, invocation_id=3fe65ca3-8fa9-41a0-9276-942e156bb057, invocation_timestamp=2023-02-14T19:18:10.654Z, origin=O=Mock Company 1, L=London, C=GB, session_id=3fe65ca3-8fa9-41a0-9276-942e156bb057, session_timestamp=2023-02-14T19:18:10.654Z, thread-id=1237, tx_id=AB64A826D8A09DCDCD4544CFB88A14DEE0757CA8A93E8CB874343A97D1B58DF2}
[INFO ] 2023-02-14T19:18:10,800Z [Mock network] corda.flow. - Transaction dependencies resolution completed. {fiber-id=10000007, flow-id=4d8e4617-4cf6-4193-a564-e9f18d2e81db, invocation_id=3fe65ca3-8fa9-41a0-9276-942e156bb057, invocation_timestamp=2023-02-14T19:18:10.654Z, origin=O=Mock Company 1, L=London, C=GB, session_id=3fe65ca3-8fa9-41a0-9276-942e156bb057, session_timestamp=2023-02-14T19:18:10.654Z, thread-id=1237, tx_id=AB64A826D8A09DCDCD4544CFB88A14DEE0757CA8A93E8CB874343A97D1B58DF2}
[INFO ] 2023-02-14T19:18:10,802Z [Mock network] corda.flow. - Successfully received fully signed tx. Sending it to the vault for processing. {fiber-id=10000007, flow-id=4d8e4617-4cf6-4193-a564-e9f18d2e81db, invocation_id=3fe65ca3-8fa9-41a0-9276-942e156bb057, invocation_timestamp=2023-02-14T19:18:10.654Z, origin=O=Mock Company 1, L=London, C=GB, session_id=3fe65ca3-8fa9-41a0-9276-942e156bb057, session_timestamp=2023-02-14T19:18:10.654Z, thread-id=1237, tx_id=AB64A826D8A09DCDCD4544CFB88A14DEE0757CA8A93E8CB874343A97D1B58DF2}
[INFO ] 2023-02-14T19:18:10,809Z [Mock network] corda.flow. - Successfully recorded received transaction locally. {fiber-id=10000007, flow-id=4d8e4617-4cf6-4193-a564-e9f18d2e81db, invocation_id=3fe65ca3-8fa9-41a0-9276-942e156bb057, invocation_timestamp=2023-02-14T19:18:10.654Z, origin=O=Mock Company 1, L=London, C=GB, session_id=3fe65ca3-8fa9-41a0-9276-942e156bb057, session_timestamp=2023-02-14T19:18:10.654Z, thread-id=1237, tx_id=AB64A826D8A09DCDCD4544CFB88A14DEE0757CA8A93E8CB874343A97D1B58DF2}
[INFO ] 2023-02-14T19:18:10,819Z [Mock network] corda.flow. - Party O=Mock Company 2, L=London, C=GB received the transaction. {actor_id=Only For Testing, actor_owning_identity=O=Mock Company 1, L=London, C=GB, actor_store_id=TEST, fiber-id=10000006, flow-id=ced8a6a6-2fae-4e26-b7d8-19c9d07b39cc, invocation_id=3acb6c02-a4a8-41bf-8efa-2fec560f5301, invocation_timestamp=2023-02-14T19:18:10.550Z, origin=Only For Testing, session_id=3acb6c02-a4a8-41bf-8efa-2fec560f5301, session_timestamp=2023-02-14T19:18:10.550Z, thread-id=1237, tx_id=AB64A826D8A09DCDCD4544CFB88A14DEE0757CA8A93E8CB874343A97D1B58DF2}
[INFO ] 2023-02-14T19:18:10,819Z [Mock network] corda.flow. - All parties received the transaction successfully. {actor_id=Only For Testing, actor_owning_identity=O=Mock Company 1, L=London, C=GB, actor_store_id=TEST, fiber-id=10000006, flow-id=ced8a6a6-2fae-4e26-b7d8-19c9d07b39cc, invocation_id=3acb6c02-a4a8-41bf-8efa-2fec560f5301, invocation_timestamp=2023-02-14T19:18:10.550Z, origin=Only For Testing, session_id=3acb6c02-a4a8-41bf-8efa-2fec560f5301, session_timestamp=2023-02-14T19:18:10.550Z, thread-id=1237, tx_id=AB64A826D8A09DCDCD4544CFB88A14DEE0757CA8A93E8CB874343A97D1B58DF2}
[INFO ] 2023-02-14T19:18:10,830Z [Test worker] persistence.CordaPersistence. - Closing HikariDataSource (HikariPool-10) {}
[INFO ] 2023-02-14T19:18:10,839Z [Test worker] internal.MockNodeMessagingService. - Status change to false {}
[INFO ] 2023-02-14T19:18:10,839Z [Test worker] internal.InternalMockNetwork$MockNode. - MessagingService active change to: false {}
[INFO ] 2023-02-14T19:18:10,840Z [Test worker] persistence.CordaPersistence. - Closing HikariDataSource (HikariPool-11) {}
[INFO ] 2023-02-14T19:18:10,851Z [Test worker] internal.MockNodeMessagingService. - Status change to false {}
[INFO ] 2023-02-14T19:18:10,851Z [Test worker] internal.InternalMockNetwork$MockNode. - MessagingService active change to: false {}
[INFO ] 2023-02-14T19:18:10,852Z [Test worker] persistence.CordaPersistence. - Closing HikariDataSource (HikariPool-12) {}
[INFO ] 2023-02-14T19:18:10,862Z [Test worker] internal.MockNodeMessagingService. - Status change to false {}
[INFO ] 2023-02-14T19:18:10,862Z [Test worker] internal.InternalMockNetwork$MockNode. - MessagingService active change to: false {}
[INFO ] 2023-02-14T19:18:10,935Z [Test worker] cordapp.JarScanningCordappLoader. - Looking for CorDapps in [build\mock-network\20230214-191810.866-1A2DACC536C86FDB\nodes\0\cordapps] {}
[INFO ] 2023-02-14T19:18:10,935Z [Test worker] cordapp.JarScanningCordappLoader. - Loading CorDapps from RestrictedURL(url=file:/C:/Users/Anvith/Dropbox/PC/Desktop/Work/Corda/samples-java/Basic/tutorial-applestamp/workflows/build/mock-network/20230214-191810.866-1A2DACC536C86FDB/nodes/0/cordapps/contracts-0.1.jar, rootPackageName=null), RestrictedURL(url=file:/C:/Users/Anvith/Dropbox/PC/Desktop/Work/Corda/samples-java/Basic/tutorial-applestamp/workflows/build/mock-network/20230214-191810.866-1A2DACC536C86FDB/nodes/0/cordapps/workflows-0.1.jar, rootPackageName=null) {}
[INFO ] 2023-02-14T19:18:10,936Z [Test worker] cordapp.JarScanningCordappLoader. - Scanning CorDapp in file:/C:/Users/Anvith/Dropbox/PC/Desktop/Work/Corda/samples-java/Basic/tutorial-applestamp/workflows/build/mock-network/20230214-191810.866-1A2DACC536C86FDB/nodes/0/cordapps/contracts-0.1.jar {}
[INFO ] 2023-02-14T19:18:10,944Z [Test worker] cordapp.JarScanningCordappLoader. - Scanning CorDapp in file:/C:/Users/Anvith/Dropbox/PC/Desktop/Work/Corda/samples-java/Basic/tutorial-applestamp/workflows/build/mock-network/20230214-191810.866-1A2DACC536C86FDB/nodes/0/cordapps/workflows-0.1.jar {}
[INFO ] 2023-02-14T19:18:10,966Z [Test worker] internal.InternalMockNetwork$MockNode. - MessagingService active change to: false {}
[INFO ] 2023-02-14T19:18:10,967Z [Test worker] internal.InternalMockNetwork$MockNode. - Flow external operation executor has a max of 2 threads {}
[INFO ] 2023-02-14T19:18:10,968Z [Test worker] internal.InternalMockNetwork$MockNode. - Node starting up ... {}
[INFO ] 2023-02-14T19:18:10,972Z [Test worker] internal.KeyStoreHandler. - Loaded trusted root certificate: DL7fwxLm5xbiMD8adUuYTsPZHAict46Ng4w6RNcySt5vAw, alias: cordarootca {}
[INFO ] 2023-02-14T19:18:10,972Z [Test worker] internal.KeyStoreHandler. - Loaded node identity key: DLCyGgX98TvW12k1b9NScmT2EU9xqQBFhYK6qKntXAnREz, alias: identity-private-key {}
[INFO ] 2023-02-14T19:18:10,977Z [Test worker] internal.NodeFlowManager. - Registered com.tutorial.flows.CreateAndIssueAppleStamp$CreateAndIssueAppleStampInitiator to initiate com.tutorial.flows.CreateAndIssueAppleStamp$CreateAndIssueAppleStampResponder (version 1) {}
[INFO ] 2023-02-14T19:18:10,977Z [Test worker] internal.NodeFlowManager. - Registered com.tutorial.flows.RedeemApples$RedeemApplesInitiator to initiate com.tutorial.flows.RedeemApples$RedeemApplesResponder (version 1) {}
[INFO ] 2023-02-14T19:18:10,977Z [Test worker] internal.NodeFlowManager. - Registered com.tutorial.flows.TemplateInitiator to initiate com.tutorial.flows.TemplateResponder (version 1) {}
[INFO ] 2023-02-14T19:18:10,980Z [Test worker] internal.InternalMockNetwork$MockNode. - Loaded network parameters: NetworkParameters {
      minimumPlatformVersion=1
      notaries=[NotaryInfo(identity=O=Notary, L=London, C=GB, validating=true)]
      maxMessageSize=10485760
      maxTransactionSize=524288000
      whitelistedContractImplementations {
        
      }
      eventHorizon=PT720H
      packageOwnership {
        
      }
      modifiedTime=2023-02-14T19:18:10.866Z
      epoch=1
  } {}
[INFO ] 2023-02-14T19:18:11,433Z [Test worker] internal.InternalMockNetwork$MockNode. - Connected to H2 database. {}
[INFO ] 2023-02-14T19:18:11,435Z [Test worker] persistence.HibernateConfiguration. - Init HibernateConfiguration for schemas: [CommonSchemaV1(name=net.corda.core.schemas.CommonSchema, version=1), VaultSchemaV1(name=net.corda.node.services.vault.VaultSchema, version=1), NodeInfoSchemaV1(name=net.corda.node.internal.schemas.NodeInfoSchema, version=1), NodeCoreV1(name=net.corda.node.services.schema.NodeSchemaService$NodeCore, version=1), JPANotarySchemaV1(name=net.corda.notary.jpa.JPANotarySchema, version=1)] {}
[INFO ] 2023-02-14T19:18:11,435Z [Test worker] factory.BaseSessionFactoryFactory. - Creating session factory for schemas: [CommonSchemaV1(name=net.corda.core.schemas.CommonSchema, version=1), VaultSchemaV1(name=net.corda.node.services.vault.VaultSchema, version=1), NodeInfoSchemaV1(name=net.corda.node.internal.schemas.NodeInfoSchema, version=1), NodeCoreV1(name=net.corda.node.services.schema.NodeSchemaService$NodeCore, version=1), JPANotarySchemaV1(name=net.corda.notary.jpa.JPANotarySchema, version=1)] {}
[INFO ] 2023-02-14T19:18:11,518Z [Test worker] factory.BaseSessionFactoryFactory. - Created session factory for schemas: [CommonSchemaV1(name=net.corda.core.schemas.CommonSchema, version=1), VaultSchemaV1(name=net.corda.node.services.vault.VaultSchema, version=1), NodeInfoSchemaV1(name=net.corda.node.internal.schemas.NodeInfoSchema, version=1), NodeCoreV1(name=net.corda.node.services.schema.NodeSchemaService$NodeCore, version=1), JPANotarySchemaV1(name=net.corda.notary.jpa.JPANotarySchema, version=1)] {}
[INFO ] 2023-02-14T19:18:11,522Z [Test worker] internal.InternalMockNetwork$MockNode. - Node-info has changed so submitting update. Old node-info was null {}
[INFO ] 2023-02-14T19:18:11,524Z [Test worker] network.PersistentNetworkMapCache. - Adding node with info: NodeInfo(addresses=[mock.node:1000], legalIdentitiesAndCerts=[O=Notary, L=London, C=GB], platformVersion=11, serial=1676402291522), owningKey=DLCyGgX98TvW12k1b9NScmT2EU9xqQBFhYK6qKntXAnREz {}
[INFO ] 2023-02-14T19:18:11,524Z [Test worker] network.PersistentNetworkMapCache. - No previous node found for O=Notary, L=London, C=GB {}
[INFO ] 2023-02-14T19:18:11,534Z [Test worker] internal.InternalMockNetwork$MockNode. - New node-info: NodeInfo(addresses=[mock.node:1000], legalIdentitiesAndCerts=[O=Notary, L=London, C=GB], platformVersion=11, serial=1676402291522) {}
[INFO ] 2023-02-14T19:18:11,541Z [Test worker] network.NetworkMapUpdater. - Auto-accept enabled for network parameter changes which modify only: [epoch, modifiedTime, packageOwnership, whitelistedContractImplementations] {}
[INFO ] 2023-02-14T19:18:11,541Z [Test worker] internal.MockNodeMessagingService. - Status change to true {}
[INFO ] 2023-02-14T19:18:11,541Z [Test worker] internal.InternalMockNetwork$MockNode. - MessagingService active change to: true {}
[INFO ] 2023-02-14T19:18:11,549Z [MockNode-13-2] network.PersistentNetworkMapCache. - Adding node with info: NodeInfo(addresses=[mock.node:1000], legalIdentitiesAndCerts=[O=Notary, L=London, C=GB], platformVersion=11, serial=1676402291522), owningKey=DLCyGgX98TvW12k1b9NScmT2EU9xqQBFhYK6qKntXAnREz {}
[INFO ] 2023-02-14T19:18:11,549Z [MockNode-13-2] network.PersistentNetworkMapCache. - Previous node was identical to incoming one - doing nothing {}
[INFO ] 2023-02-14T19:18:11,574Z [Test worker] persistence.NodeAttachmentService. - Stored new attachment: id=8D910096F58ABAA8195807A73760B2C11EA6592BAEECBF84FD3FB834E21FDFBC uploader=app filename=4.8LTS Tutorial Contracts {}
[INFO ] 2023-02-14T19:18:11,577Z [Test worker] utilities.NotaryLoader. - Starting notary service: class net.corda.notary.jpa.JPANotaryService {}
[INFO ] 2023-02-14T19:18:11,592Z [Test worker] statemachine.SingleThreadedStateMachineManager. - Node ready, info: NodeInfo(addresses=[mock.node:1000], legalIdentitiesAndCerts=[O=Notary, L=London, C=GB], platformVersion=11, serial=1676402291522) {}
[INFO ] 2023-02-14T19:18:11,592Z [Test worker] network.PersistentNetworkMapCache. - Adding node with info: NodeInfo(addresses=[mock.node:1000], legalIdentitiesAndCerts=[O=Notary, L=London, C=GB], platformVersion=11, serial=1676402291522), owningKey=DLCyGgX98TvW12k1b9NScmT2EU9xqQBFhYK6qKntXAnREz {}
[INFO ] 2023-02-14T19:18:11,592Z [Test worker] network.PersistentNetworkMapCache. - Previous node was identical to incoming one - doing nothing {}
[INFO ] 2023-02-14T19:18:11,592Z [Test worker] network.PersistentNetworkMapCache. - Adding node with info: NodeInfo(addresses=[mock.node:1000], legalIdentitiesAndCerts=[O=Notary, L=London, C=GB], platformVersion=11, serial=1676402291522), owningKey=DLCyGgX98TvW12k1b9NScmT2EU9xqQBFhYK6qKntXAnREz {}
[INFO ] 2023-02-14T19:18:11,592Z [Test worker] network.PersistentNetworkMapCache. - Previous node was identical to incoming one - doing nothing {}
[INFO ] 2023-02-14T19:18:11,600Z [Test worker] cordapp.JarScanningCordappLoader. - Looking for CorDapps in [build\mock-network\20230214-191810.866-1A2DACC536C86FDB\nodes\1\cordapps] {}
[INFO ] 2023-02-14T19:18:11,600Z [Test worker] cordapp.JarScanningCordappLoader. - Loading CorDapps from RestrictedURL(url=file:/C:/Users/Anvith/Dropbox/PC/Desktop/Work/Corda/samples-java/Basic/tutorial-applestamp/workflows/build/mock-network/20230214-191810.866-1A2DACC536C86FDB/nodes/1/cordapps/contracts-0.1.jar, rootPackageName=null), RestrictedURL(url=file:/C:/Users/Anvith/Dropbox/PC/Desktop/Work/Corda/samples-java/Basic/tutorial-applestamp/workflows/build/mock-network/20230214-191810.866-1A2DACC536C86FDB/nodes/1/cordapps/workflows-0.1.jar, rootPackageName=null) {}
[INFO ] 2023-02-14T19:18:11,600Z [Test worker] cordapp.JarScanningCordappLoader. - Scanning CorDapp in file:/C:/Users/Anvith/Dropbox/PC/Desktop/Work/Corda/samples-java/Basic/tutorial-applestamp/workflows/build/mock-network/20230214-191810.866-1A2DACC536C86FDB/nodes/1/cordapps/contracts-0.1.jar {}
[INFO ] 2023-02-14T19:18:11,606Z [Test worker] cordapp.JarScanningCordappLoader. - Scanning CorDapp in file:/C:/Users/Anvith/Dropbox/PC/Desktop/Work/Corda/samples-java/Basic/tutorial-applestamp/workflows/build/mock-network/20230214-191810.866-1A2DACC536C86FDB/nodes/1/cordapps/workflows-0.1.jar {}
[INFO ] 2023-02-14T19:18:11,627Z [Test worker] internal.InternalMockNetwork$MockNode. - MessagingService active change to: false {}
[INFO ] 2023-02-14T19:18:11,628Z [Test worker] internal.InternalMockNetwork$MockNode. - Flow external operation executor has a max of 2 threads {}
[INFO ] 2023-02-14T19:18:11,630Z [Test worker] internal.InternalMockNetwork$MockNode. - Node starting up ... {}
[INFO ] 2023-02-14T19:18:11,662Z [Test worker] internal.KeyStoreHandler. - Loaded trusted root certificate: DL7fwxLm5xbiMD8adUuYTsPZHAict46Ng4w6RNcySt5vAw, alias: cordarootca {}
[INFO ] 2023-02-14T19:18:11,662Z [Test worker] internal.KeyStoreHandler. - Loaded node identity key: DLC37R6MiJUhVvQRQ3jVm31Fmy5ZdAMNzA8nnL2n5TEri3, alias: identity-private-key {}
[INFO ] 2023-02-14T19:18:11,669Z [Test worker] internal.NodeFlowManager. - Registered com.tutorial.flows.CreateAndIssueAppleStamp$CreateAndIssueAppleStampInitiator to initiate com.tutorial.flows.CreateAndIssueAppleStamp$CreateAndIssueAppleStampResponder (version 1) {}
[INFO ] 2023-02-14T19:18:11,669Z [Test worker] internal.NodeFlowManager. - Registered com.tutorial.flows.RedeemApples$RedeemApplesInitiator to initiate com.tutorial.flows.RedeemApples$RedeemApplesResponder (version 1) {}
[INFO ] 2023-02-14T19:18:11,669Z [Test worker] internal.NodeFlowManager. - Registered com.tutorial.flows.TemplateInitiator to initiate com.tutorial.flows.TemplateResponder (version 1) {}
[INFO ] 2023-02-14T19:18:11,670Z [Test worker] internal.InternalMockNetwork$MockNode. - Loaded network parameters: NetworkParameters {
      minimumPlatformVersion=1
      notaries=[NotaryInfo(identity=O=Notary, L=London, C=GB, validating=true)]
      maxMessageSize=10485760
      maxTransactionSize=524288000
      whitelistedContractImplementations {
        
      }
      eventHorizon=PT720H
      packageOwnership {
        
      }
      modifiedTime=2023-02-14T19:18:10.866Z
      epoch=1
  } {}
[INFO ] 2023-02-14T19:18:11,986Z [Test worker] internal.InternalMockNetwork$MockNode. - Connected to H2 database. {}
[INFO ] 2023-02-14T19:18:11,987Z [Test worker] persistence.HibernateConfiguration. - Init HibernateConfiguration for schemas: [CommonSchemaV1(name=net.corda.core.schemas.CommonSchema, version=1), VaultSchemaV1(name=net.corda.node.services.vault.VaultSchema, version=1), NodeInfoSchemaV1(name=net.corda.node.internal.schemas.NodeInfoSchema, version=1), NodeCoreV1(name=net.corda.node.services.schema.NodeSchemaService$NodeCore, version=1)] {}
[INFO ] 2023-02-14T19:18:11,987Z [Test worker] factory.BaseSessionFactoryFactory. - Creating session factory for schemas: [CommonSchemaV1(name=net.corda.core.schemas.CommonSchema, version=1), VaultSchemaV1(name=net.corda.node.services.vault.VaultSchema, version=1), NodeInfoSchemaV1(name=net.corda.node.internal.schemas.NodeInfoSchema, version=1), NodeCoreV1(name=net.corda.node.services.schema.NodeSchemaService$NodeCore, version=1)] {}
[INFO ] 2023-02-14T19:18:12,062Z [Test worker] factory.BaseSessionFactoryFactory. - Created session factory for schemas: [CommonSchemaV1(name=net.corda.core.schemas.CommonSchema, version=1), VaultSchemaV1(name=net.corda.node.services.vault.VaultSchema, version=1), NodeInfoSchemaV1(name=net.corda.node.internal.schemas.NodeInfoSchema, version=1), NodeCoreV1(name=net.corda.node.services.schema.NodeSchemaService$NodeCore, version=1)] {}
[INFO ] 2023-02-14T19:18:12,066Z [Test worker] internal.InternalMockNetwork$MockNode. - Node-info has changed so submitting update. Old node-info was null {}
[INFO ] 2023-02-14T19:18:12,070Z [Test worker] network.PersistentNetworkMapCache. - Adding node with info: NodeInfo(addresses=[mock.node:1000], legalIdentitiesAndCerts=[O=Mock Company 1, L=London, C=GB], platformVersion=11, serial=1676402292066), owningKey=DLC37R6MiJUhVvQRQ3jVm31Fmy5ZdAMNzA8nnL2n5TEri3 {}
[INFO ] 2023-02-14T19:18:12,070Z [Test worker] network.PersistentNetworkMapCache. - No previous node found for O=Mock Company 1, L=London, C=GB {}
[INFO ] 2023-02-14T19:18:12,075Z [Test worker] internal.InternalMockNetwork$MockNode. - New node-info: NodeInfo(addresses=[mock.node:1000], legalIdentitiesAndCerts=[O=Mock Company 1, L=London, C=GB], platformVersion=11, serial=1676402292066) {}
[INFO ] 2023-02-14T19:18:12,080Z [Test worker] network.NetworkMapUpdater. - Auto-accept enabled for network parameter changes which modify only: [epoch, modifiedTime, packageOwnership, whitelistedContractImplementations] {}
[INFO ] 2023-02-14T19:18:12,080Z [Test worker] internal.MockNodeMessagingService. - Status change to true {}
[INFO ] 2023-02-14T19:18:12,080Z [Test worker] internal.InternalMockNetwork$MockNode. - MessagingService active change to: true {}
[INFO ] 2023-02-14T19:18:12,087Z [MockNode-14-2] network.PersistentNetworkMapCache. - Adding node with info: NodeInfo(addresses=[mock.node:1000], legalIdentitiesAndCerts=[O=Mock Company 1, L=London, C=GB], platformVersion=11, serial=1676402292066), owningKey=DLC37R6MiJUhVvQRQ3jVm31Fmy5ZdAMNzA8nnL2n5TEri3 {}
[INFO ] 2023-02-14T19:18:12,087Z [MockNode-14-2] network.PersistentNetworkMapCache. - Previous node was identical to incoming one - doing nothing {}
[INFO ] 2023-02-14T19:18:12,109Z [Test worker] persistence.NodeAttachmentService. - Stored new attachment: id=8D910096F58ABAA8195807A73760B2C11EA6592BAEECBF84FD3FB834E21FDFBC uploader=app filename=4.8LTS Tutorial Contracts {}
[INFO ] 2023-02-14T19:18:12,123Z [Test worker] statemachine.SingleThreadedStateMachineManager. - Node ready, info: NodeInfo(addresses=[mock.node:1000], legalIdentitiesAndCerts=[O=Mock Company 1, L=London, C=GB], platformVersion=11, serial=1676402292066) {}
[INFO ] 2023-02-14T19:18:12,126Z [Test worker] network.PersistentNetworkMapCache. - Adding node with info: NodeInfo(addresses=[mock.node:1000], legalIdentitiesAndCerts=[O=Notary, L=London, C=GB], platformVersion=11, serial=1676402291522), owningKey=DLCyGgX98TvW12k1b9NScmT2EU9xqQBFhYK6qKntXAnREz {}
[INFO ] 2023-02-14T19:18:12,126Z [Test worker] network.PersistentNetworkMapCache. - No previous node found for O=Notary, L=London, C=GB {}
[INFO ] 2023-02-14T19:18:12,134Z [Test worker] network.PersistentNetworkMapCache. - Adding node with info: NodeInfo(addresses=[mock.node:1000], legalIdentitiesAndCerts=[O=Mock Company 1, L=London, C=GB], platformVersion=11, serial=1676402292066), owningKey=DLC37R6MiJUhVvQRQ3jVm31Fmy5ZdAMNzA8nnL2n5TEri3 {}
[INFO ] 2023-02-14T19:18:12,134Z [Test worker] network.PersistentNetworkMapCache. - No previous node found for O=Mock Company 1, L=London, C=GB {}
[INFO ] 2023-02-14T19:18:12,141Z [Test worker] network.PersistentNetworkMapCache. - Adding node with info: NodeInfo(addresses=[mock.node:1000], legalIdentitiesAndCerts=[O=Mock Company 1, L=London, C=GB], platformVersion=11, serial=1676402292066), owningKey=DLC37R6MiJUhVvQRQ3jVm31Fmy5ZdAMNzA8nnL2n5TEri3 {}
[INFO ] 2023-02-14T19:18:12,141Z [Test worker] network.PersistentNetworkMapCache. - Previous node was identical to incoming one - doing nothing {}
[INFO ] 2023-02-14T19:18:12,141Z [Test worker] network.PersistentNetworkMapCache. - Adding node with info: NodeInfo(addresses=[mock.node:1000], legalIdentitiesAndCerts=[O=Mock Company 1, L=London, C=GB], platformVersion=11, serial=1676402292066), owningKey=DLC37R6MiJUhVvQRQ3jVm31Fmy5ZdAMNzA8nnL2n5TEri3 {}
[INFO ] 2023-02-14T19:18:12,141Z [Test worker] network.PersistentNetworkMapCache. - Previous node was identical to incoming one - doing nothing {}
[INFO ] 2023-02-14T19:18:12,152Z [Test worker] cordapp.JarScanningCordappLoader. - Looking for CorDapps in [build\mock-network\20230214-191810.866-1A2DACC536C86FDB\nodes\2\cordapps] {}
[INFO ] 2023-02-14T19:18:12,152Z [Test worker] cordapp.JarScanningCordappLoader. - Loading CorDapps from RestrictedURL(url=file:/C:/Users/Anvith/Dropbox/PC/Desktop/Work/Corda/samples-java/Basic/tutorial-applestamp/workflows/build/mock-network/20230214-191810.866-1A2DACC536C86FDB/nodes/2/cordapps/contracts-0.1.jar, rootPackageName=null), RestrictedURL(url=file:/C:/Users/Anvith/Dropbox/PC/Desktop/Work/Corda/samples-java/Basic/tutorial-applestamp/workflows/build/mock-network/20230214-191810.866-1A2DACC536C86FDB/nodes/2/cordapps/workflows-0.1.jar, rootPackageName=null) {}
[INFO ] 2023-02-14T19:18:12,152Z [Test worker] cordapp.JarScanningCordappLoader. - Scanning CorDapp in file:/C:/Users/Anvith/Dropbox/PC/Desktop/Work/Corda/samples-java/Basic/tutorial-applestamp/workflows/build/mock-network/20230214-191810.866-1A2DACC536C86FDB/nodes/2/cordapps/contracts-0.1.jar {}
[INFO ] 2023-02-14T19:18:12,160Z [Test worker] cordapp.JarScanningCordappLoader. - Scanning CorDapp in file:/C:/Users/Anvith/Dropbox/PC/Desktop/Work/Corda/samples-java/Basic/tutorial-applestamp/workflows/build/mock-network/20230214-191810.866-1A2DACC536C86FDB/nodes/2/cordapps/workflows-0.1.jar {}
[INFO ] 2023-02-14T19:18:12,183Z [Test worker] internal.InternalMockNetwork$MockNode. - MessagingService active change to: false {}
[INFO ] 2023-02-14T19:18:12,184Z [Test worker] internal.InternalMockNetwork$MockNode. - Flow external operation executor has a max of 2 threads {}
[INFO ] 2023-02-14T19:18:12,186Z [Test worker] internal.InternalMockNetwork$MockNode. - Node starting up ... {}
[INFO ] 2023-02-14T19:18:12,223Z [Test worker] internal.KeyStoreHandler. - Loaded trusted root certificate: DL7fwxLm5xbiMD8adUuYTsPZHAict46Ng4w6RNcySt5vAw, alias: cordarootca {}
[INFO ] 2023-02-14T19:18:12,223Z [Test worker] internal.KeyStoreHandler. - Loaded node identity key: DL66D9LGZzxXaoKHresw33mD6KL55sy7SHK2PHFgSX94tS, alias: identity-private-key {}
[INFO ] 2023-02-14T19:18:12,229Z [Test worker] internal.NodeFlowManager. - Registered com.tutorial.flows.CreateAndIssueAppleStamp$CreateAndIssueAppleStampInitiator to initiate com.tutorial.flows.CreateAndIssueAppleStamp$CreateAndIssueAppleStampResponder (version 1) {}
[INFO ] 2023-02-14T19:18:12,229Z [Test worker] internal.NodeFlowManager. - Registered com.tutorial.flows.RedeemApples$RedeemApplesInitiator to initiate com.tutorial.flows.RedeemApples$RedeemApplesResponder (version 1) {}
[INFO ] 2023-02-14T19:18:12,230Z [Test worker] internal.NodeFlowManager. - Registered com.tutorial.flows.TemplateInitiator to initiate com.tutorial.flows.TemplateResponder (version 1) {}
[INFO ] 2023-02-14T19:18:12,231Z [Test worker] internal.InternalMockNetwork$MockNode. - Loaded network parameters: NetworkParameters {
      minimumPlatformVersion=1
      notaries=[NotaryInfo(identity=O=Notary, L=London, C=GB, validating=true)]
      maxMessageSize=10485760
      maxTransactionSize=524288000
      whitelistedContractImplementations {
        
      }
      eventHorizon=PT720H
      packageOwnership {
        
      }
      modifiedTime=2023-02-14T19:18:10.866Z
      epoch=1
  } {}
[INFO ] 2023-02-14T19:18:12,505Z [Test worker] internal.InternalMockNetwork$MockNode. - Connected to H2 database. {}
[INFO ] 2023-02-14T19:18:12,506Z [Test worker] persistence.HibernateConfiguration. - Init HibernateConfiguration for schemas: [CommonSchemaV1(name=net.corda.core.schemas.CommonSchema, version=1), VaultSchemaV1(name=net.corda.node.services.vault.VaultSchema, version=1), NodeInfoSchemaV1(name=net.corda.node.internal.schemas.NodeInfoSchema, version=1), NodeCoreV1(name=net.corda.node.services.schema.NodeSchemaService$NodeCore, version=1)] {}
[INFO ] 2023-02-14T19:18:12,506Z [Test worker] factory.BaseSessionFactoryFactory. - Creating session factory for schemas: [CommonSchemaV1(name=net.corda.core.schemas.CommonSchema, version=1), VaultSchemaV1(name=net.corda.node.services.vault.VaultSchema, version=1), NodeInfoSchemaV1(name=net.corda.node.internal.schemas.NodeInfoSchema, version=1), NodeCoreV1(name=net.corda.node.services.schema.NodeSchemaService$NodeCore, version=1)] {}
[INFO ] 2023-02-14T19:18:12,575Z [Test worker] factory.BaseSessionFactoryFactory. - Created session factory for schemas: [CommonSchemaV1(name=net.corda.core.schemas.CommonSchema, version=1), VaultSchemaV1(name=net.corda.node.services.vault.VaultSchema, version=1), NodeInfoSchemaV1(name=net.corda.node.internal.schemas.NodeInfoSchema, version=1), NodeCoreV1(name=net.corda.node.services.schema.NodeSchemaService$NodeCore, version=1)] {}
[INFO ] 2023-02-14T19:18:12,581Z [Test worker] internal.InternalMockNetwork$MockNode. - Node-info has changed so submitting update. Old node-info was null {}
[INFO ] 2023-02-14T19:18:12,583Z [Test worker] network.PersistentNetworkMapCache. - Adding node with info: NodeInfo(addresses=[mock.node:1000], legalIdentitiesAndCerts=[O=Mock Company 2, L=London, C=GB], platformVersion=11, serial=1676402292581), owningKey=DL66D9LGZzxXaoKHresw33mD6KL55sy7SHK2PHFgSX94tS {}
[INFO ] 2023-02-14T19:18:12,583Z [Test worker] network.PersistentNetworkMapCache. - No previous node found for O=Mock Company 2, L=London, C=GB {}
[INFO ] 2023-02-14T19:18:12,588Z [Test worker] internal.InternalMockNetwork$MockNode. - New node-info: NodeInfo(addresses=[mock.node:1000], legalIdentitiesAndCerts=[O=Mock Company 2, L=London, C=GB], platformVersion=11, serial=1676402292581) {}
[INFO ] 2023-02-14T19:18:12,594Z [Test worker] network.NetworkMapUpdater. - Auto-accept enabled for network parameter changes which modify only: [epoch, modifiedTime, packageOwnership, whitelistedContractImplementations] {}
[INFO ] 2023-02-14T19:18:12,594Z [Test worker] internal.MockNodeMessagingService. - Status change to true {}
[INFO ] 2023-02-14T19:18:12,594Z [Test worker] internal.InternalMockNetwork$MockNode. - MessagingService active change to: true {}
[INFO ] 2023-02-14T19:18:12,605Z [MockNode-15-2] network.PersistentNetworkMapCache. - Adding node with info: NodeInfo(addresses=[mock.node:1000], legalIdentitiesAndCerts=[O=Mock Company 2, L=London, C=GB], platformVersion=11, serial=1676402292581), owningKey=DL66D9LGZzxXaoKHresw33mD6KL55sy7SHK2PHFgSX94tS {}
[INFO ] 2023-02-14T19:18:12,605Z [MockNode-15-2] network.PersistentNetworkMapCache. - Previous node was identical to incoming one - doing nothing {}
[INFO ] 2023-02-14T19:18:12,631Z [Test worker] persistence.NodeAttachmentService. - Stored new attachment: id=8D910096F58ABAA8195807A73760B2C11EA6592BAEECBF84FD3FB834E21FDFBC uploader=app filename=4.8LTS Tutorial Contracts {}
[INFO ] 2023-02-14T19:18:12,651Z [Test worker] statemachine.SingleThreadedStateMachineManager. - Node ready, info: NodeInfo(addresses=[mock.node:1000], legalIdentitiesAndCerts=[O=Mock Company 2, L=London, C=GB], platformVersion=11, serial=1676402292581) {}
[INFO ] 2023-02-14T19:18:12,653Z [Test worker] network.PersistentNetworkMapCache. - Adding node with info: NodeInfo(addresses=[mock.node:1000], legalIdentitiesAndCerts=[O=Notary, L=London, C=GB], platformVersion=11, serial=1676402291522), owningKey=DLCyGgX98TvW12k1b9NScmT2EU9xqQBFhYK6qKntXAnREz {}
[INFO ] 2023-02-14T19:18:12,653Z [Test worker] network.PersistentNetworkMapCache. - No previous node found for O=Notary, L=London, C=GB {}
[INFO ] 2023-02-14T19:18:12,661Z [Test worker] network.PersistentNetworkMapCache. - Adding node with info: NodeInfo(addresses=[mock.node:1000], legalIdentitiesAndCerts=[O=Mock Company 2, L=London, C=GB], platformVersion=11, serial=1676402292581), owningKey=DL66D9LGZzxXaoKHresw33mD6KL55sy7SHK2PHFgSX94tS {}
[INFO ] 2023-02-14T19:18:12,661Z [Test worker] network.PersistentNetworkMapCache. - No previous node found for O=Mock Company 2, L=London, C=GB {}
[INFO ] 2023-02-14T19:18:12,669Z [Test worker] network.PersistentNetworkMapCache. - Adding node with info: NodeInfo(addresses=[mock.node:1000], legalIdentitiesAndCerts=[O=Mock Company 1, L=London, C=GB], platformVersion=11, serial=1676402292066), owningKey=DLC37R6MiJUhVvQRQ3jVm31Fmy5ZdAMNzA8nnL2n5TEri3 {}
[INFO ] 2023-02-14T19:18:12,669Z [Test worker] network.PersistentNetworkMapCache. - No previous node found for O=Mock Company 1, L=London, C=GB {}
[INFO ] 2023-02-14T19:18:12,677Z [Test worker] network.PersistentNetworkMapCache. - Adding node with info: NodeInfo(addresses=[mock.node:1000], legalIdentitiesAndCerts=[O=Mock Company 2, L=London, C=GB], platformVersion=11, serial=1676402292581), owningKey=DL66D9LGZzxXaoKHresw33mD6KL55sy7SHK2PHFgSX94tS {}
[INFO ] 2023-02-14T19:18:12,677Z [Test worker] network.PersistentNetworkMapCache. - No previous node found for O=Mock Company 2, L=London, C=GB {}
[INFO ] 2023-02-14T19:18:12,683Z [Test worker] network.PersistentNetworkMapCache. - Adding node with info: NodeInfo(addresses=[mock.node:1000], legalIdentitiesAndCerts=[O=Mock Company 2, L=London, C=GB], platformVersion=11, serial=1676402292581), owningKey=DL66D9LGZzxXaoKHresw33mD6KL55sy7SHK2PHFgSX94tS {}
[INFO ] 2023-02-14T19:18:12,683Z [Test worker] network.PersistentNetworkMapCache. - Previous node was identical to incoming one - doing nothing {}
[INFO ] 2023-02-14T19:18:12,683Z [Test worker] network.PersistentNetworkMapCache. - Adding node with info: NodeInfo(addresses=[mock.node:1000], legalIdentitiesAndCerts=[O=Mock Company 2, L=London, C=GB], platformVersion=11, serial=1676402292581), owningKey=DL66D9LGZzxXaoKHresw33mD6KL55sy7SHK2PHFgSX94tS {}
[INFO ] 2023-02-14T19:18:12,683Z [Test worker] network.PersistentNetworkMapCache. - Previous node was identical to incoming one - doing nothing {}
[INFO ] 2023-02-14T19:18:12,745Z [Mock network] corda.flow. - No need to notarise this transaction. {actor_id=Only For Testing, actor_owning_identity=O=Mock Company 1, L=London, C=GB, actor_store_id=TEST, fiber-id=10000008, flow-id=f53e2c34-2074-48bb-b19c-00e5052e89a0, invocation_id=c68908b2-2232-4604-b781-828af82e1505, invocation_timestamp=2023-02-14T19:18:12.685Z, origin=Only For Testing, session_id=c68908b2-2232-4604-b781-828af82e1505, session_timestamp=2023-02-14T19:18:12.685Z, thread-id=1545, tx_id=CFE1622BADD366AFE0287A527C8B5F061602FB52A4EBC33C1044B9CBED6B45C4}
[INFO ] 2023-02-14T19:18:12,745Z [Mock network] corda.flow. - Recording transaction locally. {actor_id=Only For Testing, actor_owning_identity=O=Mock Company 1, L=London, C=GB, actor_store_id=TEST, fiber-id=10000008, flow-id=f53e2c34-2074-48bb-b19c-00e5052e89a0, invocation_id=c68908b2-2232-4604-b781-828af82e1505, invocation_timestamp=2023-02-14T19:18:12.685Z, origin=Only For Testing, session_id=c68908b2-2232-4604-b781-828af82e1505, session_timestamp=2023-02-14T19:18:12.685Z, thread-id=1545, tx_id=CFE1622BADD366AFE0287A527C8B5F061602FB52A4EBC33C1044B9CBED6B45C4}
[INFO ] 2023-02-14T19:18:12,760Z [Mock network] corda.flow. - Recorded transaction locally successfully. {actor_id=Only For Testing, actor_owning_identity=O=Mock Company 1, L=London, C=GB, actor_store_id=TEST, fiber-id=10000008, flow-id=f53e2c34-2074-48bb-b19c-00e5052e89a0, invocation_id=c68908b2-2232-4604-b781-828af82e1505, invocation_timestamp=2023-02-14T19:18:12.685Z, origin=Only For Testing, session_id=c68908b2-2232-4604-b781-828af82e1505, session_timestamp=2023-02-14T19:18:12.685Z, thread-id=1545, tx_id=CFE1622BADD366AFE0287A527C8B5F061602FB52A4EBC33C1044B9CBED6B45C4}
[INFO ] 2023-02-14T19:18:12,760Z [Mock network] corda.flow. - All parties received the transaction successfully. {actor_id=Only For Testing, actor_owning_identity=O=Mock Company 1, L=London, C=GB, actor_store_id=TEST, fiber-id=10000008, flow-id=f53e2c34-2074-48bb-b19c-00e5052e89a0, invocation_id=c68908b2-2232-4604-b781-828af82e1505, invocation_timestamp=2023-02-14T19:18:12.685Z, origin=Only For Testing, session_id=c68908b2-2232-4604-b781-828af82e1505, session_timestamp=2023-02-14T19:18:12.685Z, thread-id=1545, tx_id=CFE1622BADD366AFE0287A527C8B5F061602FB52A4EBC33C1044B9CBED6B45C4}
[INFO ] 2023-02-14T19:18:12,823Z [Mock network] corda.flow. - Received transaction acknowledgement request from party O=Mock Company 1, L=London, C=GB. {fiber-id=10000010, flow-id=414b080a-dcb7-40a0-b06a-64f5cae5a365, invocation_id=b26b3f9d-5f17-4f05-8765-ce6295e2e0a4, invocation_timestamp=2023-02-14T19:18:12.804Z, origin=O=Mock Company 1, L=London, C=GB, session_id=b26b3f9d-5f17-4f05-8765-ce6295e2e0a4, session_timestamp=2023-02-14T19:18:12.804Z, thread-id=1545, tx_id=67D68A4EC42E14259A1E0E7EFBD101D2E605BE09D7E5213F32271111D73EBFF5}
[INFO ] 2023-02-14T19:18:12,831Z [Mock network] corda.flow. - Transaction dependencies resolution completed. {fiber-id=10000010, flow-id=414b080a-dcb7-40a0-b06a-64f5cae5a365, invocation_id=b26b3f9d-5f17-4f05-8765-ce6295e2e0a4, invocation_timestamp=2023-02-14T19:18:12.804Z, origin=O=Mock Company 1, L=London, C=GB, session_id=b26b3f9d-5f17-4f05-8765-ce6295e2e0a4, session_timestamp=2023-02-14T19:18:12.804Z, thread-id=1545, tx_id=67D68A4EC42E14259A1E0E7EFBD101D2E605BE09D7E5213F32271111D73EBFF5}
[INFO ] 2023-02-14T19:18:12,915Z [Mock network] corda.flow. - No need to notarise this transaction. {actor_id=Only For Testing, actor_owning_identity=O=Mock Company 1, L=London, C=GB, actor_store_id=TEST, fiber-id=10000009, flow-id=167dc284-560b-4f52-81be-959216888f15, invocation_id=cff90230-a81b-440d-87fd-0457f1afca33, invocation_timestamp=2023-02-14T19:18:12.767Z, origin=Only For Testing, session_id=cff90230-a81b-440d-87fd-0457f1afca33, session_timestamp=2023-02-14T19:18:12.767Z, thread-id=1545, tx_id=67D68A4EC42E14259A1E0E7EFBD101D2E605BE09D7E5213F32271111D73EBFF5}
[INFO ] 2023-02-14T19:18:12,915Z [Mock network] corda.flow. - Recording transaction locally. {actor_id=Only For Testing, actor_owning_identity=O=Mock Company 1, L=London, C=GB, actor_store_id=TEST, fiber-id=10000009, flow-id=167dc284-560b-4f52-81be-959216888f15, invocation_id=cff90230-a81b-440d-87fd-0457f1afca33, invocation_timestamp=2023-02-14T19:18:12.767Z, origin=Only For Testing, session_id=cff90230-a81b-440d-87fd-0457f1afca33, session_timestamp=2023-02-14T19:18:12.767Z, thread-id=1545, tx_id=67D68A4EC42E14259A1E0E7EFBD101D2E605BE09D7E5213F32271111D73EBFF5}
[INFO ] 2023-02-14T19:18:12,919Z [Mock network] corda.flow. - Recorded transaction locally successfully. {actor_id=Only For Testing, actor_owning_identity=O=Mock Company 1, L=London, C=GB, actor_store_id=TEST, fiber-id=10000009, flow-id=167dc284-560b-4f52-81be-959216888f15, invocation_id=cff90230-a81b-440d-87fd-0457f1afca33, invocation_timestamp=2023-02-14T19:18:12.767Z, origin=Only For Testing, session_id=cff90230-a81b-440d-87fd-0457f1afca33, session_timestamp=2023-02-14T19:18:12.767Z, thread-id=1545, tx_id=67D68A4EC42E14259A1E0E7EFBD101D2E605BE09D7E5213F32271111D73EBFF5}
[INFO ] 2023-02-14T19:18:12,930Z [Mock network] corda.flow. - Received transaction acknowledgement request from party O=Mock Company 1, L=London, C=GB. {fiber-id=10000010, flow-id=414b080a-dcb7-40a0-b06a-64f5cae5a365, invocation_id=b26b3f9d-5f17-4f05-8765-ce6295e2e0a4, invocation_timestamp=2023-02-14T19:18:12.804Z, origin=O=Mock Company 1, L=London, C=GB, session_id=b26b3f9d-5f17-4f05-8765-ce6295e2e0a4, session_timestamp=2023-02-14T19:18:12.804Z, thread-id=1545, tx_id=67D68A4EC42E14259A1E0E7EFBD101D2E605BE09D7E5213F32271111D73EBFF5}
[INFO ] 2023-02-14T19:18:12,936Z [Mock network] corda.flow. - Transaction dependencies resolution completed. {fiber-id=10000010, flow-id=414b080a-dcb7-40a0-b06a-64f5cae5a365, invocation_id=b26b3f9d-5f17-4f05-8765-ce6295e2e0a4, invocation_timestamp=2023-02-14T19:18:12.804Z, origin=O=Mock Company 1, L=London, C=GB, session_id=b26b3f9d-5f17-4f05-8765-ce6295e2e0a4, session_timestamp=2023-02-14T19:18:12.804Z, thread-id=1545, tx_id=67D68A4EC42E14259A1E0E7EFBD101D2E605BE09D7E5213F32271111D73EBFF5}
[INFO ] 2023-02-14T19:18:12,938Z [Mock network] corda.flow. - Successfully received fully signed tx. Sending it to the vault for processing. {fiber-id=10000010, flow-id=414b080a-dcb7-40a0-b06a-64f5cae5a365, invocation_id=b26b3f9d-5f17-4f05-8765-ce6295e2e0a4, invocation_timestamp=2023-02-14T19:18:12.804Z, origin=O=Mock Company 1, L=London, C=GB, session_id=b26b3f9d-5f17-4f05-8765-ce6295e2e0a4, session_timestamp=2023-02-14T19:18:12.804Z, thread-id=1545, tx_id=67D68A4EC42E14259A1E0E7EFBD101D2E605BE09D7E5213F32271111D73EBFF5}
[INFO ] 2023-02-14T19:18:12,944Z [Mock network] corda.flow. - Successfully recorded received transaction locally. {fiber-id=10000010, flow-id=414b080a-dcb7-40a0-b06a-64f5cae5a365, invocation_id=b26b3f9d-5f17-4f05-8765-ce6295e2e0a4, invocation_timestamp=2023-02-14T19:18:12.804Z, origin=O=Mock Company 1, L=London, C=GB, session_id=b26b3f9d-5f17-4f05-8765-ce6295e2e0a4, session_timestamp=2023-02-14T19:18:12.804Z, thread-id=1545, tx_id=67D68A4EC42E14259A1E0E7EFBD101D2E605BE09D7E5213F32271111D73EBFF5}
[INFO ] 2023-02-14T19:18:12,953Z [Mock network] corda.flow. - Party O=Mock Company 2, L=London, C=GB received the transaction. {actor_id=Only For Testing, actor_owning_identity=O=Mock Company 1, L=London, C=GB, actor_store_id=TEST, fiber-id=10000009, flow-id=167dc284-560b-4f52-81be-959216888f15, invocation_id=cff90230-a81b-440d-87fd-0457f1afca33, invocation_timestamp=2023-02-14T19:18:12.767Z, origin=Only For Testing, session_id=cff90230-a81b-440d-87fd-0457f1afca33, session_timestamp=2023-02-14T19:18:12.767Z, thread-id=1545, tx_id=67D68A4EC42E14259A1E0E7EFBD101D2E605BE09D7E5213F32271111D73EBFF5}
[INFO ] 2023-02-14T19:18:12,953Z [Mock network] corda.flow. - All parties received the transaction successfully. {actor_id=Only For Testing, actor_owning_identity=O=Mock Company 1, L=London, C=GB, actor_store_id=TEST, fiber-id=10000009, flow-id=167dc284-560b-4f52-81be-959216888f15, invocation_id=cff90230-a81b-440d-87fd-0457f1afca33, invocation_timestamp=2023-02-14T19:18:12.767Z, origin=Only For Testing, session_id=cff90230-a81b-440d-87fd-0457f1afca33, session_timestamp=2023-02-14T19:18:12.767Z, thread-id=1545, tx_id=67D68A4EC42E14259A1E0E7EFBD101D2E605BE09D7E5213F32271111D73EBFF5}
[INFO ] 2023-02-14T19:18:13,029Z [Mock network] corda.flow. - Received transaction acknowledgement request from party O=Mock Company 1, L=London, C=GB. {fiber-id=10000012, flow-id=e611d043-0d91-451f-bf87-764ee6cf081e, invocation_id=e5e50bd3-313b-4a7f-a892-2c01cae36221, invocation_timestamp=2023-02-14T19:18:13.020Z, origin=O=Mock Company 1, L=London, C=GB, session_id=e5e50bd3-313b-4a7f-a892-2c01cae36221, session_timestamp=2023-02-14T19:18:13.020Z, thread-id=1545, tx_id=FBB3A2B8BA6D0F338415B2F0685EE904AE97F2F3000336CFCF2BCD28BFDB7286}
[INFO ] 2023-02-14T19:18:13,138Z [Mock network] corda.flow. - Transaction dependencies resolution completed. {fiber-id=10000012, flow-id=e611d043-0d91-451f-bf87-764ee6cf081e, invocation_id=e5e50bd3-313b-4a7f-a892-2c01cae36221, invocation_timestamp=2023-02-14T19:18:13.020Z, origin=O=Mock Company 1, L=London, C=GB, session_id=e5e50bd3-313b-4a7f-a892-2c01cae36221, session_timestamp=2023-02-14T19:18:13.020Z, thread-id=1545, tx_id=FBB3A2B8BA6D0F338415B2F0685EE904AE97F2F3000336CFCF2BCD28BFDB7286}
[INFO ] 2023-02-14T19:18:13,489Z [Mock network] corda.flow. - Sending transaction to notary: O=Notary, L=London, C=GB. {actor_id=Only For Testing, actor_owning_identity=O=Mock Company 1, L=London, C=GB, actor_store_id=TEST, fiber-id=10000011, flow-id=a678b014-7930-4d4c-9129-da565f579d29, invocation_id=7dc7437f-ca40-408a-929f-5fb387a6fb4d, invocation_timestamp=2023-02-14T19:18:12.962Z, origin=Only For Testing, session_id=7dc7437f-ca40-408a-929f-5fb387a6fb4d, session_timestamp=2023-02-14T19:18:12.962Z, thread-id=1545, tx_id=FBB3A2B8BA6D0F338415B2F0685EE904AE97F2F3000336CFCF2BCD28BFDB7286}
[INFO ] 2023-02-14T19:18:13,538Z [Mock network] corda.flow. - Received a notarisation request for Tx [FBB3A2B8BA6D0F338415B2F0685EE904AE97F2F3000336CFCF2BCD28BFDB7286] from [O=Mock Company 1, L=London, C=GB] {fiber-id=10000013, flow-id=eafb48af-8de2-4b27-8eb8-b8f58d9540c0, invocation_id=9d510a05-5e8e-4dab-8ce5-72479619d33b, invocation_timestamp=2023-02-14T19:18:13.523Z, origin=O=Mock Company 1, L=London, C=GB, session_id=9d510a05-5e8e-4dab-8ce5-72479619d33b, session_timestamp=2023-02-14T19:18:13.523Z, thread-id=1545}
[INFO ] 2023-02-14T19:18:13,674Z [Notary request queue processor] jpa.JPAUniquenessProvider. - Processing notarization requests with 2 input states and 0 references {}
[INFO ] 2023-02-14T19:18:13,710Z [Mock network] corda.flow. - Transaction [FBB3A2B8BA6D0F338415B2F0685EE904AE97F2F3000336CFCF2BCD28BFDB7286] successfully notarised, sending signature back to [O=Mock Company 1, L=London, C=GB] {fiber-id=10000013, flow-id=eafb48af-8de2-4b27-8eb8-b8f58d9540c0, invocation_id=9d510a05-5e8e-4dab-8ce5-72479619d33b, invocation_timestamp=2023-02-14T19:18:13.523Z, origin=O=Mock Company 1, L=London, C=GB, session_id=9d510a05-5e8e-4dab-8ce5-72479619d33b, session_timestamp=2023-02-14T19:18:13.523Z, thread-id=1545}
[INFO ] 2023-02-14T19:18:13,736Z [Mock network] corda.flow. - Notary responded (O=Notary, L=London, C=GB). {actor_id=Only For Testing, actor_owning_identity=O=Mock Company 1, L=London, C=GB, actor_store_id=TEST, fiber-id=10000011, flow-id=a678b014-7930-4d4c-9129-da565f579d29, invocation_id=7dc7437f-ca40-408a-929f-5fb387a6fb4d, invocation_timestamp=2023-02-14T19:18:12.962Z, origin=Only For Testing, session_id=7dc7437f-ca40-408a-929f-5fb387a6fb4d, session_timestamp=2023-02-14T19:18:12.962Z, thread-id=1545, tx_id=FBB3A2B8BA6D0F338415B2F0685EE904AE97F2F3000336CFCF2BCD28BFDB7286}
[INFO ] 2023-02-14T19:18:13,738Z [Mock network] corda.flow. - Recording transaction locally. {actor_id=Only For Testing, actor_owning_identity=O=Mock Company 1, L=London, C=GB, actor_store_id=TEST, fiber-id=10000011, flow-id=a678b014-7930-4d4c-9129-da565f579d29, invocation_id=7dc7437f-ca40-408a-929f-5fb387a6fb4d, invocation_timestamp=2023-02-14T19:18:12.962Z, origin=Only For Testing, session_id=7dc7437f-ca40-408a-929f-5fb387a6fb4d, session_timestamp=2023-02-14T19:18:12.962Z, thread-id=1545, tx_id=FBB3A2B8BA6D0F338415B2F0685EE904AE97F2F3000336CFCF2BCD28BFDB7286}
[INFO ] 2023-02-14T19:18:13,745Z [Mock network] corda.flow. - Recorded transaction locally successfully. {actor_id=Only For Testing, actor_owning_identity=O=Mock Company 1, L=London, C=GB, actor_store_id=TEST, fiber-id=10000011, flow-id=a678b014-7930-4d4c-9129-da565f579d29, invocation_id=7dc7437f-ca40-408a-929f-5fb387a6fb4d, invocation_timestamp=2023-02-14T19:18:12.962Z, origin=Only For Testing, session_id=7dc7437f-ca40-408a-929f-5fb387a6fb4d, session_timestamp=2023-02-14T19:18:12.962Z, thread-id=1545, tx_id=FBB3A2B8BA6D0F338415B2F0685EE904AE97F2F3000336CFCF2BCD28BFDB7286}
[INFO ] 2023-02-14T19:18:13,755Z [Mock network] corda.flow. - Received transaction acknowledgement request from party O=Mock Company 1, L=London, C=GB. {fiber-id=10000012, flow-id=e611d043-0d91-451f-bf87-764ee6cf081e, invocation_id=e5e50bd3-313b-4a7f-a892-2c01cae36221, invocation_timestamp=2023-02-14T19:18:13.020Z, origin=O=Mock Company 1, L=London, C=GB, session_id=e5e50bd3-313b-4a7f-a892-2c01cae36221, session_timestamp=2023-02-14T19:18:13.020Z, thread-id=1545, tx_id=FBB3A2B8BA6D0F338415B2F0685EE904AE97F2F3000336CFCF2BCD28BFDB7286}
[INFO ] 2023-02-14T19:18:13,763Z [Mock network] corda.flow. - Transaction dependencies resolution completed. {fiber-id=10000012, flow-id=e611d043-0d91-451f-bf87-764ee6cf081e, invocation_id=e5e50bd3-313b-4a7f-a892-2c01cae36221, invocation_timestamp=2023-02-14T19:18:13.020Z, origin=O=Mock Company 1, L=London, C=GB, session_id=e5e50bd3-313b-4a7f-a892-2c01cae36221, session_timestamp=2023-02-14T19:18:13.020Z, thread-id=1545, tx_id=FBB3A2B8BA6D0F338415B2F0685EE904AE97F2F3000336CFCF2BCD28BFDB7286}
[INFO ] 2023-02-14T19:18:13,767Z [Mock network] corda.flow. - Successfully received fully signed tx. Sending it to the vault for processing. {fiber-id=10000012, flow-id=e611d043-0d91-451f-bf87-764ee6cf081e, invocation_id=e5e50bd3-313b-4a7f-a892-2c01cae36221, invocation_timestamp=2023-02-14T19:18:13.020Z, origin=O=Mock Company 1, L=London, C=GB, session_id=e5e50bd3-313b-4a7f-a892-2c01cae36221, session_timestamp=2023-02-14T19:18:13.020Z, thread-id=1545, tx_id=FBB3A2B8BA6D0F338415B2F0685EE904AE97F2F3000336CFCF2BCD28BFDB7286}
[INFO ] 2023-02-14T19:18:13,773Z [Mock network] corda.flow. - Successfully recorded received transaction locally. {fiber-id=10000012, flow-id=e611d043-0d91-451f-bf87-764ee6cf081e, invocation_id=e5e50bd3-313b-4a7f-a892-2c01cae36221, invocation_timestamp=2023-02-14T19:18:13.020Z, origin=O=Mock Company 1, L=London, C=GB, session_id=e5e50bd3-313b-4a7f-a892-2c01cae36221, session_timestamp=2023-02-14T19:18:13.020Z, thread-id=1545, tx_id=FBB3A2B8BA6D0F338415B2F0685EE904AE97F2F3000336CFCF2BCD28BFDB7286}
[INFO ] 2023-02-14T19:18:13,782Z [Mock network] corda.flow. - Party O=Mock Company 2, L=London, C=GB received the transaction. {actor_id=Only For Testing, actor_owning_identity=O=Mock Company 1, L=London, C=GB, actor_store_id=TEST, fiber-id=10000011, flow-id=a678b014-7930-4d4c-9129-da565f579d29, invocation_id=7dc7437f-ca40-408a-929f-5fb387a6fb4d, invocation_timestamp=2023-02-14T19:18:12.962Z, origin=Only For Testing, session_id=7dc7437f-ca40-408a-929f-5fb387a6fb4d, session_timestamp=2023-02-14T19:18:12.962Z, thread-id=1545, tx_id=FBB3A2B8BA6D0F338415B2F0685EE904AE97F2F3000336CFCF2BCD28BFDB7286}
[INFO ] 2023-02-14T19:18:13,782Z [Mock network] corda.flow. - All parties received the transaction successfully. {actor_id=Only For Testing, actor_owning_identity=O=Mock Company 1, L=London, C=GB, actor_store_id=TEST, fiber-id=10000011, flow-id=a678b014-7930-4d4c-9129-da565f579d29, invocation_id=7dc7437f-ca40-408a-929f-5fb387a6fb4d, invocation_timestamp=2023-02-14T19:18:12.962Z, origin=Only For Testing, session_id=7dc7437f-ca40-408a-929f-5fb387a6fb4d, session_timestamp=2023-02-14T19:18:12.962Z, thread-id=1545, tx_id=FBB3A2B8BA6D0F338415B2F0685EE904AE97F2F3000336CFCF2BCD28BFDB7286}
[INFO ] 2023-02-14T19:18:13,795Z [Test worker] persistence.CordaPersistence. - Closing HikariDataSource (HikariPool-13) {}
[INFO ] 2023-02-14T19:18:13,806Z [Test worker] internal.MockNodeMessagingService. - Status change to false {}
[INFO ] 2023-02-14T19:18:13,806Z [Test worker] internal.InternalMockNetwork$MockNode. - MessagingService active change to: false {}
[INFO ] 2023-02-14T19:18:13,807Z [Test worker] persistence.CordaPersistence. - Closing HikariDataSource (HikariPool-14) {}
[INFO ] 2023-02-14T19:18:13,816Z [Test worker] internal.MockNodeMessagingService. - Status change to false {}
[INFO ] 2023-02-14T19:18:13,816Z [Test worker] internal.InternalMockNetwork$MockNode. - MessagingService active change to: false {}
[INFO ] 2023-02-14T19:18:13,818Z [Test worker] persistence.CordaPersistence. - Closing HikariDataSource (HikariPool-15) {}
[INFO ] 2023-02-14T19:18:13,827Z [Test worker] internal.MockNodeMessagingService. - Status change to false {}
[INFO ] 2023-02-14T19:18:13,827Z [Test worker] internal.InternalMockNetwork$MockNode. - MessagingService active change to: false {}
[INFO ] 2023-02-15T11:58:19,341Z [Test worker] internal.TestCordappImpl. - Generating CorDapp jar from local project in C:\Users\Anvith\Dropbox\PC\Desktop\Work\Corda\samples-java\Basic\tutorial-applestamp\workflows ... {}
[INFO ] 2023-02-15T11:58:19,641Z [Connection worker] internal.TestCordappImpl. - Build {}
[INFO ] 2023-02-15T11:58:20,852Z [Connection worker] internal.TestCordappImpl. - Starting Gradle Daemon {}
[INFO ] 2023-02-15T11:58:21,974Z [Connection worker] internal.TestCordappImpl. - Connecting to Gradle Daemon {}
[INFO ] 2023-02-15T11:58:21,988Z [Connection worker] internal.TestCordappImpl. - Starting Gradle Daemon {}
[INFO ] 2023-02-15T11:58:21,989Z [Connection worker] internal.TestCordappImpl. - Build {}
[INFO ] 2023-02-15T11:58:22,520Z [Connection worker] internal.TestCordappImpl. - Run build {}
[INFO ] 2023-02-15T11:58:22,536Z [Connection worker] internal.TestCordappImpl. - Evaluate settings {}
[INFO ] 2023-02-15T11:58:22,945Z [Connection worker] internal.TestCordappImpl. - Run build {}
[INFO ] 2023-02-15T11:58:22,945Z [Connection worker] internal.TestCordappImpl. - Configure build {}
[INFO ] 2023-02-15T11:58:22,945Z [Connection worker] internal.TestCordappImpl. - Load projects {}
[INFO ] 2023-02-15T11:58:23,105Z [Connection worker] internal.TestCordappImpl. - Configure build {}
[INFO ] 2023-02-15T11:58:23,121Z [Connection worker] internal.TestCordappImpl. - Configure project : {}
[INFO ] 2023-02-15T11:58:23,584Z [Connection worker] internal.TestCordappImpl. - Resolve dependencies of :classpath {}
[INFO ] 2023-02-15T11:58:24,029Z [Connection worker] internal.TestCordappImpl. - Configure project : {}
[INFO ] 2023-02-15T11:58:24,045Z [Connection worker] internal.TestCordappImpl. - Resolve files of :classpath {}
[INFO ] 2023-02-15T11:58:24,077Z [Connection worker] internal.TestCordappImpl. - Configure project : {}
[INFO ] 2023-02-15T11:58:24,077Z [Connection worker] internal.TestCordappImpl. - Resolve files of :classpath {}
[INFO ] 2023-02-15T11:58:24,077Z [Connection worker] internal.TestCordappImpl. - Configure project : {}
[INFO ] 2023-02-15T11:58:24,727Z [Connection worker] internal.TestCordappImpl. - Configure build {}
[INFO ] 2023-02-15T11:58:24,727Z [Connection worker] internal.TestCordappImpl. - Configure project :clients {}
[INFO ] 2023-02-15T11:58:24,727Z [Connection worker] internal.TestCordappImpl. - Configure build {}
[INFO ] 2023-02-15T11:58:24,727Z [Connection worker] internal.TestCordappImpl. - Configure project :contracts {}
[INFO ] 2023-02-15T11:58:24,765Z [Connection worker] internal.TestCordappImpl. - Configure build {}
[INFO ] 2023-02-15T11:58:24,765Z [Connection worker] internal.TestCordappImpl. - Configure project :workflows {}
[INFO ] 2023-02-15T11:58:24,861Z [Connection worker] internal.TestCordappImpl. - Configure build {}
[INFO ] 2023-02-15T11:58:24,861Z [Connection worker] internal.TestCordappImpl. - Run build {}
[INFO ] 2023-02-15T11:58:25,021Z [Connection worker] internal.TestCordappImpl. - Run tasks {}
[INFO ] 2023-02-15T11:58:25,052Z [Connection worker] internal.TestCordappImpl. - Task :contracts:compileJava {}
[INFO ] 2023-02-15T11:58:25,100Z [Connection worker] internal.TestCordappImpl. - Resolve dependencies of :contracts:compileClasspath {}
[INFO ] 2023-02-15T11:58:25,164Z [Connection worker] internal.TestCordappImpl. - Task :contracts:compileJava {}
[INFO ] 2023-02-15T11:58:25,164Z [Connection worker] internal.TestCordappImpl. - Resolve files of :contracts:compileClasspath {}
[INFO ] 2023-02-15T11:58:25,180Z [Connection worker] internal.TestCordappImpl. - Task :contracts:compileJava {}
[INFO ] 2023-02-15T11:58:25,196Z [Connection worker] internal.TestCordappImpl. - Resolve dependencies of :contracts:annotationProcessor {}
[INFO ] 2023-02-15T11:58:25,196Z [Connection worker] internal.TestCordappImpl. - Task :contracts:compileJava {}
[INFO ] 2023-02-15T11:58:25,227Z [Connection worker] internal.TestCordappImpl. - Run tasks {}
[INFO ] 2023-02-15T11:58:25,227Z [Connection worker] internal.TestCordappImpl. - Task :contracts:processResources {}
[INFO ] 2023-02-15T11:58:25,227Z [Connection worker] internal.TestCordappImpl. - Run tasks {}
[INFO ] 2023-02-15T11:58:25,227Z [Connection worker] internal.TestCordappImpl. - Task :contracts:classes {}
[INFO ] 2023-02-15T11:58:25,227Z [Connection worker] internal.TestCordappImpl. - Run tasks {}
[INFO ] 2023-02-15T11:58:25,227Z [Connection worker] internal.TestCordappImpl. - Task :contracts:configureCordappFatJar {}
[INFO ] 2023-02-15T11:58:25,243Z [Connection worker] internal.TestCordappImpl. - Resolve dependencies of :contracts:runtime {}
[INFO ] 2023-02-15T11:58:25,275Z [Connection worker] internal.TestCordappImpl. - Task :contracts:configureCordappFatJar {}
[INFO ] 2023-02-15T11:58:25,275Z [Connection worker] internal.TestCordappImpl. - Resolve files of :contracts:runtime {}
[INFO ] 2023-02-15T11:58:25,275Z [Connection worker] internal.TestCordappImpl. - Task :contracts:configureCordappFatJar {}
[INFO ] 2023-02-15T11:58:25,275Z [Connection worker] internal.TestCordappImpl. - Resolve files of :contracts:runtime {}
[INFO ] 2023-02-15T11:58:25,275Z [Connection worker] internal.TestCordappImpl. - Task :contracts:configureCordappFatJar {}
[INFO ] 2023-02-15T11:58:25,276Z [Connection worker] internal.TestCordappImpl. - Resolve files of :contracts:runtime {}
[INFO ] 2023-02-15T11:58:25,276Z [Connection worker] internal.TestCordappImpl. - Task :contracts:configureCordappFatJar {}
[INFO ] 2023-02-15T11:58:25,291Z [Connection worker] internal.TestCordappImpl. - Run tasks {}
[INFO ] 2023-02-15T11:58:25,291Z [Connection worker] internal.TestCordappImpl. - Task :contracts:jar {}
[INFO ] 2023-02-15T11:58:25,307Z [Connection worker] internal.TestCordappImpl. - Run tasks {}
[INFO ] 2023-02-15T11:58:25,307Z [Connection worker] internal.TestCordappImpl. - Task :workflows:compileJava {}
[INFO ] 2023-02-15T11:58:25,307Z [Connection worker] internal.TestCordappImpl. - Resolve dependencies of :workflows:compileClasspath {}
[INFO ] 2023-02-15T11:58:25,339Z [Connection worker] internal.TestCordappImpl. - Task :workflows:compileJava {}
[INFO ] 2023-02-15T11:58:25,339Z [Connection worker] internal.TestCordappImpl. - Resolve files of :workflows:compileClasspath {}
[INFO ] 2023-02-15T11:58:25,339Z [Connection worker] internal.TestCordappImpl. - Task :workflows:compileJava {}
[INFO ] 2023-02-15T11:58:25,339Z [Connection worker] internal.TestCordappImpl. - Resolve dependencies of :workflows:annotationProcessor {}
[INFO ] 2023-02-15T11:58:25,339Z [Connection worker] internal.TestCordappImpl. - Task :workflows:compileJava {}
[INFO ] 2023-02-15T11:58:25,339Z [Connection worker] internal.TestCordappImpl. - Run tasks {}
[INFO ] 2023-02-15T11:58:25,339Z [Connection worker] internal.TestCordappImpl. - Task :workflows:processResources {}
[INFO ] 2023-02-15T11:58:25,355Z [Connection worker] internal.TestCordappImpl. - Run tasks {}
[INFO ] 2023-02-15T11:58:25,355Z [Connection worker] internal.TestCordappImpl. - Task :workflows:classes {}
[INFO ] 2023-02-15T11:58:25,355Z [Connection worker] internal.TestCordappImpl. - Run tasks {}
[INFO ] 2023-02-15T11:58:25,355Z [Connection worker] internal.TestCordappImpl. - Task :workflows:configureCordappFatJar {}
[INFO ] 2023-02-15T11:58:25,355Z [Connection worker] internal.TestCordappImpl. - Resolve dependencies of :workflows:runtime {}
[INFO ] 2023-02-15T11:58:25,371Z [Connection worker] internal.TestCordappImpl. - Task :workflows:configureCordappFatJar {}
[INFO ] 2023-02-15T11:58:25,371Z [Connection worker] internal.TestCordappImpl. - Resolve files of :workflows:runtime {}
[INFO ] 2023-02-15T11:58:25,371Z [Connection worker] internal.TestCordappImpl. - Task :workflows:configureCordappFatJar {}
[INFO ] 2023-02-15T11:58:25,371Z [Connection worker] internal.TestCordappImpl. - Resolve files of :workflows:runtime {}
[INFO ] 2023-02-15T11:58:25,387Z [Connection worker] internal.TestCordappImpl. - Task :workflows:configureCordappFatJar {}
[INFO ] 2023-02-15T11:58:25,387Z [Connection worker] internal.TestCordappImpl. - Resolve files of :workflows:runtime {}
[INFO ] 2023-02-15T11:58:25,387Z [Connection worker] internal.TestCordappImpl. - Task :workflows:configureCordappFatJar {}
[INFO ] 2023-02-15T11:58:25,387Z [Connection worker] internal.TestCordappImpl. - Resolve files of :workflows:runtime {}
[INFO ] 2023-02-15T11:58:25,387Z [Connection worker] internal.TestCordappImpl. - Task :workflows:configureCordappFatJar {}
[INFO ] 2023-02-15T11:58:25,387Z [Connection worker] internal.TestCordappImpl. - Run tasks {}
[INFO ] 2023-02-15T11:58:25,387Z [Connection worker] internal.TestCordappImpl. - Task :workflows:jar {}
[INFO ] 2023-02-15T11:58:25,387Z [Connection worker] internal.TestCordappImpl. - Run tasks {}
[INFO ] 2023-02-15T11:58:25,387Z [Connection worker] internal.TestCordappImpl. - Run build {}
[INFO ] 2023-02-15T11:58:25,403Z [Connection worker] internal.TestCordappImpl. - Build model 'java.lang.Void' for project ':workflows' {}
[INFO ] 2023-02-15T11:58:25,403Z [Connection worker] internal.TestCordappImpl. - Run build {}
[INFO ] 2023-02-15T11:58:25,405Z [Connection worker] internal.TestCordappImpl. - Build {}
[INFO ] 2023-02-15T11:58:25,419Z [Connection worker] internal.TestCordappImpl. - Deleting unused version-specific caches in C:\Users\Anvith\Dropbox\PC\Desktop\Work\Corda\samples-java\Basic\tutorial-applestamp\.gradle {}
[INFO ] 2023-02-15T11:58:25,419Z [Connection worker] internal.TestCordappImpl. - Build {}
[INFO ] 2023-02-15T11:58:25,457Z [Connection worker] internal.TestCordappImpl. -  {}
[INFO ] 2023-02-15T11:58:30,418Z [Test worker] cordapp.JarScanningCordappLoader. - Looking for CorDapps in [build\mock-network\20230215-115818.183-B8C0CE6624DC51CB\nodes\0\cordapps] {}
[INFO ] 2023-02-15T11:58:30,427Z [Test worker] cordapp.JarScanningCordappLoader. - Loading CorDapps from RestrictedURL(url=file:/C:/Users/Anvith/Dropbox/PC/Desktop/Work/Corda/samples-java/Basic/tutorial-applestamp/workflows/build/mock-network/20230215-115818.183-B8C0CE6624DC51CB/nodes/0/cordapps/contracts-0.1.jar, rootPackageName=null), RestrictedURL(url=file:/C:/Users/Anvith/Dropbox/PC/Desktop/Work/Corda/samples-java/Basic/tutorial-applestamp/workflows/build/mock-network/20230215-115818.183-B8C0CE6624DC51CB/nodes/0/cordapps/workflows-0.1.jar, rootPackageName=null) {}
[INFO ] 2023-02-15T11:58:30,441Z [Test worker] cordapp.JarScanningCordappLoader. - Scanning CorDapp in file:/C:/Users/Anvith/Dropbox/PC/Desktop/Work/Corda/samples-java/Basic/tutorial-applestamp/workflows/build/mock-network/20230215-115818.183-B8C0CE6624DC51CB/nodes/0/cordapps/contracts-0.1.jar {}
[INFO ] 2023-02-15T11:58:30,541Z [Test worker] cordapp.JarScanningCordappLoader. - Scanning CorDapp in file:/C:/Users/Anvith/Dropbox/PC/Desktop/Work/Corda/samples-java/Basic/tutorial-applestamp/workflows/build/mock-network/20230215-115818.183-B8C0CE6624DC51CB/nodes/0/cordapps/workflows-0.1.jar {}
[INFO ] 2023-02-15T11:58:31,595Z [Test worker] internal.InternalMockNetwork$MockNode. - MessagingService active change to: false {}
[INFO ] 2023-02-15T11:58:31,814Z [Test worker] internal.InternalMockNetwork$MockNode. - Flow external operation executor has a max of 2 threads {}
[INFO ] 2023-02-15T11:58:31,874Z [Test worker] internal.InternalMockNetwork$MockNode. - Node starting up ... {}
[INFO ] 2023-02-15T11:58:31,895Z [Test worker] internal.KeyStoreHandler. - Loaded trusted root certificate: DL7fwxLm5xbiMD8adUuYTsPZHAict46Ng4w6RNcySt5vAw, alias: cordarootca {}
[INFO ] 2023-02-15T11:58:31,902Z [Test worker] internal.KeyStoreHandler. - Loaded node identity key: DL8vQ1eeZD95GGvZxeYLMsgYzgNR2dQTSowvf1keCKvtQh, alias: identity-private-key {}
[INFO ] 2023-02-15T11:58:32,016Z [Test worker] internal.NodeFlowManager. - Registered com.tutorial.flows.CreateAndIssueAppleStamp$CreateAndIssueAppleStampInitiator to initiate com.tutorial.flows.CreateAndIssueAppleStamp$CreateAndIssueAppleStampResponder (version 1) {}
[INFO ] 2023-02-15T11:58:32,017Z [Test worker] internal.NodeFlowManager. - Registered com.tutorial.flows.RedeemApples$RedeemApplesInitiator to initiate com.tutorial.flows.RedeemApples$RedeemApplesResponder (version 1) {}
[INFO ] 2023-02-15T11:58:32,018Z [Test worker] internal.NodeFlowManager. - Registered com.tutorial.flows.TemplateInitiator to initiate com.tutorial.flows.TemplateResponder (version 1) {}
[INFO ] 2023-02-15T11:58:32,091Z [Test worker] internal.InternalMockNetwork$MockNode. - Loaded network parameters: NetworkParameters {
      minimumPlatformVersion=1
      notaries=[NotaryInfo(identity=O=Notary, L=London, C=GB, validating=true)]
      maxMessageSize=10485760
      maxTransactionSize=524288000
      whitelistedContractImplementations {
        
      }
      eventHorizon=PT720H
      packageOwnership {
        
      }
      modifiedTime=2023-02-15T11:58:15.906Z
      epoch=1
  } {}
[INFO ] 2023-02-15T11:58:36,673Z [Test worker] internal.InternalMockNetwork$MockNode. - Connected to H2 database. {}
[INFO ] 2023-02-15T11:58:36,744Z [Test worker] persistence.HibernateConfiguration. - Init HibernateConfiguration for schemas: [CommonSchemaV1(name=net.corda.core.schemas.CommonSchema, version=1), VaultSchemaV1(name=net.corda.node.services.vault.VaultSchema, version=1), NodeInfoSchemaV1(name=net.corda.node.internal.schemas.NodeInfoSchema, version=1), NodeCoreV1(name=net.corda.node.services.schema.NodeSchemaService$NodeCore, version=1), JPANotarySchemaV1(name=net.corda.notary.jpa.JPANotarySchema, version=1)] {}
[INFO ] 2023-02-15T11:58:36,749Z [Test worker] factory.BaseSessionFactoryFactory. - Creating session factory for schemas: [CommonSchemaV1(name=net.corda.core.schemas.CommonSchema, version=1), VaultSchemaV1(name=net.corda.node.services.vault.VaultSchema, version=1), NodeInfoSchemaV1(name=net.corda.node.internal.schemas.NodeInfoSchema, version=1), NodeCoreV1(name=net.corda.node.services.schema.NodeSchemaService$NodeCore, version=1), JPANotarySchemaV1(name=net.corda.notary.jpa.JPANotarySchema, version=1)] {}
[INFO ] 2023-02-15T11:58:39,429Z [Test worker] factory.BaseSessionFactoryFactory. - Created session factory for schemas: [CommonSchemaV1(name=net.corda.core.schemas.CommonSchema, version=1), VaultSchemaV1(name=net.corda.node.services.vault.VaultSchema, version=1), NodeInfoSchemaV1(name=net.corda.node.internal.schemas.NodeInfoSchema, version=1), NodeCoreV1(name=net.corda.node.services.schema.NodeSchemaService$NodeCore, version=1), JPANotarySchemaV1(name=net.corda.notary.jpa.JPANotarySchema, version=1)] {}
[INFO ] 2023-02-15T11:58:39,712Z [Test worker] internal.InternalMockNetwork$MockNode. - Node-info has changed so submitting update. Old node-info was null {}
[INFO ] 2023-02-15T11:58:39,721Z [Test worker] network.PersistentNetworkMapCache. - Adding node with info: NodeInfo(addresses=[mock.node:1000], legalIdentitiesAndCerts=[O=Notary, L=London, C=GB], platformVersion=11, serial=1676462319712), owningKey=DL8vQ1eeZD95GGvZxeYLMsgYzgNR2dQTSowvf1keCKvtQh {}
[INFO ] 2023-02-15T11:58:39,721Z [Test worker] network.PersistentNetworkMapCache. - No previous node found for O=Notary, L=London, C=GB {}
[INFO ] 2023-02-15T11:58:39,911Z [Test worker] internal.InternalMockNetwork$MockNode. - New node-info: NodeInfo(addresses=[mock.node:1000], legalIdentitiesAndCerts=[O=Notary, L=London, C=GB], platformVersion=11, serial=1676462319712) {}
[INFO ] 2023-02-15T11:58:39,973Z [Test worker] network.NetworkMapUpdater. - Auto-accept enabled for network parameter changes which modify only: [epoch, modifiedTime, packageOwnership, whitelistedContractImplementations] {}
[INFO ] 2023-02-15T11:58:40,010Z [Test worker] internal.MockNodeMessagingService. - Status change to true {}
[INFO ] 2023-02-15T11:58:40,011Z [Test worker] internal.InternalMockNetwork$MockNode. - MessagingService active change to: true {}
[INFO ] 2023-02-15T11:58:40,050Z [MockNode-1-2] network.PersistentNetworkMapCache. - Adding node with info: NodeInfo(addresses=[mock.node:1000], legalIdentitiesAndCerts=[O=Notary, L=London, C=GB], platformVersion=11, serial=1676462319712), owningKey=DL8vQ1eeZD95GGvZxeYLMsgYzgNR2dQTSowvf1keCKvtQh {}
[INFO ] 2023-02-15T11:58:40,050Z [MockNode-1-2] network.PersistentNetworkMapCache. - Previous node was identical to incoming one - doing nothing {}
[INFO ] 2023-02-15T11:58:40,145Z [Test worker] persistence.NodeAttachmentService. - Stored new attachment: id=07E0AC0F4965C91DB66A0F6C4BD137B8780D5CE985AFC1D70AA090C6AF693143 uploader=app filename=4.8LTS Tutorial Contracts {}
[INFO ] 2023-02-15T11:58:40,153Z [Test worker] utilities.NotaryLoader. - Starting notary service: class net.corda.notary.jpa.JPANotaryService {}
[INFO ] 2023-02-15T11:58:40,718Z [Test worker] statemachine.SingleThreadedStateMachineManager. - Node ready, info: NodeInfo(addresses=[mock.node:1000], legalIdentitiesAndCerts=[O=Notary, L=London, C=GB], platformVersion=11, serial=1676462319712) {}
[INFO ] 2023-02-15T11:58:40,732Z [Test worker] network.PersistentNetworkMapCache. - Adding node with info: NodeInfo(addresses=[mock.node:1000], legalIdentitiesAndCerts=[O=Notary, L=London, C=GB], platformVersion=11, serial=1676462319712), owningKey=DL8vQ1eeZD95GGvZxeYLMsgYzgNR2dQTSowvf1keCKvtQh {}
[INFO ] 2023-02-15T11:58:40,732Z [Test worker] network.PersistentNetworkMapCache. - Previous node was identical to incoming one - doing nothing {}
[INFO ] 2023-02-15T11:58:40,733Z [Test worker] network.PersistentNetworkMapCache. - Adding node with info: NodeInfo(addresses=[mock.node:1000], legalIdentitiesAndCerts=[O=Notary, L=London, C=GB], platformVersion=11, serial=1676462319712), owningKey=DL8vQ1eeZD95GGvZxeYLMsgYzgNR2dQTSowvf1keCKvtQh {}
[INFO ] 2023-02-15T11:58:40,733Z [Test worker] network.PersistentNetworkMapCache. - Previous node was identical to incoming one - doing nothing {}
[INFO ] 2023-02-15T11:58:40,745Z [Test worker] cordapp.JarScanningCordappLoader. - Looking for CorDapps in [build\mock-network\20230215-115818.183-B8C0CE6624DC51CB\nodes\1\cordapps] {}
[INFO ] 2023-02-15T11:58:40,746Z [Test worker] cordapp.JarScanningCordappLoader. - Loading CorDapps from RestrictedURL(url=file:/C:/Users/Anvith/Dropbox/PC/Desktop/Work/Corda/samples-java/Basic/tutorial-applestamp/workflows/build/mock-network/20230215-115818.183-B8C0CE6624DC51CB/nodes/1/cordapps/contracts-0.1.jar, rootPackageName=null), RestrictedURL(url=file:/C:/Users/Anvith/Dropbox/PC/Desktop/Work/Corda/samples-java/Basic/tutorial-applestamp/workflows/build/mock-network/20230215-115818.183-B8C0CE6624DC51CB/nodes/1/cordapps/workflows-0.1.jar, rootPackageName=null) {}
[INFO ] 2023-02-15T11:58:40,746Z [Test worker] cordapp.JarScanningCordappLoader. - Scanning CorDapp in file:/C:/Users/Anvith/Dropbox/PC/Desktop/Work/Corda/samples-java/Basic/tutorial-applestamp/workflows/build/mock-network/20230215-115818.183-B8C0CE6624DC51CB/nodes/1/cordapps/contracts-0.1.jar {}
[INFO ] 2023-02-15T11:58:40,755Z [Test worker] cordapp.JarScanningCordappLoader. - Scanning CorDapp in file:/C:/Users/Anvith/Dropbox/PC/Desktop/Work/Corda/samples-java/Basic/tutorial-applestamp/workflows/build/mock-network/20230215-115818.183-B8C0CE6624DC51CB/nodes/1/cordapps/workflows-0.1.jar {}
[INFO ] 2023-02-15T11:58:40,784Z [Test worker] internal.InternalMockNetwork$MockNode. - MessagingService active change to: false {}
[INFO ] 2023-02-15T11:58:40,785Z [Test worker] internal.InternalMockNetwork$MockNode. - Flow external operation executor has a max of 2 threads {}
[INFO ] 2023-02-15T11:58:40,787Z [Test worker] internal.InternalMockNetwork$MockNode. - Node starting up ... {}
[INFO ] 2023-02-15T11:58:40,823Z [Test worker] internal.KeyStoreHandler. - Loaded trusted root certificate: DL7fwxLm5xbiMD8adUuYTsPZHAict46Ng4w6RNcySt5vAw, alias: cordarootca {}
[INFO ] 2023-02-15T11:58:40,823Z [Test worker] internal.KeyStoreHandler. - Loaded node identity key: DLCBDY51m5hajcZpLSb4eyePniBHpaQCJKbdTubQmX9yXF, alias: identity-private-key {}
[INFO ] 2023-02-15T11:58:40,829Z [Test worker] internal.NodeFlowManager. - Registered com.tutorial.flows.CreateAndIssueAppleStamp$CreateAndIssueAppleStampInitiator to initiate com.tutorial.flows.CreateAndIssueAppleStamp$CreateAndIssueAppleStampResponder (version 1) {}
[INFO ] 2023-02-15T11:58:40,829Z [Test worker] internal.NodeFlowManager. - Registered com.tutorial.flows.RedeemApples$RedeemApplesInitiator to initiate com.tutorial.flows.RedeemApples$RedeemApplesResponder (version 1) {}
[INFO ] 2023-02-15T11:58:40,829Z [Test worker] internal.NodeFlowManager. - Registered com.tutorial.flows.TemplateInitiator to initiate com.tutorial.flows.TemplateResponder (version 1) {}
[INFO ] 2023-02-15T11:58:40,832Z [Test worker] internal.InternalMockNetwork$MockNode. - Loaded network parameters: NetworkParameters {
      minimumPlatformVersion=1
      notaries=[NotaryInfo(identity=O=Notary, L=London, C=GB, validating=true)]
      maxMessageSize=10485760
      maxTransactionSize=524288000
      whitelistedContractImplementations {
        
      }
      eventHorizon=PT720H
      packageOwnership {
        
      }
      modifiedTime=2023-02-15T11:58:15.906Z
      epoch=1
  } {}
[INFO ] 2023-02-15T11:58:41,432Z [Test worker] internal.InternalMockNetwork$MockNode. - Connected to H2 database. {}
[INFO ] 2023-02-15T11:58:41,434Z [Test worker] persistence.HibernateConfiguration. - Init HibernateConfiguration for schemas: [CommonSchemaV1(name=net.corda.core.schemas.CommonSchema, version=1), VaultSchemaV1(name=net.corda.node.services.vault.VaultSchema, version=1), NodeInfoSchemaV1(name=net.corda.node.internal.schemas.NodeInfoSchema, version=1), NodeCoreV1(name=net.corda.node.services.schema.NodeSchemaService$NodeCore, version=1)] {}
[INFO ] 2023-02-15T11:58:41,434Z [Test worker] factory.BaseSessionFactoryFactory. - Creating session factory for schemas: [CommonSchemaV1(name=net.corda.core.schemas.CommonSchema, version=1), VaultSchemaV1(name=net.corda.node.services.vault.VaultSchema, version=1), NodeInfoSchemaV1(name=net.corda.node.internal.schemas.NodeInfoSchema, version=1), NodeCoreV1(name=net.corda.node.services.schema.NodeSchemaService$NodeCore, version=1)] {}
[INFO ] 2023-02-15T11:58:41,565Z [Test worker] factory.BaseSessionFactoryFactory. - Created session factory for schemas: [CommonSchemaV1(name=net.corda.core.schemas.CommonSchema, version=1), VaultSchemaV1(name=net.corda.node.services.vault.VaultSchema, version=1), NodeInfoSchemaV1(name=net.corda.node.internal.schemas.NodeInfoSchema, version=1), NodeCoreV1(name=net.corda.node.services.schema.NodeSchemaService$NodeCore, version=1)] {}
[INFO ] 2023-02-15T11:58:41,570Z [Test worker] internal.InternalMockNetwork$MockNode. - Node-info has changed so submitting update. Old node-info was null {}
[INFO ] 2023-02-15T11:58:41,574Z [Test worker] network.PersistentNetworkMapCache. - Adding node with info: NodeInfo(addresses=[mock.node:1000], legalIdentitiesAndCerts=[O=Mock Company 1, L=London, C=GB], platformVersion=11, serial=1676462321570), owningKey=DLCBDY51m5hajcZpLSb4eyePniBHpaQCJKbdTubQmX9yXF {}
[INFO ] 2023-02-15T11:58:41,574Z [Test worker] network.PersistentNetworkMapCache. - No previous node found for O=Mock Company 1, L=London, C=GB {}
[INFO ] 2023-02-15T11:58:41,582Z [Test worker] internal.InternalMockNetwork$MockNode. - New node-info: NodeInfo(addresses=[mock.node:1000], legalIdentitiesAndCerts=[O=Mock Company 1, L=London, C=GB], platformVersion=11, serial=1676462321570) {}
[INFO ] 2023-02-15T11:58:41,589Z [Test worker] network.NetworkMapUpdater. - Auto-accept enabled for network parameter changes which modify only: [epoch, modifiedTime, packageOwnership, whitelistedContractImplementations] {}
[INFO ] 2023-02-15T11:58:41,590Z [Test worker] internal.MockNodeMessagingService. - Status change to true {}
[INFO ] 2023-02-15T11:58:41,590Z [Test worker] internal.InternalMockNetwork$MockNode. - MessagingService active change to: true {}
[INFO ] 2023-02-15T11:58:41,600Z [MockNode-2-2] network.PersistentNetworkMapCache. - Adding node with info: NodeInfo(addresses=[mock.node:1000], legalIdentitiesAndCerts=[O=Mock Company 1, L=London, C=GB], platformVersion=11, serial=1676462321570), owningKey=DLCBDY51m5hajcZpLSb4eyePniBHpaQCJKbdTubQmX9yXF {}
[INFO ] 2023-02-15T11:58:41,600Z [MockNode-2-2] network.PersistentNetworkMapCache. - Previous node was identical to incoming one - doing nothing {}
[INFO ] 2023-02-15T11:58:41,627Z [Test worker] persistence.NodeAttachmentService. - Stored new attachment: id=07E0AC0F4965C91DB66A0F6C4BD137B8780D5CE985AFC1D70AA090C6AF693143 uploader=app filename=4.8LTS Tutorial Contracts {}
[INFO ] 2023-02-15T11:58:41,648Z [Test worker] statemachine.SingleThreadedStateMachineManager. - Node ready, info: NodeInfo(addresses=[mock.node:1000], legalIdentitiesAndCerts=[O=Mock Company 1, L=London, C=GB], platformVersion=11, serial=1676462321570) {}
[INFO ] 2023-02-15T11:58:41,652Z [Test worker] network.PersistentNetworkMapCache. - Adding node with info: NodeInfo(addresses=[mock.node:1000], legalIdentitiesAndCerts=[O=Notary, L=London, C=GB], platformVersion=11, serial=1676462319712), owningKey=DL8vQ1eeZD95GGvZxeYLMsgYzgNR2dQTSowvf1keCKvtQh {}
[INFO ] 2023-02-15T11:58:41,652Z [Test worker] network.PersistentNetworkMapCache. - No previous node found for O=Notary, L=London, C=GB {}
[INFO ] 2023-02-15T11:58:41,667Z [Test worker] network.PersistentNetworkMapCache. - Adding node with info: NodeInfo(addresses=[mock.node:1000], legalIdentitiesAndCerts=[O=Mock Company 1, L=London, C=GB], platformVersion=11, serial=1676462321570), owningKey=DLCBDY51m5hajcZpLSb4eyePniBHpaQCJKbdTubQmX9yXF {}
[INFO ] 2023-02-15T11:58:41,667Z [Test worker] network.PersistentNetworkMapCache. - No previous node found for O=Mock Company 1, L=London, C=GB {}
[INFO ] 2023-02-15T11:58:41,679Z [Test worker] network.PersistentNetworkMapCache. - Adding node with info: NodeInfo(addresses=[mock.node:1000], legalIdentitiesAndCerts=[O=Mock Company 1, L=London, C=GB], platformVersion=11, serial=1676462321570), owningKey=DLCBDY51m5hajcZpLSb4eyePniBHpaQCJKbdTubQmX9yXF {}
[INFO ] 2023-02-15T11:58:41,679Z [Test worker] network.PersistentNetworkMapCache. - Previous node was identical to incoming one - doing nothing {}
[INFO ] 2023-02-15T11:58:41,680Z [Test worker] network.PersistentNetworkMapCache. - Adding node with info: NodeInfo(addresses=[mock.node:1000], legalIdentitiesAndCerts=[O=Mock Company 1, L=London, C=GB], platformVersion=11, serial=1676462321570), owningKey=DLCBDY51m5hajcZpLSb4eyePniBHpaQCJKbdTubQmX9yXF {}
[INFO ] 2023-02-15T11:58:41,680Z [Test worker] network.PersistentNetworkMapCache. - Previous node was identical to incoming one - doing nothing {}
[INFO ] 2023-02-15T11:58:41,689Z [Test worker] cordapp.JarScanningCordappLoader. - Looking for CorDapps in [build\mock-network\20230215-115818.183-B8C0CE6624DC51CB\nodes\2\cordapps] {}
[INFO ] 2023-02-15T11:58:41,690Z [Test worker] cordapp.JarScanningCordappLoader. - Loading CorDapps from RestrictedURL(url=file:/C:/Users/Anvith/Dropbox/PC/Desktop/Work/Corda/samples-java/Basic/tutorial-applestamp/workflows/build/mock-network/20230215-115818.183-B8C0CE6624DC51CB/nodes/2/cordapps/contracts-0.1.jar, rootPackageName=null), RestrictedURL(url=file:/C:/Users/Anvith/Dropbox/PC/Desktop/Work/Corda/samples-java/Basic/tutorial-applestamp/workflows/build/mock-network/20230215-115818.183-B8C0CE6624DC51CB/nodes/2/cordapps/workflows-0.1.jar, rootPackageName=null) {}
[INFO ] 2023-02-15T11:58:41,690Z [Test worker] cordapp.JarScanningCordappLoader. - Scanning CorDapp in file:/C:/Users/Anvith/Dropbox/PC/Desktop/Work/Corda/samples-java/Basic/tutorial-applestamp/workflows/build/mock-network/20230215-115818.183-B8C0CE6624DC51CB/nodes/2/cordapps/contracts-0.1.jar {}
[INFO ] 2023-02-15T11:58:41,699Z [Test worker] cordapp.JarScanningCordappLoader. - Scanning CorDapp in file:/C:/Users/Anvith/Dropbox/PC/Desktop/Work/Corda/samples-java/Basic/tutorial-applestamp/workflows/build/mock-network/20230215-115818.183-B8C0CE6624DC51CB/nodes/2/cordapps/workflows-0.1.jar {}
[INFO ] 2023-02-15T11:58:41,729Z [Test worker] internal.InternalMockNetwork$MockNode. - MessagingService active change to: false {}
[INFO ] 2023-02-15T11:58:41,730Z [Test worker] internal.InternalMockNetwork$MockNode. - Flow external operation executor has a max of 2 threads {}
[INFO ] 2023-02-15T11:58:41,732Z [Test worker] internal.InternalMockNetwork$MockNode. - Node starting up ... {}
[INFO ] 2023-02-15T11:58:41,774Z [Test worker] internal.KeyStoreHandler. - Loaded trusted root certificate: DL7fwxLm5xbiMD8adUuYTsPZHAict46Ng4w6RNcySt5vAw, alias: cordarootca {}
[INFO ] 2023-02-15T11:58:41,774Z [Test worker] internal.KeyStoreHandler. - Loaded node identity key: DLEuKFT2DQwCNyDfN5yghH4vQxCqWWXc7VZmhYK9DV92KP, alias: identity-private-key {}
[INFO ] 2023-02-15T11:58:41,783Z [Test worker] internal.NodeFlowManager. - Registered com.tutorial.flows.CreateAndIssueAppleStamp$CreateAndIssueAppleStampInitiator to initiate com.tutorial.flows.CreateAndIssueAppleStamp$CreateAndIssueAppleStampResponder (version 1) {}
[INFO ] 2023-02-15T11:58:41,783Z [Test worker] internal.NodeFlowManager. - Registered com.tutorial.flows.RedeemApples$RedeemApplesInitiator to initiate com.tutorial.flows.RedeemApples$RedeemApplesResponder (version 1) {}
[INFO ] 2023-02-15T11:58:41,783Z [Test worker] internal.NodeFlowManager. - Registered com.tutorial.flows.TemplateInitiator to initiate com.tutorial.flows.TemplateResponder (version 1) {}
[INFO ] 2023-02-15T11:58:41,795Z [Test worker] internal.InternalMockNetwork$MockNode. - Loaded network parameters: NetworkParameters {
      minimumPlatformVersion=1
      notaries=[NotaryInfo(identity=O=Notary, L=London, C=GB, validating=true)]
      maxMessageSize=10485760
      maxTransactionSize=524288000
      whitelistedContractImplementations {
        
      }
      eventHorizon=PT720H
      packageOwnership {
        
      }
      modifiedTime=2023-02-15T11:58:15.906Z
      epoch=1
  } {}
[INFO ] 2023-02-15T11:58:42,211Z [Test worker] internal.InternalMockNetwork$MockNode. - Connected to H2 database. {}
[INFO ] 2023-02-15T11:58:42,213Z [Test worker] persistence.HibernateConfiguration. - Init HibernateConfiguration for schemas: [CommonSchemaV1(name=net.corda.core.schemas.CommonSchema, version=1), VaultSchemaV1(name=net.corda.node.services.vault.VaultSchema, version=1), NodeInfoSchemaV1(name=net.corda.node.internal.schemas.NodeInfoSchema, version=1), NodeCoreV1(name=net.corda.node.services.schema.NodeSchemaService$NodeCore, version=1)] {}
[INFO ] 2023-02-15T11:58:42,213Z [Test worker] factory.BaseSessionFactoryFactory. - Creating session factory for schemas: [CommonSchemaV1(name=net.corda.core.schemas.CommonSchema, version=1), VaultSchemaV1(name=net.corda.node.services.vault.VaultSchema, version=1), NodeInfoSchemaV1(name=net.corda.node.internal.schemas.NodeInfoSchema, version=1), NodeCoreV1(name=net.corda.node.services.schema.NodeSchemaService$NodeCore, version=1)] {}
[INFO ] 2023-02-15T11:58:42,339Z [Test worker] factory.BaseSessionFactoryFactory. - Created session factory for schemas: [CommonSchemaV1(name=net.corda.core.schemas.CommonSchema, version=1), VaultSchemaV1(name=net.corda.node.services.vault.VaultSchema, version=1), NodeInfoSchemaV1(name=net.corda.node.internal.schemas.NodeInfoSchema, version=1), NodeCoreV1(name=net.corda.node.services.schema.NodeSchemaService$NodeCore, version=1)] {}
[INFO ] 2023-02-15T11:58:42,344Z [Test worker] internal.InternalMockNetwork$MockNode. - Node-info has changed so submitting update. Old node-info was null {}
[INFO ] 2023-02-15T11:58:42,347Z [Test worker] network.PersistentNetworkMapCache. - Adding node with info: NodeInfo(addresses=[mock.node:1000], legalIdentitiesAndCerts=[O=Mock Company 2, L=London, C=GB], platformVersion=11, serial=1676462322344), owningKey=DLEuKFT2DQwCNyDfN5yghH4vQxCqWWXc7VZmhYK9DV92KP {}
[INFO ] 2023-02-15T11:58:42,347Z [Test worker] network.PersistentNetworkMapCache. - No previous node found for O=Mock Company 2, L=London, C=GB {}
[INFO ] 2023-02-15T11:58:42,355Z [Test worker] internal.InternalMockNetwork$MockNode. - New node-info: NodeInfo(addresses=[mock.node:1000], legalIdentitiesAndCerts=[O=Mock Company 2, L=London, C=GB], platformVersion=11, serial=1676462322344) {}
[INFO ] 2023-02-15T11:58:42,363Z [Test worker] network.NetworkMapUpdater. - Auto-accept enabled for network parameter changes which modify only: [epoch, modifiedTime, packageOwnership, whitelistedContractImplementations] {}
[INFO ] 2023-02-15T11:58:42,363Z [Test worker] internal.MockNodeMessagingService. - Status change to true {}
[INFO ] 2023-02-15T11:58:42,363Z [Test worker] internal.InternalMockNetwork$MockNode. - MessagingService active change to: true {}
[INFO ] 2023-02-15T11:58:42,375Z [MockNode-3-2] network.PersistentNetworkMapCache. - Adding node with info: NodeInfo(addresses=[mock.node:1000], legalIdentitiesAndCerts=[O=Mock Company 2, L=London, C=GB], platformVersion=11, serial=1676462322344), owningKey=DLEuKFT2DQwCNyDfN5yghH4vQxCqWWXc7VZmhYK9DV92KP {}
[INFO ] 2023-02-15T11:58:42,375Z [MockNode-3-2] network.PersistentNetworkMapCache. - Previous node was identical to incoming one - doing nothing {}
[INFO ] 2023-02-15T11:58:42,397Z [Test worker] persistence.NodeAttachmentService. - Stored new attachment: id=07E0AC0F4965C91DB66A0F6C4BD137B8780D5CE985AFC1D70AA090C6AF693143 uploader=app filename=4.8LTS Tutorial Contracts {}
[INFO ] 2023-02-15T11:58:42,416Z [Test worker] statemachine.SingleThreadedStateMachineManager. - Node ready, info: NodeInfo(addresses=[mock.node:1000], legalIdentitiesAndCerts=[O=Mock Company 2, L=London, C=GB], platformVersion=11, serial=1676462322344) {}
[INFO ] 2023-02-15T11:58:42,420Z [Test worker] network.PersistentNetworkMapCache. - Adding node with info: NodeInfo(addresses=[mock.node:1000], legalIdentitiesAndCerts=[O=Notary, L=London, C=GB], platformVersion=11, serial=1676462319712), owningKey=DL8vQ1eeZD95GGvZxeYLMsgYzgNR2dQTSowvf1keCKvtQh {}
[INFO ] 2023-02-15T11:58:42,420Z [Test worker] network.PersistentNetworkMapCache. - No previous node found for O=Notary, L=London, C=GB {}
[INFO ] 2023-02-15T11:58:42,433Z [Test worker] network.PersistentNetworkMapCache. - Adding node with info: NodeInfo(addresses=[mock.node:1000], legalIdentitiesAndCerts=[O=Mock Company 2, L=London, C=GB], platformVersion=11, serial=1676462322344), owningKey=DLEuKFT2DQwCNyDfN5yghH4vQxCqWWXc7VZmhYK9DV92KP {}
[INFO ] 2023-02-15T11:58:42,433Z [Test worker] network.PersistentNetworkMapCache. - No previous node found for O=Mock Company 2, L=London, C=GB {}
[INFO ] 2023-02-15T11:58:42,444Z [Test worker] network.PersistentNetworkMapCache. - Adding node with info: NodeInfo(addresses=[mock.node:1000], legalIdentitiesAndCerts=[O=Mock Company 1, L=London, C=GB], platformVersion=11, serial=1676462321570), owningKey=DLCBDY51m5hajcZpLSb4eyePniBHpaQCJKbdTubQmX9yXF {}
[INFO ] 2023-02-15T11:58:42,444Z [Test worker] network.PersistentNetworkMapCache. - No previous node found for O=Mock Company 1, L=London, C=GB {}
[INFO ] 2023-02-15T11:58:42,456Z [Test worker] network.PersistentNetworkMapCache. - Adding node with info: NodeInfo(addresses=[mock.node:1000], legalIdentitiesAndCerts=[O=Mock Company 2, L=London, C=GB], platformVersion=11, serial=1676462322344), owningKey=DLEuKFT2DQwCNyDfN5yghH4vQxCqWWXc7VZmhYK9DV92KP {}
[INFO ] 2023-02-15T11:58:42,456Z [Test worker] network.PersistentNetworkMapCache. - No previous node found for O=Mock Company 2, L=London, C=GB {}
[INFO ] 2023-02-15T11:58:42,466Z [Test worker] network.PersistentNetworkMapCache. - Adding node with info: NodeInfo(addresses=[mock.node:1000], legalIdentitiesAndCerts=[O=Mock Company 2, L=London, C=GB], platformVersion=11, serial=1676462322344), owningKey=DLEuKFT2DQwCNyDfN5yghH4vQxCqWWXc7VZmhYK9DV92KP {}
[INFO ] 2023-02-15T11:58:42,466Z [Test worker] network.PersistentNetworkMapCache. - Previous node was identical to incoming one - doing nothing {}
[INFO ] 2023-02-15T11:58:42,466Z [Test worker] network.PersistentNetworkMapCache. - Adding node with info: NodeInfo(addresses=[mock.node:1000], legalIdentitiesAndCerts=[O=Mock Company 2, L=London, C=GB], platformVersion=11, serial=1676462322344), owningKey=DLEuKFT2DQwCNyDfN5yghH4vQxCqWWXc7VZmhYK9DV92KP {}
[INFO ] 2023-02-15T11:58:42,466Z [Test worker] network.PersistentNetworkMapCache. - Previous node was identical to incoming one - doing nothing {}
[WARN ] 2023-02-15T11:58:42,748Z [Mock network] transactions.TransactionBuilder. - Signature constraints not available on network requiring a minimum platform version of 4. Current is: 1. {actor_id=Only For Testing, actor_owning_identity=O=Mock Company 1, L=London, C=GB, actor_store_id=TEST, fiber-id=10000001, flow-id=3c3781c6-ab30-46bc-b064-6cc394e0a67c, invocation_id=fd00450c-8453-402d-9859-965e26de80ff, invocation_timestamp=2023-02-15T11:58:42.526Z, origin=Only For Testing, session_id=fd00450c-8453-402d-9859-965e26de80ff, session_timestamp=2023-02-15T11:58:42.526Z, thread-id=329}
[WARN ] 2023-02-15T11:58:42,748Z [Mock network] transactions.TransactionBuilder. - Reverting back to using hash constraints for contract com.tutorial.contracts.TemplateContract {actor_id=Only For Testing, actor_owning_identity=O=Mock Company 1, L=London, C=GB, actor_store_id=TEST, fiber-id=10000001, flow-id=3c3781c6-ab30-46bc-b064-6cc394e0a67c, invocation_id=fd00450c-8453-402d-9859-965e26de80ff, invocation_timestamp=2023-02-15T11:58:42.526Z, origin=Only For Testing, session_id=fd00450c-8453-402d-9859-965e26de80ff, session_timestamp=2023-02-15T11:58:42.526Z, thread-id=329}
[INFO ] 2023-02-15T11:58:43,376Z [Mock network] corda.flow. - Received transaction acknowledgement request from party O=Mock Company 1, L=London, C=GB. {fiber-id=10000002, flow-id=9e347158-ed04-4aad-9ed2-9ff9bf0e9275, invocation_id=cf7ecbc1-ef4d-42b7-a2ec-508d80c9b593, invocation_timestamp=2023-02-15T11:58:43.314Z, origin=O=Mock Company 1, L=London, C=GB, session_id=cf7ecbc1-ef4d-42b7-a2ec-508d80c9b593, session_timestamp=2023-02-15T11:58:43.314Z, thread-id=329, tx_id=9DB9369C195A9E18EEA0F4192A7A63AB50C653A8EF3A5C6C77F73E0B56C9F493}
[INFO ] 2023-02-15T11:58:43,427Z [Mock network] corda.flow. - Transaction dependencies resolution completed. {fiber-id=10000002, flow-id=9e347158-ed04-4aad-9ed2-9ff9bf0e9275, invocation_id=cf7ecbc1-ef4d-42b7-a2ec-508d80c9b593, invocation_timestamp=2023-02-15T11:58:43.314Z, origin=O=Mock Company 1, L=London, C=GB, session_id=cf7ecbc1-ef4d-42b7-a2ec-508d80c9b593, session_timestamp=2023-02-15T11:58:43.314Z, thread-id=329, tx_id=9DB9369C195A9E18EEA0F4192A7A63AB50C653A8EF3A5C6C77F73E0B56C9F493}
[INFO ] 2023-02-15T11:58:43,550Z [Mock network] corda.flow. - No need to notarise this transaction. {actor_id=Only For Testing, actor_owning_identity=O=Mock Company 1, L=London, C=GB, actor_store_id=TEST, fiber-id=10000001, flow-id=3c3781c6-ab30-46bc-b064-6cc394e0a67c, invocation_id=fd00450c-8453-402d-9859-965e26de80ff, invocation_timestamp=2023-02-15T11:58:42.526Z, origin=Only For Testing, session_id=fd00450c-8453-402d-9859-965e26de80ff, session_timestamp=2023-02-15T11:58:42.526Z, thread-id=329, tx_id=9DB9369C195A9E18EEA0F4192A7A63AB50C653A8EF3A5C6C77F73E0B56C9F493}
[INFO ] 2023-02-15T11:58:43,550Z [Mock network] corda.flow. - Recording transaction locally. {actor_id=Only For Testing, actor_owning_identity=O=Mock Company 1, L=London, C=GB, actor_store_id=TEST, fiber-id=10000001, flow-id=3c3781c6-ab30-46bc-b064-6cc394e0a67c, invocation_id=fd00450c-8453-402d-9859-965e26de80ff, invocation_timestamp=2023-02-15T11:58:42.526Z, origin=Only For Testing, session_id=fd00450c-8453-402d-9859-965e26de80ff, session_timestamp=2023-02-15T11:58:42.526Z, thread-id=329, tx_id=9DB9369C195A9E18EEA0F4192A7A63AB50C653A8EF3A5C6C77F73E0B56C9F493}
[INFO ] 2023-02-15T11:58:43,643Z [Mock network] corda.flow. - Recorded transaction locally successfully. {actor_id=Only For Testing, actor_owning_identity=O=Mock Company 1, L=London, C=GB, actor_store_id=TEST, fiber-id=10000001, flow-id=3c3781c6-ab30-46bc-b064-6cc394e0a67c, invocation_id=fd00450c-8453-402d-9859-965e26de80ff, invocation_timestamp=2023-02-15T11:58:42.526Z, origin=Only For Testing, session_id=fd00450c-8453-402d-9859-965e26de80ff, session_timestamp=2023-02-15T11:58:42.526Z, thread-id=329, tx_id=9DB9369C195A9E18EEA0F4192A7A63AB50C653A8EF3A5C6C77F73E0B56C9F493}
[INFO ] 2023-02-15T11:58:43,666Z [Mock network] corda.flow. - Received transaction acknowledgement request from party O=Mock Company 1, L=London, C=GB. {fiber-id=10000002, flow-id=9e347158-ed04-4aad-9ed2-9ff9bf0e9275, invocation_id=cf7ecbc1-ef4d-42b7-a2ec-508d80c9b593, invocation_timestamp=2023-02-15T11:58:43.314Z, origin=O=Mock Company 1, L=London, C=GB, session_id=cf7ecbc1-ef4d-42b7-a2ec-508d80c9b593, session_timestamp=2023-02-15T11:58:43.314Z, thread-id=329, tx_id=9DB9369C195A9E18EEA0F4192A7A63AB50C653A8EF3A5C6C77F73E0B56C9F493}
[INFO ] 2023-02-15T11:58:43,675Z [Mock network] corda.flow. - Transaction dependencies resolution completed. {fiber-id=10000002, flow-id=9e347158-ed04-4aad-9ed2-9ff9bf0e9275, invocation_id=cf7ecbc1-ef4d-42b7-a2ec-508d80c9b593, invocation_timestamp=2023-02-15T11:58:43.314Z, origin=O=Mock Company 1, L=London, C=GB, session_id=cf7ecbc1-ef4d-42b7-a2ec-508d80c9b593, session_timestamp=2023-02-15T11:58:43.314Z, thread-id=329, tx_id=9DB9369C195A9E18EEA0F4192A7A63AB50C653A8EF3A5C6C77F73E0B56C9F493}
[INFO ] 2023-02-15T11:58:43,679Z [Mock network] corda.flow. - Successfully received fully signed tx. Sending it to the vault for processing. {fiber-id=10000002, flow-id=9e347158-ed04-4aad-9ed2-9ff9bf0e9275, invocation_id=cf7ecbc1-ef4d-42b7-a2ec-508d80c9b593, invocation_timestamp=2023-02-15T11:58:43.314Z, origin=O=Mock Company 1, L=London, C=GB, session_id=cf7ecbc1-ef4d-42b7-a2ec-508d80c9b593, session_timestamp=2023-02-15T11:58:43.314Z, thread-id=329, tx_id=9DB9369C195A9E18EEA0F4192A7A63AB50C653A8EF3A5C6C77F73E0B56C9F493}
[INFO ] 2023-02-15T11:58:43,688Z [Mock network] corda.flow. - Successfully recorded received transaction locally. {fiber-id=10000002, flow-id=9e347158-ed04-4aad-9ed2-9ff9bf0e9275, invocation_id=cf7ecbc1-ef4d-42b7-a2ec-508d80c9b593, invocation_timestamp=2023-02-15T11:58:43.314Z, origin=O=Mock Company 1, L=London, C=GB, session_id=cf7ecbc1-ef4d-42b7-a2ec-508d80c9b593, session_timestamp=2023-02-15T11:58:43.314Z, thread-id=329, tx_id=9DB9369C195A9E18EEA0F4192A7A63AB50C653A8EF3A5C6C77F73E0B56C9F493}
[INFO ] 2023-02-15T11:58:43,715Z [Mock network] corda.flow. - Party O=Mock Company 2, L=London, C=GB received the transaction. {actor_id=Only For Testing, actor_owning_identity=O=Mock Company 1, L=London, C=GB, actor_store_id=TEST, fiber-id=10000001, flow-id=3c3781c6-ab30-46bc-b064-6cc394e0a67c, invocation_id=fd00450c-8453-402d-9859-965e26de80ff, invocation_timestamp=2023-02-15T11:58:42.526Z, origin=Only For Testing, session_id=fd00450c-8453-402d-9859-965e26de80ff, session_timestamp=2023-02-15T11:58:42.526Z, thread-id=329, tx_id=9DB9369C195A9E18EEA0F4192A7A63AB50C653A8EF3A5C6C77F73E0B56C9F493}
[INFO ] 2023-02-15T11:58:43,715Z [Mock network] corda.flow. - All parties received the transaction successfully. {actor_id=Only For Testing, actor_owning_identity=O=Mock Company 1, L=London, C=GB, actor_store_id=TEST, fiber-id=10000001, flow-id=3c3781c6-ab30-46bc-b064-6cc394e0a67c, invocation_id=fd00450c-8453-402d-9859-965e26de80ff, invocation_timestamp=2023-02-15T11:58:42.526Z, origin=Only For Testing, session_id=fd00450c-8453-402d-9859-965e26de80ff, session_timestamp=2023-02-15T11:58:42.526Z, thread-id=329, tx_id=9DB9369C195A9E18EEA0F4192A7A63AB50C653A8EF3A5C6C77F73E0B56C9F493}
[INFO ] 2023-02-15T11:58:43,777Z [Test worker] persistence.CordaPersistence. - Closing HikariDataSource (HikariPool-1) {}
[INFO ] 2023-02-15T11:58:43,796Z [Test worker] internal.MockNodeMessagingService. - Status change to false {}
[INFO ] 2023-02-15T11:58:43,796Z [Test worker] internal.InternalMockNetwork$MockNode. - MessagingService active change to: false {}
[INFO ] 2023-02-15T11:58:43,800Z [Test worker] persistence.CordaPersistence. - Closing HikariDataSource (HikariPool-2) {}
[INFO ] 2023-02-15T11:58:43,813Z [Test worker] internal.MockNodeMessagingService. - Status change to false {}
[INFO ] 2023-02-15T11:58:43,813Z [Test worker] internal.InternalMockNetwork$MockNode. - MessagingService active change to: false {}
[INFO ] 2023-02-15T11:58:43,815Z [Test worker] persistence.CordaPersistence. - Closing HikariDataSource (HikariPool-3) {}
[INFO ] 2023-02-15T11:58:43,832Z [Test worker] internal.MockNodeMessagingService. - Status change to false {}
[INFO ] 2023-02-15T11:58:43,832Z [Test worker] internal.InternalMockNetwork$MockNode. - MessagingService active change to: false {}
[INFO ] 2023-02-15T11:58:43,930Z [Test worker] cordapp.JarScanningCordappLoader. - Looking for CorDapps in [build\mock-network\20230215-115843.836-F33B047F7A6D06FB\nodes\0\cordapps] {}
[INFO ] 2023-02-15T11:58:43,931Z [Test worker] cordapp.JarScanningCordappLoader. - Loading CorDapps from RestrictedURL(url=file:/C:/Users/Anvith/Dropbox/PC/Desktop/Work/Corda/samples-java/Basic/tutorial-applestamp/workflows/build/mock-network/20230215-115843.836-F33B047F7A6D06FB/nodes/0/cordapps/contracts-0.1.jar, rootPackageName=null), RestrictedURL(url=file:/C:/Users/Anvith/Dropbox/PC/Desktop/Work/Corda/samples-java/Basic/tutorial-applestamp/workflows/build/mock-network/20230215-115843.836-F33B047F7A6D06FB/nodes/0/cordapps/workflows-0.1.jar, rootPackageName=null) {}
[INFO ] 2023-02-15T11:58:43,931Z [Test worker] cordapp.JarScanningCordappLoader. - Scanning CorDapp in file:/C:/Users/Anvith/Dropbox/PC/Desktop/Work/Corda/samples-java/Basic/tutorial-applestamp/workflows/build/mock-network/20230215-115843.836-F33B047F7A6D06FB/nodes/0/cordapps/contracts-0.1.jar {}
[INFO ] 2023-02-15T11:58:43,940Z [Test worker] cordapp.JarScanningCordappLoader. - Scanning CorDapp in file:/C:/Users/Anvith/Dropbox/PC/Desktop/Work/Corda/samples-java/Basic/tutorial-applestamp/workflows/build/mock-network/20230215-115843.836-F33B047F7A6D06FB/nodes/0/cordapps/workflows-0.1.jar {}
[INFO ] 2023-02-15T11:58:43,966Z [Test worker] internal.InternalMockNetwork$MockNode. - MessagingService active change to: false {}
[INFO ] 2023-02-15T11:58:43,966Z [Test worker] internal.InternalMockNetwork$MockNode. - Flow external operation executor has a max of 2 threads {}
[INFO ] 2023-02-15T11:58:43,968Z [Test worker] internal.InternalMockNetwork$MockNode. - Node starting up ... {}
[INFO ] 2023-02-15T11:58:43,971Z [Test worker] internal.KeyStoreHandler. - Loaded trusted root certificate: DL7fwxLm5xbiMD8adUuYTsPZHAict46Ng4w6RNcySt5vAw, alias: cordarootca {}
[INFO ] 2023-02-15T11:58:43,972Z [Test worker] internal.KeyStoreHandler. - Loaded node identity key: DLSWRb8e2UQvMqdQYyyqnEURNkwGsZiFsL8wWSdEEEXaM, alias: identity-private-key {}
[INFO ] 2023-02-15T11:58:43,978Z [Test worker] internal.NodeFlowManager. - Registered com.tutorial.flows.CreateAndIssueAppleStamp$CreateAndIssueAppleStampInitiator to initiate com.tutorial.flows.CreateAndIssueAppleStamp$CreateAndIssueAppleStampResponder (version 1) {}
[INFO ] 2023-02-15T11:58:43,978Z [Test worker] internal.NodeFlowManager. - Registered com.tutorial.flows.RedeemApples$RedeemApplesInitiator to initiate com.tutorial.flows.RedeemApples$RedeemApplesResponder (version 1) {}
[INFO ] 2023-02-15T11:58:43,979Z [Test worker] internal.NodeFlowManager. - Registered com.tutorial.flows.TemplateInitiator to initiate com.tutorial.flows.TemplateResponder (version 1) {}
[INFO ] 2023-02-15T11:58:43,984Z [Test worker] internal.InternalMockNetwork$MockNode. - Loaded network parameters: NetworkParameters {
      minimumPlatformVersion=1
      notaries=[NotaryInfo(identity=O=Notary, L=London, C=GB, validating=true)]
      maxMessageSize=10485760
      maxTransactionSize=524288000
      whitelistedContractImplementations {
        
      }
      eventHorizon=PT720H
      packageOwnership {
        
      }
      modifiedTime=2023-02-15T11:58:43.836Z
      epoch=1
  } {}
[INFO ] 2023-02-15T11:58:44,524Z [Test worker] internal.InternalMockNetwork$MockNode. - Connected to H2 database. {}
[INFO ] 2023-02-15T11:58:44,526Z [Test worker] persistence.HibernateConfiguration. - Init HibernateConfiguration for schemas: [CommonSchemaV1(name=net.corda.core.schemas.CommonSchema, version=1), VaultSchemaV1(name=net.corda.node.services.vault.VaultSchema, version=1), NodeInfoSchemaV1(name=net.corda.node.internal.schemas.NodeInfoSchema, version=1), NodeCoreV1(name=net.corda.node.services.schema.NodeSchemaService$NodeCore, version=1), JPANotarySchemaV1(name=net.corda.notary.jpa.JPANotarySchema, version=1)] {}
[INFO ] 2023-02-15T11:58:44,526Z [Test worker] factory.BaseSessionFactoryFactory. - Creating session factory for schemas: [CommonSchemaV1(name=net.corda.core.schemas.CommonSchema, version=1), VaultSchemaV1(name=net.corda.node.services.vault.VaultSchema, version=1), NodeInfoSchemaV1(name=net.corda.node.internal.schemas.NodeInfoSchema, version=1), NodeCoreV1(name=net.corda.node.services.schema.NodeSchemaService$NodeCore, version=1), JPANotarySchemaV1(name=net.corda.notary.jpa.JPANotarySchema, version=1)] {}
[INFO ] 2023-02-15T11:58:44,688Z [Test worker] factory.BaseSessionFactoryFactory. - Created session factory for schemas: [CommonSchemaV1(name=net.corda.core.schemas.CommonSchema, version=1), VaultSchemaV1(name=net.corda.node.services.vault.VaultSchema, version=1), NodeInfoSchemaV1(name=net.corda.node.internal.schemas.NodeInfoSchema, version=1), NodeCoreV1(name=net.corda.node.services.schema.NodeSchemaService$NodeCore, version=1), JPANotarySchemaV1(name=net.corda.notary.jpa.JPANotarySchema, version=1)] {}
[INFO ] 2023-02-15T11:58:44,693Z [Test worker] internal.InternalMockNetwork$MockNode. - Node-info has changed so submitting update. Old node-info was null {}
[INFO ] 2023-02-15T11:58:44,697Z [Test worker] network.PersistentNetworkMapCache. - Adding node with info: NodeInfo(addresses=[mock.node:1000], legalIdentitiesAndCerts=[O=Notary, L=London, C=GB], platformVersion=11, serial=1676462324693), owningKey=DLSWRb8e2UQvMqdQYyyqnEURNkwGsZiFsL8wWSdEEEXaM {}
[INFO ] 2023-02-15T11:58:44,697Z [Test worker] network.PersistentNetworkMapCache. - No previous node found for O=Notary, L=London, C=GB {}
[INFO ] 2023-02-15T11:58:44,715Z [Test worker] internal.InternalMockNetwork$MockNode. - New node-info: NodeInfo(addresses=[mock.node:1000], legalIdentitiesAndCerts=[O=Notary, L=London, C=GB], platformVersion=11, serial=1676462324693) {}
[INFO ] 2023-02-15T11:58:44,726Z [Test worker] network.NetworkMapUpdater. - Auto-accept enabled for network parameter changes which modify only: [epoch, modifiedTime, packageOwnership, whitelistedContractImplementations] {}
[INFO ] 2023-02-15T11:58:44,726Z [Test worker] internal.MockNodeMessagingService. - Status change to true {}
[INFO ] 2023-02-15T11:58:44,726Z [Test worker] internal.InternalMockNetwork$MockNode. - MessagingService active change to: true {}
[INFO ] 2023-02-15T11:58:44,738Z [MockNode-4-2] network.PersistentNetworkMapCache. - Adding node with info: NodeInfo(addresses=[mock.node:1000], legalIdentitiesAndCerts=[O=Notary, L=London, C=GB], platformVersion=11, serial=1676462324693), owningKey=DLSWRb8e2UQvMqdQYyyqnEURNkwGsZiFsL8wWSdEEEXaM {}
[INFO ] 2023-02-15T11:58:44,738Z [MockNode-4-2] network.PersistentNetworkMapCache. - Previous node was identical to incoming one - doing nothing {}
[INFO ] 2023-02-15T11:58:44,778Z [Test worker] persistence.NodeAttachmentService. - Stored new attachment: id=07E0AC0F4965C91DB66A0F6C4BD137B8780D5CE985AFC1D70AA090C6AF693143 uploader=app filename=4.8LTS Tutorial Contracts {}
[INFO ] 2023-02-15T11:58:44,781Z [Test worker] utilities.NotaryLoader. - Starting notary service: class net.corda.notary.jpa.JPANotaryService {}
[INFO ] 2023-02-15T11:58:44,799Z [Test worker] statemachine.SingleThreadedStateMachineManager. - Node ready, info: NodeInfo(addresses=[mock.node:1000], legalIdentitiesAndCerts=[O=Notary, L=London, C=GB], platformVersion=11, serial=1676462324693) {}
[INFO ] 2023-02-15T11:58:44,799Z [Test worker] network.PersistentNetworkMapCache. - Adding node with info: NodeInfo(addresses=[mock.node:1000], legalIdentitiesAndCerts=[O=Notary, L=London, C=GB], platformVersion=11, serial=1676462324693), owningKey=DLSWRb8e2UQvMqdQYyyqnEURNkwGsZiFsL8wWSdEEEXaM {}
[INFO ] 2023-02-15T11:58:44,799Z [Test worker] network.PersistentNetworkMapCache. - Previous node was identical to incoming one - doing nothing {}
[INFO ] 2023-02-15T11:58:44,800Z [Test worker] network.PersistentNetworkMapCache. - Adding node with info: NodeInfo(addresses=[mock.node:1000], legalIdentitiesAndCerts=[O=Notary, L=London, C=GB], platformVersion=11, serial=1676462324693), owningKey=DLSWRb8e2UQvMqdQYyyqnEURNkwGsZiFsL8wWSdEEEXaM {}
[INFO ] 2023-02-15T11:58:44,800Z [Test worker] network.PersistentNetworkMapCache. - Previous node was identical to incoming one - doing nothing {}
[INFO ] 2023-02-15T11:58:44,813Z [Test worker] cordapp.JarScanningCordappLoader. - Looking for CorDapps in [build\mock-network\20230215-115843.836-F33B047F7A6D06FB\nodes\1\cordapps] {}
[INFO ] 2023-02-15T11:58:44,814Z [Test worker] cordapp.JarScanningCordappLoader. - Loading CorDapps from RestrictedURL(url=file:/C:/Users/Anvith/Dropbox/PC/Desktop/Work/Corda/samples-java/Basic/tutorial-applestamp/workflows/build/mock-network/20230215-115843.836-F33B047F7A6D06FB/nodes/1/cordapps/contracts-0.1.jar, rootPackageName=null), RestrictedURL(url=file:/C:/Users/Anvith/Dropbox/PC/Desktop/Work/Corda/samples-java/Basic/tutorial-applestamp/workflows/build/mock-network/20230215-115843.836-F33B047F7A6D06FB/nodes/1/cordapps/workflows-0.1.jar, rootPackageName=null) {}
[INFO ] 2023-02-15T11:58:44,814Z [Test worker] cordapp.JarScanningCordappLoader. - Scanning CorDapp in file:/C:/Users/Anvith/Dropbox/PC/Desktop/Work/Corda/samples-java/Basic/tutorial-applestamp/workflows/build/mock-network/20230215-115843.836-F33B047F7A6D06FB/nodes/1/cordapps/contracts-0.1.jar {}
[INFO ] 2023-02-15T11:58:44,822Z [Test worker] cordapp.JarScanningCordappLoader. - Scanning CorDapp in file:/C:/Users/Anvith/Dropbox/PC/Desktop/Work/Corda/samples-java/Basic/tutorial-applestamp/workflows/build/mock-network/20230215-115843.836-F33B047F7A6D06FB/nodes/1/cordapps/workflows-0.1.jar {}
[INFO ] 2023-02-15T11:58:44,856Z [Test worker] internal.InternalMockNetwork$MockNode. - MessagingService active change to: false {}
[INFO ] 2023-02-15T11:58:44,857Z [Test worker] internal.InternalMockNetwork$MockNode. - Flow external operation executor has a max of 2 threads {}
[INFO ] 2023-02-15T11:58:44,859Z [Test worker] internal.InternalMockNetwork$MockNode. - Node starting up ... {}
[INFO ] 2023-02-15T11:58:44,905Z [Test worker] internal.KeyStoreHandler. - Loaded trusted root certificate: DL7fwxLm5xbiMD8adUuYTsPZHAict46Ng4w6RNcySt5vAw, alias: cordarootca {}
[INFO ] 2023-02-15T11:58:44,905Z [Test worker] internal.KeyStoreHandler. - Loaded node identity key: DLFoUFxRMGspvivL8rCC6zrZKxpmviVNaf88bLvrJDas6s, alias: identity-private-key {}
[INFO ] 2023-02-15T11:58:44,918Z [Test worker] internal.NodeFlowManager. - Registered com.tutorial.flows.CreateAndIssueAppleStamp$CreateAndIssueAppleStampInitiator to initiate com.tutorial.flows.CreateAndIssueAppleStamp$CreateAndIssueAppleStampResponder (version 1) {}
[INFO ] 2023-02-15T11:58:44,918Z [Test worker] internal.NodeFlowManager. - Registered com.tutorial.flows.RedeemApples$RedeemApplesInitiator to initiate com.tutorial.flows.RedeemApples$RedeemApplesResponder (version 1) {}
[INFO ] 2023-02-15T11:58:44,918Z [Test worker] internal.NodeFlowManager. - Registered com.tutorial.flows.TemplateInitiator to initiate com.tutorial.flows.TemplateResponder (version 1) {}
[INFO ] 2023-02-15T11:58:44,920Z [Test worker] internal.InternalMockNetwork$MockNode. - Loaded network parameters: NetworkParameters {
      minimumPlatformVersion=1
      notaries=[NotaryInfo(identity=O=Notary, L=London, C=GB, validating=true)]
      maxMessageSize=10485760
      maxTransactionSize=524288000
      whitelistedContractImplementations {
        
      }
      eventHorizon=PT720H
      packageOwnership {
        
      }
      modifiedTime=2023-02-15T11:58:43.836Z
      epoch=1
  } {}
[INFO ] 2023-02-15T11:58:45,310Z [Test worker] internal.InternalMockNetwork$MockNode. - Connected to H2 database. {}
[INFO ] 2023-02-15T11:58:45,312Z [Test worker] persistence.HibernateConfiguration. - Init HibernateConfiguration for schemas: [CommonSchemaV1(name=net.corda.core.schemas.CommonSchema, version=1), VaultSchemaV1(name=net.corda.node.services.vault.VaultSchema, version=1), NodeInfoSchemaV1(name=net.corda.node.internal.schemas.NodeInfoSchema, version=1), NodeCoreV1(name=net.corda.node.services.schema.NodeSchemaService$NodeCore, version=1)] {}
[INFO ] 2023-02-15T11:58:45,312Z [Test worker] factory.BaseSessionFactoryFactory. - Creating session factory for schemas: [CommonSchemaV1(name=net.corda.core.schemas.CommonSchema, version=1), VaultSchemaV1(name=net.corda.node.services.vault.VaultSchema, version=1), NodeInfoSchemaV1(name=net.corda.node.internal.schemas.NodeInfoSchema, version=1), NodeCoreV1(name=net.corda.node.services.schema.NodeSchemaService$NodeCore, version=1)] {}
[INFO ] 2023-02-15T11:58:45,437Z [Test worker] factory.BaseSessionFactoryFactory. - Created session factory for schemas: [CommonSchemaV1(name=net.corda.core.schemas.CommonSchema, version=1), VaultSchemaV1(name=net.corda.node.services.vault.VaultSchema, version=1), NodeInfoSchemaV1(name=net.corda.node.internal.schemas.NodeInfoSchema, version=1), NodeCoreV1(name=net.corda.node.services.schema.NodeSchemaService$NodeCore, version=1)] {}
[INFO ] 2023-02-15T11:58:45,441Z [Test worker] internal.InternalMockNetwork$MockNode. - Node-info has changed so submitting update. Old node-info was null {}
[INFO ] 2023-02-15T11:58:45,444Z [Test worker] network.PersistentNetworkMapCache. - Adding node with info: NodeInfo(addresses=[mock.node:1000], legalIdentitiesAndCerts=[O=Mock Company 1, L=London, C=GB], platformVersion=11, serial=1676462325441), owningKey=DLFoUFxRMGspvivL8rCC6zrZKxpmviVNaf88bLvrJDas6s {}
[INFO ] 2023-02-15T11:58:45,444Z [Test worker] network.PersistentNetworkMapCache. - No previous node found for O=Mock Company 1, L=London, C=GB {}
[INFO ] 2023-02-15T11:58:45,453Z [Test worker] internal.InternalMockNetwork$MockNode. - New node-info: NodeInfo(addresses=[mock.node:1000], legalIdentitiesAndCerts=[O=Mock Company 1, L=London, C=GB], platformVersion=11, serial=1676462325441) {}
[INFO ] 2023-02-15T11:58:45,471Z [Test worker] network.NetworkMapUpdater. - Auto-accept enabled for network parameter changes which modify only: [epoch, modifiedTime, packageOwnership, whitelistedContractImplementations] {}
[INFO ] 2023-02-15T11:58:45,472Z [Test worker] internal.MockNodeMessagingService. - Status change to true {}
[INFO ] 2023-02-15T11:58:45,472Z [Test worker] internal.InternalMockNetwork$MockNode. - MessagingService active change to: true {}
[INFO ] 2023-02-15T11:58:45,480Z [MockNode-5-2] network.PersistentNetworkMapCache. - Adding node with info: NodeInfo(addresses=[mock.node:1000], legalIdentitiesAndCerts=[O=Mock Company 1, L=London, C=GB], platformVersion=11, serial=1676462325441), owningKey=DLFoUFxRMGspvivL8rCC6zrZKxpmviVNaf88bLvrJDas6s {}
[INFO ] 2023-02-15T11:58:45,480Z [MockNode-5-2] network.PersistentNetworkMapCache. - Previous node was identical to incoming one - doing nothing {}
[INFO ] 2023-02-15T11:58:45,510Z [Test worker] persistence.NodeAttachmentService. - Stored new attachment: id=07E0AC0F4965C91DB66A0F6C4BD137B8780D5CE985AFC1D70AA090C6AF693143 uploader=app filename=4.8LTS Tutorial Contracts {}
[INFO ] 2023-02-15T11:58:45,528Z [Test worker] statemachine.SingleThreadedStateMachineManager. - Node ready, info: NodeInfo(addresses=[mock.node:1000], legalIdentitiesAndCerts=[O=Mock Company 1, L=London, C=GB], platformVersion=11, serial=1676462325441) {}
[INFO ] 2023-02-15T11:58:45,530Z [Test worker] network.PersistentNetworkMapCache. - Adding node with info: NodeInfo(addresses=[mock.node:1000], legalIdentitiesAndCerts=[O=Notary, L=London, C=GB], platformVersion=11, serial=1676462324693), owningKey=DLSWRb8e2UQvMqdQYyyqnEURNkwGsZiFsL8wWSdEEEXaM {}
[INFO ] 2023-02-15T11:58:45,530Z [Test worker] network.PersistentNetworkMapCache. - No previous node found for O=Notary, L=London, C=GB {}
[INFO ] 2023-02-15T11:58:45,540Z [Test worker] network.PersistentNetworkMapCache. - Adding node with info: NodeInfo(addresses=[mock.node:1000], legalIdentitiesAndCerts=[O=Mock Company 1, L=London, C=GB], platformVersion=11, serial=1676462325441), owningKey=DLFoUFxRMGspvivL8rCC6zrZKxpmviVNaf88bLvrJDas6s {}
[INFO ] 2023-02-15T11:58:45,540Z [Test worker] network.PersistentNetworkMapCache. - No previous node found for O=Mock Company 1, L=London, C=GB {}
[INFO ] 2023-02-15T11:58:45,548Z [Test worker] network.PersistentNetworkMapCache. - Adding node with info: NodeInfo(addresses=[mock.node:1000], legalIdentitiesAndCerts=[O=Mock Company 1, L=London, C=GB], platformVersion=11, serial=1676462325441), owningKey=DLFoUFxRMGspvivL8rCC6zrZKxpmviVNaf88bLvrJDas6s {}
[INFO ] 2023-02-15T11:58:45,548Z [Test worker] network.PersistentNetworkMapCache. - Previous node was identical to incoming one - doing nothing {}
[INFO ] 2023-02-15T11:58:45,549Z [Test worker] network.PersistentNetworkMapCache. - Adding node with info: NodeInfo(addresses=[mock.node:1000], legalIdentitiesAndCerts=[O=Mock Company 1, L=London, C=GB], platformVersion=11, serial=1676462325441), owningKey=DLFoUFxRMGspvivL8rCC6zrZKxpmviVNaf88bLvrJDas6s {}
[INFO ] 2023-02-15T11:58:45,549Z [Test worker] network.PersistentNetworkMapCache. - Previous node was identical to incoming one - doing nothing {}
[INFO ] 2023-02-15T11:58:45,557Z [Test worker] cordapp.JarScanningCordappLoader. - Looking for CorDapps in [build\mock-network\20230215-115843.836-F33B047F7A6D06FB\nodes\2\cordapps] {}
[INFO ] 2023-02-15T11:58:45,557Z [Test worker] cordapp.JarScanningCordappLoader. - Loading CorDapps from RestrictedURL(url=file:/C:/Users/Anvith/Dropbox/PC/Desktop/Work/Corda/samples-java/Basic/tutorial-applestamp/workflows/build/mock-network/20230215-115843.836-F33B047F7A6D06FB/nodes/2/cordapps/contracts-0.1.jar, rootPackageName=null), RestrictedURL(url=file:/C:/Users/Anvith/Dropbox/PC/Desktop/Work/Corda/samples-java/Basic/tutorial-applestamp/workflows/build/mock-network/20230215-115843.836-F33B047F7A6D06FB/nodes/2/cordapps/workflows-0.1.jar, rootPackageName=null) {}
[INFO ] 2023-02-15T11:58:45,557Z [Test worker] cordapp.JarScanningCordappLoader. - Scanning CorDapp in file:/C:/Users/Anvith/Dropbox/PC/Desktop/Work/Corda/samples-java/Basic/tutorial-applestamp/workflows/build/mock-network/20230215-115843.836-F33B047F7A6D06FB/nodes/2/cordapps/contracts-0.1.jar {}
[INFO ] 2023-02-15T11:58:45,565Z [Test worker] cordapp.JarScanningCordappLoader. - Scanning CorDapp in file:/C:/Users/Anvith/Dropbox/PC/Desktop/Work/Corda/samples-java/Basic/tutorial-applestamp/workflows/build/mock-network/20230215-115843.836-F33B047F7A6D06FB/nodes/2/cordapps/workflows-0.1.jar {}
[INFO ] 2023-02-15T11:58:45,591Z [Test worker] internal.InternalMockNetwork$MockNode. - MessagingService active change to: false {}
[INFO ] 2023-02-15T11:58:45,592Z [Test worker] internal.InternalMockNetwork$MockNode. - Flow external operation executor has a max of 2 threads {}
[INFO ] 2023-02-15T11:58:45,594Z [Test worker] internal.InternalMockNetwork$MockNode. - Node starting up ... {}
[INFO ] 2023-02-15T11:58:45,632Z [Test worker] internal.KeyStoreHandler. - Loaded trusted root certificate: DL7fwxLm5xbiMD8adUuYTsPZHAict46Ng4w6RNcySt5vAw, alias: cordarootca {}
[INFO ] 2023-02-15T11:58:45,632Z [Test worker] internal.KeyStoreHandler. - Loaded node identity key: DL9CeAJczy4kL83eRjyJWFc99cswJT9vEzz9M8vE1U33o5, alias: identity-private-key {}
[INFO ] 2023-02-15T11:58:45,638Z [Test worker] internal.NodeFlowManager. - Registered com.tutorial.flows.CreateAndIssueAppleStamp$CreateAndIssueAppleStampInitiator to initiate com.tutorial.flows.CreateAndIssueAppleStamp$CreateAndIssueAppleStampResponder (version 1) {}
[INFO ] 2023-02-15T11:58:45,638Z [Test worker] internal.NodeFlowManager. - Registered com.tutorial.flows.RedeemApples$RedeemApplesInitiator to initiate com.tutorial.flows.RedeemApples$RedeemApplesResponder (version 1) {}
[INFO ] 2023-02-15T11:58:45,638Z [Test worker] internal.NodeFlowManager. - Registered com.tutorial.flows.TemplateInitiator to initiate com.tutorial.flows.TemplateResponder (version 1) {}
[INFO ] 2023-02-15T11:58:45,640Z [Test worker] internal.InternalMockNetwork$MockNode. - Loaded network parameters: NetworkParameters {
      minimumPlatformVersion=1
      notaries=[NotaryInfo(identity=O=Notary, L=London, C=GB, validating=true)]
      maxMessageSize=10485760
      maxTransactionSize=524288000
      whitelistedContractImplementations {
        
      }
      eventHorizon=PT720H
      packageOwnership {
        
      }
      modifiedTime=2023-02-15T11:58:43.836Z
      epoch=1
  } {}
[INFO ] 2023-02-15T11:58:46,021Z [Test worker] internal.InternalMockNetwork$MockNode. - Connected to H2 database. {}
[INFO ] 2023-02-15T11:58:46,023Z [Test worker] persistence.HibernateConfiguration. - Init HibernateConfiguration for schemas: [CommonSchemaV1(name=net.corda.core.schemas.CommonSchema, version=1), VaultSchemaV1(name=net.corda.node.services.vault.VaultSchema, version=1), NodeInfoSchemaV1(name=net.corda.node.internal.schemas.NodeInfoSchema, version=1), NodeCoreV1(name=net.corda.node.services.schema.NodeSchemaService$NodeCore, version=1)] {}
[INFO ] 2023-02-15T11:58:46,023Z [Test worker] factory.BaseSessionFactoryFactory. - Creating session factory for schemas: [CommonSchemaV1(name=net.corda.core.schemas.CommonSchema, version=1), VaultSchemaV1(name=net.corda.node.services.vault.VaultSchema, version=1), NodeInfoSchemaV1(name=net.corda.node.internal.schemas.NodeInfoSchema, version=1), NodeCoreV1(name=net.corda.node.services.schema.NodeSchemaService$NodeCore, version=1)] {}
[INFO ] 2023-02-15T11:58:46,115Z [Test worker] factory.BaseSessionFactoryFactory. - Created session factory for schemas: [CommonSchemaV1(name=net.corda.core.schemas.CommonSchema, version=1), VaultSchemaV1(name=net.corda.node.services.vault.VaultSchema, version=1), NodeInfoSchemaV1(name=net.corda.node.internal.schemas.NodeInfoSchema, version=1), NodeCoreV1(name=net.corda.node.services.schema.NodeSchemaService$NodeCore, version=1)] {}
[INFO ] 2023-02-15T11:58:46,121Z [Test worker] internal.InternalMockNetwork$MockNode. - Node-info has changed so submitting update. Old node-info was null {}
[INFO ] 2023-02-15T11:58:46,124Z [Test worker] network.PersistentNetworkMapCache. - Adding node with info: NodeInfo(addresses=[mock.node:1000], legalIdentitiesAndCerts=[O=Mock Company 2, L=London, C=GB], platformVersion=11, serial=1676462326121), owningKey=DL9CeAJczy4kL83eRjyJWFc99cswJT9vEzz9M8vE1U33o5 {}
[INFO ] 2023-02-15T11:58:46,124Z [Test worker] network.PersistentNetworkMapCache. - No previous node found for O=Mock Company 2, L=London, C=GB {}
[INFO ] 2023-02-15T11:58:46,130Z [Test worker] internal.InternalMockNetwork$MockNode. - New node-info: NodeInfo(addresses=[mock.node:1000], legalIdentitiesAndCerts=[O=Mock Company 2, L=London, C=GB], platformVersion=11, serial=1676462326121) {}
[INFO ] 2023-02-15T11:58:46,135Z [Test worker] network.NetworkMapUpdater. - Auto-accept enabled for network parameter changes which modify only: [epoch, modifiedTime, packageOwnership, whitelistedContractImplementations] {}
[INFO ] 2023-02-15T11:58:46,135Z [Test worker] internal.MockNodeMessagingService. - Status change to true {}
[INFO ] 2023-02-15T11:58:46,135Z [Test worker] internal.InternalMockNetwork$MockNode. - MessagingService active change to: true {}
[INFO ] 2023-02-15T11:58:46,142Z [MockNode-6-2] network.PersistentNetworkMapCache. - Adding node with info: NodeInfo(addresses=[mock.node:1000], legalIdentitiesAndCerts=[O=Mock Company 2, L=London, C=GB], platformVersion=11, serial=1676462326121), owningKey=DL9CeAJczy4kL83eRjyJWFc99cswJT9vEzz9M8vE1U33o5 {}
[INFO ] 2023-02-15T11:58:46,142Z [MockNode-6-2] network.PersistentNetworkMapCache. - Previous node was identical to incoming one - doing nothing {}
[INFO ] 2023-02-15T11:58:46,173Z [Test worker] persistence.NodeAttachmentService. - Stored new attachment: id=07E0AC0F4965C91DB66A0F6C4BD137B8780D5CE985AFC1D70AA090C6AF693143 uploader=app filename=4.8LTS Tutorial Contracts {}
[INFO ] 2023-02-15T11:58:46,189Z [Test worker] statemachine.SingleThreadedStateMachineManager. - Node ready, info: NodeInfo(addresses=[mock.node:1000], legalIdentitiesAndCerts=[O=Mock Company 2, L=London, C=GB], platformVersion=11, serial=1676462326121) {}
[INFO ] 2023-02-15T11:58:46,191Z [Test worker] network.PersistentNetworkMapCache. - Adding node with info: NodeInfo(addresses=[mock.node:1000], legalIdentitiesAndCerts=[O=Notary, L=London, C=GB], platformVersion=11, serial=1676462324693), owningKey=DLSWRb8e2UQvMqdQYyyqnEURNkwGsZiFsL8wWSdEEEXaM {}
[INFO ] 2023-02-15T11:58:46,191Z [Test worker] network.PersistentNetworkMapCache. - No previous node found for O=Notary, L=London, C=GB {}
[INFO ] 2023-02-15T11:58:46,203Z [Test worker] network.PersistentNetworkMapCache. - Adding node with info: NodeInfo(addresses=[mock.node:1000], legalIdentitiesAndCerts=[O=Mock Company 2, L=London, C=GB], platformVersion=11, serial=1676462326121), owningKey=DL9CeAJczy4kL83eRjyJWFc99cswJT9vEzz9M8vE1U33o5 {}
[INFO ] 2023-02-15T11:58:46,203Z [Test worker] network.PersistentNetworkMapCache. - No previous node found for O=Mock Company 2, L=London, C=GB {}
[INFO ] 2023-02-15T11:58:46,214Z [Test worker] network.PersistentNetworkMapCache. - Adding node with info: NodeInfo(addresses=[mock.node:1000], legalIdentitiesAndCerts=[O=Mock Company 1, L=London, C=GB], platformVersion=11, serial=1676462325441), owningKey=DLFoUFxRMGspvivL8rCC6zrZKxpmviVNaf88bLvrJDas6s {}
[INFO ] 2023-02-15T11:58:46,214Z [Test worker] network.PersistentNetworkMapCache. - No previous node found for O=Mock Company 1, L=London, C=GB {}
[INFO ] 2023-02-15T11:58:46,225Z [Test worker] network.PersistentNetworkMapCache. - Adding node with info: NodeInfo(addresses=[mock.node:1000], legalIdentitiesAndCerts=[O=Mock Company 2, L=London, C=GB], platformVersion=11, serial=1676462326121), owningKey=DL9CeAJczy4kL83eRjyJWFc99cswJT9vEzz9M8vE1U33o5 {}
[INFO ] 2023-02-15T11:58:46,225Z [Test worker] network.PersistentNetworkMapCache. - No previous node found for O=Mock Company 2, L=London, C=GB {}
[INFO ] 2023-02-15T11:58:46,235Z [Test worker] network.PersistentNetworkMapCache. - Adding node with info: NodeInfo(addresses=[mock.node:1000], legalIdentitiesAndCerts=[O=Mock Company 2, L=London, C=GB], platformVersion=11, serial=1676462326121), owningKey=DL9CeAJczy4kL83eRjyJWFc99cswJT9vEzz9M8vE1U33o5 {}
[INFO ] 2023-02-15T11:58:46,235Z [Test worker] network.PersistentNetworkMapCache. - Previous node was identical to incoming one - doing nothing {}
[INFO ] 2023-02-15T11:58:46,235Z [Test worker] network.PersistentNetworkMapCache. - Adding node with info: NodeInfo(addresses=[mock.node:1000], legalIdentitiesAndCerts=[O=Mock Company 2, L=London, C=GB], platformVersion=11, serial=1676462326121), owningKey=DL9CeAJczy4kL83eRjyJWFc99cswJT9vEzz9M8vE1U33o5 {}
[INFO ] 2023-02-15T11:58:46,235Z [Test worker] network.PersistentNetworkMapCache. - Previous node was identical to incoming one - doing nothing {}
[WARN ] 2023-02-15T11:58:46,258Z [Mock network] transactions.TransactionBuilder. - Reverting back to using hash constraints for contract com.tutorial.contracts.AppleStampContract {actor_id=Only For Testing, actor_owning_identity=O=Mock Company 1, L=London, C=GB, actor_store_id=TEST, fiber-id=10000003, flow-id=0dbe017d-67c5-4572-8fc5-0fb4c07e422d, invocation_id=3e1e4308-7143-444c-9738-b6744d75d82b, invocation_timestamp=2023-02-15T11:58:46.237Z, origin=Only For Testing, session_id=3e1e4308-7143-444c-9738-b6744d75d82b, session_timestamp=2023-02-15T11:58:46.237Z, thread-id=640}
[INFO ] 2023-02-15T11:58:46,403Z [Mock network] corda.flow. - Received transaction acknowledgement request from party O=Mock Company 1, L=London, C=GB. {fiber-id=10000004, flow-id=addd6054-fdeb-4dba-bfd6-796c49bb19c4, invocation_id=f45de619-f3e9-438c-8120-a8c6376bf1bb, invocation_timestamp=2023-02-15T11:58:46.380Z, origin=O=Mock Company 1, L=London, C=GB, session_id=f45de619-f3e9-438c-8120-a8c6376bf1bb, session_timestamp=2023-02-15T11:58:46.380Z, thread-id=640, tx_id=98CB042176F538CDDBAAC7C4EDE8C72CF4CE6141D9F144E1DDA1B02D1F2954B7}
[INFO ] 2023-02-15T11:58:46,413Z [Mock network] corda.flow. - Transaction dependencies resolution completed. {fiber-id=10000004, flow-id=addd6054-fdeb-4dba-bfd6-796c49bb19c4, invocation_id=f45de619-f3e9-438c-8120-a8c6376bf1bb, invocation_timestamp=2023-02-15T11:58:46.380Z, origin=O=Mock Company 1, L=London, C=GB, session_id=f45de619-f3e9-438c-8120-a8c6376bf1bb, session_timestamp=2023-02-15T11:58:46.380Z, thread-id=640, tx_id=98CB042176F538CDDBAAC7C4EDE8C72CF4CE6141D9F144E1DDA1B02D1F2954B7}
[INFO ] 2023-02-15T11:58:46,511Z [Mock network] corda.flow. - No need to notarise this transaction. {actor_id=Only For Testing, actor_owning_identity=O=Mock Company 1, L=London, C=GB, actor_store_id=TEST, fiber-id=10000003, flow-id=0dbe017d-67c5-4572-8fc5-0fb4c07e422d, invocation_id=3e1e4308-7143-444c-9738-b6744d75d82b, invocation_timestamp=2023-02-15T11:58:46.237Z, origin=Only For Testing, session_id=3e1e4308-7143-444c-9738-b6744d75d82b, session_timestamp=2023-02-15T11:58:46.237Z, thread-id=640, tx_id=98CB042176F538CDDBAAC7C4EDE8C72CF4CE6141D9F144E1DDA1B02D1F2954B7}
[INFO ] 2023-02-15T11:58:46,511Z [Mock network] corda.flow. - Recording transaction locally. {actor_id=Only For Testing, actor_owning_identity=O=Mock Company 1, L=London, C=GB, actor_store_id=TEST, fiber-id=10000003, flow-id=0dbe017d-67c5-4572-8fc5-0fb4c07e422d, invocation_id=3e1e4308-7143-444c-9738-b6744d75d82b, invocation_timestamp=2023-02-15T11:58:46.237Z, origin=Only For Testing, session_id=3e1e4308-7143-444c-9738-b6744d75d82b, session_timestamp=2023-02-15T11:58:46.237Z, thread-id=640, tx_id=98CB042176F538CDDBAAC7C4EDE8C72CF4CE6141D9F144E1DDA1B02D1F2954B7}
[INFO ] 2023-02-15T11:58:46,531Z [Mock network] corda.flow. - Recorded transaction locally successfully. {actor_id=Only For Testing, actor_owning_identity=O=Mock Company 1, L=London, C=GB, actor_store_id=TEST, fiber-id=10000003, flow-id=0dbe017d-67c5-4572-8fc5-0fb4c07e422d, invocation_id=3e1e4308-7143-444c-9738-b6744d75d82b, invocation_timestamp=2023-02-15T11:58:46.237Z, origin=Only For Testing, session_id=3e1e4308-7143-444c-9738-b6744d75d82b, session_timestamp=2023-02-15T11:58:46.237Z, thread-id=640, tx_id=98CB042176F538CDDBAAC7C4EDE8C72CF4CE6141D9F144E1DDA1B02D1F2954B7}
[INFO ] 2023-02-15T11:58:46,544Z [Mock network] corda.flow. - Received transaction acknowledgement request from party O=Mock Company 1, L=London, C=GB. {fiber-id=10000004, flow-id=addd6054-fdeb-4dba-bfd6-796c49bb19c4, invocation_id=f45de619-f3e9-438c-8120-a8c6376bf1bb, invocation_timestamp=2023-02-15T11:58:46.380Z, origin=O=Mock Company 1, L=London, C=GB, session_id=f45de619-f3e9-438c-8120-a8c6376bf1bb, session_timestamp=2023-02-15T11:58:46.380Z, thread-id=640, tx_id=98CB042176F538CDDBAAC7C4EDE8C72CF4CE6141D9F144E1DDA1B02D1F2954B7}
[INFO ] 2023-02-15T11:58:46,550Z [Mock network] corda.flow. - Transaction dependencies resolution completed. {fiber-id=10000004, flow-id=addd6054-fdeb-4dba-bfd6-796c49bb19c4, invocation_id=f45de619-f3e9-438c-8120-a8c6376bf1bb, invocation_timestamp=2023-02-15T11:58:46.380Z, origin=O=Mock Company 1, L=London, C=GB, session_id=f45de619-f3e9-438c-8120-a8c6376bf1bb, session_timestamp=2023-02-15T11:58:46.380Z, thread-id=640, tx_id=98CB042176F538CDDBAAC7C4EDE8C72CF4CE6141D9F144E1DDA1B02D1F2954B7}
[INFO ] 2023-02-15T11:58:46,554Z [Mock network] corda.flow. - Successfully received fully signed tx. Sending it to the vault for processing. {fiber-id=10000004, flow-id=addd6054-fdeb-4dba-bfd6-796c49bb19c4, invocation_id=f45de619-f3e9-438c-8120-a8c6376bf1bb, invocation_timestamp=2023-02-15T11:58:46.380Z, origin=O=Mock Company 1, L=London, C=GB, session_id=f45de619-f3e9-438c-8120-a8c6376bf1bb, session_timestamp=2023-02-15T11:58:46.380Z, thread-id=640, tx_id=98CB042176F538CDDBAAC7C4EDE8C72CF4CE6141D9F144E1DDA1B02D1F2954B7}
[INFO ] 2023-02-15T11:58:46,562Z [Mock network] corda.flow. - Successfully recorded received transaction locally. {fiber-id=10000004, flow-id=addd6054-fdeb-4dba-bfd6-796c49bb19c4, invocation_id=f45de619-f3e9-438c-8120-a8c6376bf1bb, invocation_timestamp=2023-02-15T11:58:46.380Z, origin=O=Mock Company 1, L=London, C=GB, session_id=f45de619-f3e9-438c-8120-a8c6376bf1bb, session_timestamp=2023-02-15T11:58:46.380Z, thread-id=640, tx_id=98CB042176F538CDDBAAC7C4EDE8C72CF4CE6141D9F144E1DDA1B02D1F2954B7}
[INFO ] 2023-02-15T11:58:46,574Z [Mock network] corda.flow. - Party O=Mock Company 2, L=London, C=GB received the transaction. {actor_id=Only For Testing, actor_owning_identity=O=Mock Company 1, L=London, C=GB, actor_store_id=TEST, fiber-id=10000003, flow-id=0dbe017d-67c5-4572-8fc5-0fb4c07e422d, invocation_id=3e1e4308-7143-444c-9738-b6744d75d82b, invocation_timestamp=2023-02-15T11:58:46.237Z, origin=Only For Testing, session_id=3e1e4308-7143-444c-9738-b6744d75d82b, session_timestamp=2023-02-15T11:58:46.237Z, thread-id=640, tx_id=98CB042176F538CDDBAAC7C4EDE8C72CF4CE6141D9F144E1DDA1B02D1F2954B7}
[INFO ] 2023-02-15T11:58:46,574Z [Mock network] corda.flow. - All parties received the transaction successfully. {actor_id=Only For Testing, actor_owning_identity=O=Mock Company 1, L=London, C=GB, actor_store_id=TEST, fiber-id=10000003, flow-id=0dbe017d-67c5-4572-8fc5-0fb4c07e422d, invocation_id=3e1e4308-7143-444c-9738-b6744d75d82b, invocation_timestamp=2023-02-15T11:58:46.237Z, origin=Only For Testing, session_id=3e1e4308-7143-444c-9738-b6744d75d82b, session_timestamp=2023-02-15T11:58:46.237Z, thread-id=640, tx_id=98CB042176F538CDDBAAC7C4EDE8C72CF4CE6141D9F144E1DDA1B02D1F2954B7}
[INFO ] 2023-02-15T11:58:46,588Z [Test worker] persistence.CordaPersistence. - Closing HikariDataSource (HikariPool-4) {}
[INFO ] 2023-02-15T11:58:46,600Z [Test worker] internal.MockNodeMessagingService. - Status change to false {}
[INFO ] 2023-02-15T11:58:46,600Z [Test worker] internal.InternalMockNetwork$MockNode. - MessagingService active change to: false {}
[INFO ] 2023-02-15T11:58:46,602Z [Test worker] persistence.CordaPersistence. - Closing HikariDataSource (HikariPool-5) {}
[INFO ] 2023-02-15T11:58:46,619Z [Test worker] internal.MockNodeMessagingService. - Status change to false {}
[INFO ] 2023-02-15T11:58:46,619Z [Test worker] internal.InternalMockNetwork$MockNode. - MessagingService active change to: false {}
[INFO ] 2023-02-15T11:58:46,620Z [Test worker] persistence.CordaPersistence. - Closing HikariDataSource (HikariPool-6) {}
[INFO ] 2023-02-15T11:58:46,635Z [Test worker] internal.MockNodeMessagingService. - Status change to false {}
[INFO ] 2023-02-15T11:58:46,635Z [Test worker] internal.InternalMockNetwork$MockNode. - MessagingService active change to: false {}
[INFO ] 2023-02-15T11:58:46,714Z [Test worker] cordapp.JarScanningCordappLoader. - Looking for CorDapps in [build\mock-network\20230215-115846.639-B1125566D4959586\nodes\0\cordapps] {}
[INFO ] 2023-02-15T11:58:46,714Z [Test worker] cordapp.JarScanningCordappLoader. - Loading CorDapps from RestrictedURL(url=file:/C:/Users/Anvith/Dropbox/PC/Desktop/Work/Corda/samples-java/Basic/tutorial-applestamp/workflows/build/mock-network/20230215-115846.639-B1125566D4959586/nodes/0/cordapps/contracts-0.1.jar, rootPackageName=null), RestrictedURL(url=file:/C:/Users/Anvith/Dropbox/PC/Desktop/Work/Corda/samples-java/Basic/tutorial-applestamp/workflows/build/mock-network/20230215-115846.639-B1125566D4959586/nodes/0/cordapps/workflows-0.1.jar, rootPackageName=null) {}
[INFO ] 2023-02-15T11:58:46,714Z [Test worker] cordapp.JarScanningCordappLoader. - Scanning CorDapp in file:/C:/Users/Anvith/Dropbox/PC/Desktop/Work/Corda/samples-java/Basic/tutorial-applestamp/workflows/build/mock-network/20230215-115846.639-B1125566D4959586/nodes/0/cordapps/contracts-0.1.jar {}
[INFO ] 2023-02-15T11:58:46,723Z [Test worker] cordapp.JarScanningCordappLoader. - Scanning CorDapp in file:/C:/Users/Anvith/Dropbox/PC/Desktop/Work/Corda/samples-java/Basic/tutorial-applestamp/workflows/build/mock-network/20230215-115846.639-B1125566D4959586/nodes/0/cordapps/workflows-0.1.jar {}
[INFO ] 2023-02-15T11:58:46,745Z [Test worker] internal.InternalMockNetwork$MockNode. - MessagingService active change to: false {}
[INFO ] 2023-02-15T11:58:46,746Z [Test worker] internal.InternalMockNetwork$MockNode. - Flow external operation executor has a max of 2 threads {}
[INFO ] 2023-02-15T11:58:46,748Z [Test worker] internal.InternalMockNetwork$MockNode. - Node starting up ... {}
[INFO ] 2023-02-15T11:58:46,752Z [Test worker] internal.KeyStoreHandler. - Loaded trusted root certificate: DL7fwxLm5xbiMD8adUuYTsPZHAict46Ng4w6RNcySt5vAw, alias: cordarootca {}
[INFO ] 2023-02-15T11:58:46,752Z [Test worker] internal.KeyStoreHandler. - Loaded node identity key: DLBhe7mVMoKvgSrz9CzYWdKyd1LQZAsuFnw2scJPT5VxVn, alias: identity-private-key {}
[INFO ] 2023-02-15T11:58:46,757Z [Test worker] internal.NodeFlowManager. - Registered com.tutorial.flows.CreateAndIssueAppleStamp$CreateAndIssueAppleStampInitiator to initiate com.tutorial.flows.CreateAndIssueAppleStamp$CreateAndIssueAppleStampResponder (version 1) {}
[INFO ] 2023-02-15T11:58:46,757Z [Test worker] internal.NodeFlowManager. - Registered com.tutorial.flows.RedeemApples$RedeemApplesInitiator to initiate com.tutorial.flows.RedeemApples$RedeemApplesResponder (version 1) {}
[INFO ] 2023-02-15T11:58:46,757Z [Test worker] internal.NodeFlowManager. - Registered com.tutorial.flows.TemplateInitiator to initiate com.tutorial.flows.TemplateResponder (version 1) {}
[INFO ] 2023-02-15T11:58:46,762Z [Test worker] internal.InternalMockNetwork$MockNode. - Loaded network parameters: NetworkParameters {
      minimumPlatformVersion=1
      notaries=[NotaryInfo(identity=O=Notary, L=London, C=GB, validating=true)]
      maxMessageSize=10485760
      maxTransactionSize=524288000
      whitelistedContractImplementations {
        
      }
      eventHorizon=PT720H
      packageOwnership {
        
      }
      modifiedTime=2023-02-15T11:58:46.638Z
      epoch=1
  } {}
[INFO ] 2023-02-15T11:58:47,219Z [Test worker] internal.InternalMockNetwork$MockNode. - Connected to H2 database. {}
[INFO ] 2023-02-15T11:58:47,222Z [Test worker] persistence.HibernateConfiguration. - Init HibernateConfiguration for schemas: [CommonSchemaV1(name=net.corda.core.schemas.CommonSchema, version=1), VaultSchemaV1(name=net.corda.node.services.vault.VaultSchema, version=1), NodeInfoSchemaV1(name=net.corda.node.internal.schemas.NodeInfoSchema, version=1), NodeCoreV1(name=net.corda.node.services.schema.NodeSchemaService$NodeCore, version=1), JPANotarySchemaV1(name=net.corda.notary.jpa.JPANotarySchema, version=1)] {}
[INFO ] 2023-02-15T11:58:47,222Z [Test worker] factory.BaseSessionFactoryFactory. - Creating session factory for schemas: [CommonSchemaV1(name=net.corda.core.schemas.CommonSchema, version=1), VaultSchemaV1(name=net.corda.node.services.vault.VaultSchema, version=1), NodeInfoSchemaV1(name=net.corda.node.internal.schemas.NodeInfoSchema, version=1), NodeCoreV1(name=net.corda.node.services.schema.NodeSchemaService$NodeCore, version=1), JPANotarySchemaV1(name=net.corda.notary.jpa.JPANotarySchema, version=1)] {}
[INFO ] 2023-02-15T11:58:47,322Z [Test worker] factory.BaseSessionFactoryFactory. - Created session factory for schemas: [CommonSchemaV1(name=net.corda.core.schemas.CommonSchema, version=1), VaultSchemaV1(name=net.corda.node.services.vault.VaultSchema, version=1), NodeInfoSchemaV1(name=net.corda.node.internal.schemas.NodeInfoSchema, version=1), NodeCoreV1(name=net.corda.node.services.schema.NodeSchemaService$NodeCore, version=1), JPANotarySchemaV1(name=net.corda.notary.jpa.JPANotarySchema, version=1)] {}
[INFO ] 2023-02-15T11:58:47,326Z [Test worker] internal.InternalMockNetwork$MockNode. - Node-info has changed so submitting update. Old node-info was null {}
[INFO ] 2023-02-15T11:58:47,330Z [Test worker] network.PersistentNetworkMapCache. - Adding node with info: NodeInfo(addresses=[mock.node:1000], legalIdentitiesAndCerts=[O=Notary, L=London, C=GB], platformVersion=11, serial=1676462327326), owningKey=DLBhe7mVMoKvgSrz9CzYWdKyd1LQZAsuFnw2scJPT5VxVn {}
[INFO ] 2023-02-15T11:58:47,330Z [Test worker] network.PersistentNetworkMapCache. - No previous node found for O=Notary, L=London, C=GB {}
[INFO ] 2023-02-15T11:58:47,345Z [Test worker] internal.InternalMockNetwork$MockNode. - New node-info: NodeInfo(addresses=[mock.node:1000], legalIdentitiesAndCerts=[O=Notary, L=London, C=GB], platformVersion=11, serial=1676462327326) {}
[INFO ] 2023-02-15T11:58:47,356Z [Test worker] network.NetworkMapUpdater. - Auto-accept enabled for network parameter changes which modify only: [epoch, modifiedTime, packageOwnership, whitelistedContractImplementations] {}
[INFO ] 2023-02-15T11:58:47,357Z [Test worker] internal.MockNodeMessagingService. - Status change to true {}
[INFO ] 2023-02-15T11:58:47,357Z [Test worker] internal.InternalMockNetwork$MockNode. - MessagingService active change to: true {}
[INFO ] 2023-02-15T11:58:47,368Z [MockNode-7-2] network.PersistentNetworkMapCache. - Adding node with info: NodeInfo(addresses=[mock.node:1000], legalIdentitiesAndCerts=[O=Notary, L=London, C=GB], platformVersion=11, serial=1676462327326), owningKey=DLBhe7mVMoKvgSrz9CzYWdKyd1LQZAsuFnw2scJPT5VxVn {}
[INFO ] 2023-02-15T11:58:47,368Z [MockNode-7-2] network.PersistentNetworkMapCache. - Previous node was identical to incoming one - doing nothing {}
[INFO ] 2023-02-15T11:58:47,392Z [Test worker] persistence.NodeAttachmentService. - Stored new attachment: id=07E0AC0F4965C91DB66A0F6C4BD137B8780D5CE985AFC1D70AA090C6AF693143 uploader=app filename=4.8LTS Tutorial Contracts {}
[INFO ] 2023-02-15T11:58:47,395Z [Test worker] utilities.NotaryLoader. - Starting notary service: class net.corda.notary.jpa.JPANotaryService {}
[INFO ] 2023-02-15T11:58:47,412Z [Test worker] statemachine.SingleThreadedStateMachineManager. - Node ready, info: NodeInfo(addresses=[mock.node:1000], legalIdentitiesAndCerts=[O=Notary, L=London, C=GB], platformVersion=11, serial=1676462327326) {}
[INFO ] 2023-02-15T11:58:47,412Z [Test worker] network.PersistentNetworkMapCache. - Adding node with info: NodeInfo(addresses=[mock.node:1000], legalIdentitiesAndCerts=[O=Notary, L=London, C=GB], platformVersion=11, serial=1676462327326), owningKey=DLBhe7mVMoKvgSrz9CzYWdKyd1LQZAsuFnw2scJPT5VxVn {}
[INFO ] 2023-02-15T11:58:47,412Z [Test worker] network.PersistentNetworkMapCache. - Previous node was identical to incoming one - doing nothing {}
[INFO ] 2023-02-15T11:58:47,412Z [Test worker] network.PersistentNetworkMapCache. - Adding node with info: NodeInfo(addresses=[mock.node:1000], legalIdentitiesAndCerts=[O=Notary, L=London, C=GB], platformVersion=11, serial=1676462327326), owningKey=DLBhe7mVMoKvgSrz9CzYWdKyd1LQZAsuFnw2scJPT5VxVn {}
[INFO ] 2023-02-15T11:58:47,412Z [Test worker] network.PersistentNetworkMapCache. - Previous node was identical to incoming one - doing nothing {}
[INFO ] 2023-02-15T11:58:47,422Z [Test worker] cordapp.JarScanningCordappLoader. - Looking for CorDapps in [build\mock-network\20230215-115846.639-B1125566D4959586\nodes\1\cordapps] {}
[INFO ] 2023-02-15T11:58:47,422Z [Test worker] cordapp.JarScanningCordappLoader. - Loading CorDapps from RestrictedURL(url=file:/C:/Users/Anvith/Dropbox/PC/Desktop/Work/Corda/samples-java/Basic/tutorial-applestamp/workflows/build/mock-network/20230215-115846.639-B1125566D4959586/nodes/1/cordapps/contracts-0.1.jar, rootPackageName=null), RestrictedURL(url=file:/C:/Users/Anvith/Dropbox/PC/Desktop/Work/Corda/samples-java/Basic/tutorial-applestamp/workflows/build/mock-network/20230215-115846.639-B1125566D4959586/nodes/1/cordapps/workflows-0.1.jar, rootPackageName=null) {}
[INFO ] 2023-02-15T11:58:47,423Z [Test worker] cordapp.JarScanningCordappLoader. - Scanning CorDapp in file:/C:/Users/Anvith/Dropbox/PC/Desktop/Work/Corda/samples-java/Basic/tutorial-applestamp/workflows/build/mock-network/20230215-115846.639-B1125566D4959586/nodes/1/cordapps/contracts-0.1.jar {}
[INFO ] 2023-02-15T11:58:47,429Z [Test worker] cordapp.JarScanningCordappLoader. - Scanning CorDapp in file:/C:/Users/Anvith/Dropbox/PC/Desktop/Work/Corda/samples-java/Basic/tutorial-applestamp/workflows/build/mock-network/20230215-115846.639-B1125566D4959586/nodes/1/cordapps/workflows-0.1.jar {}
[INFO ] 2023-02-15T11:58:47,458Z [Test worker] internal.InternalMockNetwork$MockNode. - MessagingService active change to: false {}
[INFO ] 2023-02-15T11:58:47,459Z [Test worker] internal.InternalMockNetwork$MockNode. - Flow external operation executor has a max of 2 threads {}
[INFO ] 2023-02-15T11:58:47,460Z [Test worker] internal.InternalMockNetwork$MockNode. - Node starting up ... {}
[INFO ] 2023-02-15T11:58:47,490Z [Test worker] internal.KeyStoreHandler. - Loaded trusted root certificate: DL7fwxLm5xbiMD8adUuYTsPZHAict46Ng4w6RNcySt5vAw, alias: cordarootca {}
[INFO ] 2023-02-15T11:58:47,490Z [Test worker] internal.KeyStoreHandler. - Loaded node identity key: DL7uJzCRa3CBr5My7v3tu5G2wtdDpWYqfP5Z2VPRpWcVX8, alias: identity-private-key {}
[INFO ] 2023-02-15T11:58:47,495Z [Test worker] internal.NodeFlowManager. - Registered com.tutorial.flows.CreateAndIssueAppleStamp$CreateAndIssueAppleStampInitiator to initiate com.tutorial.flows.CreateAndIssueAppleStamp$CreateAndIssueAppleStampResponder (version 1) {}
[INFO ] 2023-02-15T11:58:47,495Z [Test worker] internal.NodeFlowManager. - Registered com.tutorial.flows.RedeemApples$RedeemApplesInitiator to initiate com.tutorial.flows.RedeemApples$RedeemApplesResponder (version 1) {}
[INFO ] 2023-02-15T11:58:47,495Z [Test worker] internal.NodeFlowManager. - Registered com.tutorial.flows.TemplateInitiator to initiate com.tutorial.flows.TemplateResponder (version 1) {}
[INFO ] 2023-02-15T11:58:47,497Z [Test worker] internal.InternalMockNetwork$MockNode. - Loaded network parameters: NetworkParameters {
      minimumPlatformVersion=1
      notaries=[NotaryInfo(identity=O=Notary, L=London, C=GB, validating=true)]
      maxMessageSize=10485760
      maxTransactionSize=524288000
      whitelistedContractImplementations {
        
      }
      eventHorizon=PT720H
      packageOwnership {
        
      }
      modifiedTime=2023-02-15T11:58:46.638Z
      epoch=1
  } {}
[INFO ] 2023-02-15T11:58:47,827Z [Test worker] internal.InternalMockNetwork$MockNode. - Connected to H2 database. {}
[INFO ] 2023-02-15T11:58:47,829Z [Test worker] persistence.HibernateConfiguration. - Init HibernateConfiguration for schemas: [CommonSchemaV1(name=net.corda.core.schemas.CommonSchema, version=1), VaultSchemaV1(name=net.corda.node.services.vault.VaultSchema, version=1), NodeInfoSchemaV1(name=net.corda.node.internal.schemas.NodeInfoSchema, version=1), NodeCoreV1(name=net.corda.node.services.schema.NodeSchemaService$NodeCore, version=1)] {}
[INFO ] 2023-02-15T11:58:47,829Z [Test worker] factory.BaseSessionFactoryFactory. - Creating session factory for schemas: [CommonSchemaV1(name=net.corda.core.schemas.CommonSchema, version=1), VaultSchemaV1(name=net.corda.node.services.vault.VaultSchema, version=1), NodeInfoSchemaV1(name=net.corda.node.internal.schemas.NodeInfoSchema, version=1), NodeCoreV1(name=net.corda.node.services.schema.NodeSchemaService$NodeCore, version=1)] {}
[INFO ] 2023-02-15T11:58:47,912Z [Test worker] factory.BaseSessionFactoryFactory. - Created session factory for schemas: [CommonSchemaV1(name=net.corda.core.schemas.CommonSchema, version=1), VaultSchemaV1(name=net.corda.node.services.vault.VaultSchema, version=1), NodeInfoSchemaV1(name=net.corda.node.internal.schemas.NodeInfoSchema, version=1), NodeCoreV1(name=net.corda.node.services.schema.NodeSchemaService$NodeCore, version=1)] {}
[INFO ] 2023-02-15T11:58:47,918Z [Test worker] internal.InternalMockNetwork$MockNode. - Node-info has changed so submitting update. Old node-info was null {}
[INFO ] 2023-02-15T11:58:47,921Z [Test worker] network.PersistentNetworkMapCache. - Adding node with info: NodeInfo(addresses=[mock.node:1000], legalIdentitiesAndCerts=[O=Mock Company 1, L=London, C=GB], platformVersion=11, serial=1676462327918), owningKey=DL7uJzCRa3CBr5My7v3tu5G2wtdDpWYqfP5Z2VPRpWcVX8 {}
[INFO ] 2023-02-15T11:58:47,921Z [Test worker] network.PersistentNetworkMapCache. - No previous node found for O=Mock Company 1, L=London, C=GB {}
[INFO ] 2023-02-15T11:58:47,927Z [Test worker] internal.InternalMockNetwork$MockNode. - New node-info: NodeInfo(addresses=[mock.node:1000], legalIdentitiesAndCerts=[O=Mock Company 1, L=London, C=GB], platformVersion=11, serial=1676462327918) {}
[INFO ] 2023-02-15T11:58:47,934Z [Test worker] network.NetworkMapUpdater. - Auto-accept enabled for network parameter changes which modify only: [epoch, modifiedTime, packageOwnership, whitelistedContractImplementations] {}
[INFO ] 2023-02-15T11:58:47,934Z [Test worker] internal.MockNodeMessagingService. - Status change to true {}
[INFO ] 2023-02-15T11:58:47,934Z [Test worker] internal.InternalMockNetwork$MockNode. - MessagingService active change to: true {}
[INFO ] 2023-02-15T11:58:47,943Z [MockNode-8-2] network.PersistentNetworkMapCache. - Adding node with info: NodeInfo(addresses=[mock.node:1000], legalIdentitiesAndCerts=[O=Mock Company 1, L=London, C=GB], platformVersion=11, serial=1676462327918), owningKey=DL7uJzCRa3CBr5My7v3tu5G2wtdDpWYqfP5Z2VPRpWcVX8 {}
[INFO ] 2023-02-15T11:58:47,943Z [MockNode-8-2] network.PersistentNetworkMapCache. - Previous node was identical to incoming one - doing nothing {}
[INFO ] 2023-02-15T11:58:47,965Z [Test worker] persistence.NodeAttachmentService. - Stored new attachment: id=07E0AC0F4965C91DB66A0F6C4BD137B8780D5CE985AFC1D70AA090C6AF693143 uploader=app filename=4.8LTS Tutorial Contracts {}
[INFO ] 2023-02-15T11:58:47,985Z [Test worker] statemachine.SingleThreadedStateMachineManager. - Node ready, info: NodeInfo(addresses=[mock.node:1000], legalIdentitiesAndCerts=[O=Mock Company 1, L=London, C=GB], platformVersion=11, serial=1676462327918) {}
[INFO ] 2023-02-15T11:58:47,989Z [Test worker] network.PersistentNetworkMapCache. - Adding node with info: NodeInfo(addresses=[mock.node:1000], legalIdentitiesAndCerts=[O=Notary, L=London, C=GB], platformVersion=11, serial=1676462327326), owningKey=DLBhe7mVMoKvgSrz9CzYWdKyd1LQZAsuFnw2scJPT5VxVn {}
[INFO ] 2023-02-15T11:58:47,989Z [Test worker] network.PersistentNetworkMapCache. - No previous node found for O=Notary, L=London, C=GB {}
[INFO ] 2023-02-15T11:58:48,002Z [Test worker] network.PersistentNetworkMapCache. - Adding node with info: NodeInfo(addresses=[mock.node:1000], legalIdentitiesAndCerts=[O=Mock Company 1, L=London, C=GB], platformVersion=11, serial=1676462327918), owningKey=DL7uJzCRa3CBr5My7v3tu5G2wtdDpWYqfP5Z2VPRpWcVX8 {}
[INFO ] 2023-02-15T11:58:48,002Z [Test worker] network.PersistentNetworkMapCache. - No previous node found for O=Mock Company 1, L=London, C=GB {}
[INFO ] 2023-02-15T11:58:48,013Z [Test worker] network.PersistentNetworkMapCache. - Adding node with info: NodeInfo(addresses=[mock.node:1000], legalIdentitiesAndCerts=[O=Mock Company 1, L=London, C=GB], platformVersion=11, serial=1676462327918), owningKey=DL7uJzCRa3CBr5My7v3tu5G2wtdDpWYqfP5Z2VPRpWcVX8 {}
[INFO ] 2023-02-15T11:58:48,013Z [Test worker] network.PersistentNetworkMapCache. - Previous node was identical to incoming one - doing nothing {}
[INFO ] 2023-02-15T11:58:48,013Z [Test worker] network.PersistentNetworkMapCache. - Adding node with info: NodeInfo(addresses=[mock.node:1000], legalIdentitiesAndCerts=[O=Mock Company 1, L=London, C=GB], platformVersion=11, serial=1676462327918), owningKey=DL7uJzCRa3CBr5My7v3tu5G2wtdDpWYqfP5Z2VPRpWcVX8 {}
[INFO ] 2023-02-15T11:58:48,013Z [Test worker] network.PersistentNetworkMapCache. - Previous node was identical to incoming one - doing nothing {}
[INFO ] 2023-02-15T11:58:48,022Z [Test worker] cordapp.JarScanningCordappLoader. - Looking for CorDapps in [build\mock-network\20230215-115846.639-B1125566D4959586\nodes\2\cordapps] {}
[INFO ] 2023-02-15T11:58:48,022Z [Test worker] cordapp.JarScanningCordappLoader. - Loading CorDapps from RestrictedURL(url=file:/C:/Users/Anvith/Dropbox/PC/Desktop/Work/Corda/samples-java/Basic/tutorial-applestamp/workflows/build/mock-network/20230215-115846.639-B1125566D4959586/nodes/2/cordapps/contracts-0.1.jar, rootPackageName=null), RestrictedURL(url=file:/C:/Users/Anvith/Dropbox/PC/Desktop/Work/Corda/samples-java/Basic/tutorial-applestamp/workflows/build/mock-network/20230215-115846.639-B1125566D4959586/nodes/2/cordapps/workflows-0.1.jar, rootPackageName=null) {}
[INFO ] 2023-02-15T11:58:48,022Z [Test worker] cordapp.JarScanningCordappLoader. - Scanning CorDapp in file:/C:/Users/Anvith/Dropbox/PC/Desktop/Work/Corda/samples-java/Basic/tutorial-applestamp/workflows/build/mock-network/20230215-115846.639-B1125566D4959586/nodes/2/cordapps/contracts-0.1.jar {}
[INFO ] 2023-02-15T11:58:48,029Z [Test worker] cordapp.JarScanningCordappLoader. - Scanning CorDapp in file:/C:/Users/Anvith/Dropbox/PC/Desktop/Work/Corda/samples-java/Basic/tutorial-applestamp/workflows/build/mock-network/20230215-115846.639-B1125566D4959586/nodes/2/cordapps/workflows-0.1.jar {}
[INFO ] 2023-02-15T11:58:48,051Z [Test worker] internal.InternalMockNetwork$MockNode. - MessagingService active change to: false {}
[INFO ] 2023-02-15T11:58:48,051Z [Test worker] internal.InternalMockNetwork$MockNode. - Flow external operation executor has a max of 2 threads {}
[INFO ] 2023-02-15T11:58:48,053Z [Test worker] internal.InternalMockNetwork$MockNode. - Node starting up ... {}
[INFO ] 2023-02-15T11:58:48,083Z [Test worker] internal.KeyStoreHandler. - Loaded trusted root certificate: DL7fwxLm5xbiMD8adUuYTsPZHAict46Ng4w6RNcySt5vAw, alias: cordarootca {}
[INFO ] 2023-02-15T11:58:48,083Z [Test worker] internal.KeyStoreHandler. - Loaded node identity key: DLJ3SMetrAfdKTx6Q2749Y8UYSXcW1YqKEtv17WXrgT9XD, alias: identity-private-key {}
[INFO ] 2023-02-15T11:58:48,088Z [Test worker] internal.NodeFlowManager. - Registered com.tutorial.flows.CreateAndIssueAppleStamp$CreateAndIssueAppleStampInitiator to initiate com.tutorial.flows.CreateAndIssueAppleStamp$CreateAndIssueAppleStampResponder (version 1) {}
[INFO ] 2023-02-15T11:58:48,088Z [Test worker] internal.NodeFlowManager. - Registered com.tutorial.flows.RedeemApples$RedeemApplesInitiator to initiate com.tutorial.flows.RedeemApples$RedeemApplesResponder (version 1) {}
[INFO ] 2023-02-15T11:58:48,088Z [Test worker] internal.NodeFlowManager. - Registered com.tutorial.flows.TemplateInitiator to initiate com.tutorial.flows.TemplateResponder (version 1) {}
[INFO ] 2023-02-15T11:58:48,090Z [Test worker] internal.InternalMockNetwork$MockNode. - Loaded network parameters: NetworkParameters {
      minimumPlatformVersion=1
      notaries=[NotaryInfo(identity=O=Notary, L=London, C=GB, validating=true)]
      maxMessageSize=10485760
      maxTransactionSize=524288000
      whitelistedContractImplementations {
        
      }
      eventHorizon=PT720H
      packageOwnership {
        
      }
      modifiedTime=2023-02-15T11:58:46.638Z
      epoch=1
  } {}
[INFO ] 2023-02-15T11:58:48,452Z [Test worker] internal.InternalMockNetwork$MockNode. - Connected to H2 database. {}
[INFO ] 2023-02-15T11:58:48,454Z [Test worker] persistence.HibernateConfiguration. - Init HibernateConfiguration for schemas: [CommonSchemaV1(name=net.corda.core.schemas.CommonSchema, version=1), VaultSchemaV1(name=net.corda.node.services.vault.VaultSchema, version=1), NodeInfoSchemaV1(name=net.corda.node.internal.schemas.NodeInfoSchema, version=1), NodeCoreV1(name=net.corda.node.services.schema.NodeSchemaService$NodeCore, version=1)] {}
[INFO ] 2023-02-15T11:58:48,454Z [Test worker] factory.BaseSessionFactoryFactory. - Creating session factory for schemas: [CommonSchemaV1(name=net.corda.core.schemas.CommonSchema, version=1), VaultSchemaV1(name=net.corda.node.services.vault.VaultSchema, version=1), NodeInfoSchemaV1(name=net.corda.node.internal.schemas.NodeInfoSchema, version=1), NodeCoreV1(name=net.corda.node.services.schema.NodeSchemaService$NodeCore, version=1)] {}
[INFO ] 2023-02-15T11:58:48,541Z [Test worker] factory.BaseSessionFactoryFactory. - Created session factory for schemas: [CommonSchemaV1(name=net.corda.core.schemas.CommonSchema, version=1), VaultSchemaV1(name=net.corda.node.services.vault.VaultSchema, version=1), NodeInfoSchemaV1(name=net.corda.node.internal.schemas.NodeInfoSchema, version=1), NodeCoreV1(name=net.corda.node.services.schema.NodeSchemaService$NodeCore, version=1)] {}
[INFO ] 2023-02-15T11:58:48,546Z [Test worker] internal.InternalMockNetwork$MockNode. - Node-info has changed so submitting update. Old node-info was null {}
[INFO ] 2023-02-15T11:58:48,549Z [Test worker] network.PersistentNetworkMapCache. - Adding node with info: NodeInfo(addresses=[mock.node:1000], legalIdentitiesAndCerts=[O=Mock Company 2, L=London, C=GB], platformVersion=11, serial=1676462328546), owningKey=DLJ3SMetrAfdKTx6Q2749Y8UYSXcW1YqKEtv17WXrgT9XD {}
[INFO ] 2023-02-15T11:58:48,549Z [Test worker] network.PersistentNetworkMapCache. - No previous node found for O=Mock Company 2, L=London, C=GB {}
[INFO ] 2023-02-15T11:58:48,554Z [Test worker] internal.InternalMockNetwork$MockNode. - New node-info: NodeInfo(addresses=[mock.node:1000], legalIdentitiesAndCerts=[O=Mock Company 2, L=London, C=GB], platformVersion=11, serial=1676462328546) {}
[INFO ] 2023-02-15T11:58:48,559Z [Test worker] network.NetworkMapUpdater. - Auto-accept enabled for network parameter changes which modify only: [epoch, modifiedTime, packageOwnership, whitelistedContractImplementations] {}
[INFO ] 2023-02-15T11:58:48,559Z [Test worker] internal.MockNodeMessagingService. - Status change to true {}
[INFO ] 2023-02-15T11:58:48,559Z [Test worker] internal.InternalMockNetwork$MockNode. - MessagingService active change to: true {}
[INFO ] 2023-02-15T11:58:48,566Z [MockNode-9-2] network.PersistentNetworkMapCache. - Adding node with info: NodeInfo(addresses=[mock.node:1000], legalIdentitiesAndCerts=[O=Mock Company 2, L=London, C=GB], platformVersion=11, serial=1676462328546), owningKey=DLJ3SMetrAfdKTx6Q2749Y8UYSXcW1YqKEtv17WXrgT9XD {}
[INFO ] 2023-02-15T11:58:48,566Z [MockNode-9-2] network.PersistentNetworkMapCache. - Previous node was identical to incoming one - doing nothing {}
[INFO ] 2023-02-15T11:58:48,587Z [Test worker] persistence.NodeAttachmentService. - Stored new attachment: id=07E0AC0F4965C91DB66A0F6C4BD137B8780D5CE985AFC1D70AA090C6AF693143 uploader=app filename=4.8LTS Tutorial Contracts {}
[INFO ] 2023-02-15T11:58:48,603Z [Test worker] statemachine.SingleThreadedStateMachineManager. - Node ready, info: NodeInfo(addresses=[mock.node:1000], legalIdentitiesAndCerts=[O=Mock Company 2, L=London, C=GB], platformVersion=11, serial=1676462328546) {}
[INFO ] 2023-02-15T11:58:48,605Z [Test worker] network.PersistentNetworkMapCache. - Adding node with info: NodeInfo(addresses=[mock.node:1000], legalIdentitiesAndCerts=[O=Notary, L=London, C=GB], platformVersion=11, serial=1676462327326), owningKey=DLBhe7mVMoKvgSrz9CzYWdKyd1LQZAsuFnw2scJPT5VxVn {}
[INFO ] 2023-02-15T11:58:48,605Z [Test worker] network.PersistentNetworkMapCache. - No previous node found for O=Notary, L=London, C=GB {}
[INFO ] 2023-02-15T11:58:48,613Z [Test worker] network.PersistentNetworkMapCache. - Adding node with info: NodeInfo(addresses=[mock.node:1000], legalIdentitiesAndCerts=[O=Mock Company 2, L=London, C=GB], platformVersion=11, serial=1676462328546), owningKey=DLJ3SMetrAfdKTx6Q2749Y8UYSXcW1YqKEtv17WXrgT9XD {}
[INFO ] 2023-02-15T11:58:48,613Z [Test worker] network.PersistentNetworkMapCache. - No previous node found for O=Mock Company 2, L=London, C=GB {}
[INFO ] 2023-02-15T11:58:48,621Z [Test worker] network.PersistentNetworkMapCache. - Adding node with info: NodeInfo(addresses=[mock.node:1000], legalIdentitiesAndCerts=[O=Mock Company 1, L=London, C=GB], platformVersion=11, serial=1676462327918), owningKey=DL7uJzCRa3CBr5My7v3tu5G2wtdDpWYqfP5Z2VPRpWcVX8 {}
[INFO ] 2023-02-15T11:58:48,621Z [Test worker] network.PersistentNetworkMapCache. - No previous node found for O=Mock Company 1, L=London, C=GB {}
[INFO ] 2023-02-15T11:58:48,628Z [Test worker] network.PersistentNetworkMapCache. - Adding node with info: NodeInfo(addresses=[mock.node:1000], legalIdentitiesAndCerts=[O=Mock Company 2, L=London, C=GB], platformVersion=11, serial=1676462328546), owningKey=DLJ3SMetrAfdKTx6Q2749Y8UYSXcW1YqKEtv17WXrgT9XD {}
[INFO ] 2023-02-15T11:58:48,628Z [Test worker] network.PersistentNetworkMapCache. - No previous node found for O=Mock Company 2, L=London, C=GB {}
[INFO ] 2023-02-15T11:58:48,636Z [Test worker] network.PersistentNetworkMapCache. - Adding node with info: NodeInfo(addresses=[mock.node:1000], legalIdentitiesAndCerts=[O=Mock Company 2, L=London, C=GB], platformVersion=11, serial=1676462328546), owningKey=DLJ3SMetrAfdKTx6Q2749Y8UYSXcW1YqKEtv17WXrgT9XD {}
[INFO ] 2023-02-15T11:58:48,636Z [Test worker] network.PersistentNetworkMapCache. - Previous node was identical to incoming one - doing nothing {}
[INFO ] 2023-02-15T11:58:48,637Z [Test worker] network.PersistentNetworkMapCache. - Adding node with info: NodeInfo(addresses=[mock.node:1000], legalIdentitiesAndCerts=[O=Mock Company 2, L=London, C=GB], platformVersion=11, serial=1676462328546), owningKey=DLJ3SMetrAfdKTx6Q2749Y8UYSXcW1YqKEtv17WXrgT9XD {}
[INFO ] 2023-02-15T11:58:48,637Z [Test worker] network.PersistentNetworkMapCache. - Previous node was identical to incoming one - doing nothing {}
[WARN ] 2023-02-15T11:58:48,653Z [Mock network] transactions.TransactionBuilder. - Reverting back to using hash constraints for contract com.tutorial.contracts.BasketOfApplesContract {actor_id=Only For Testing, actor_owning_identity=O=Mock Company 1, L=London, C=GB, actor_store_id=TEST, fiber-id=10000005, flow-id=c423bce0-8413-4092-ad04-01a7778aa8df, invocation_id=f1878e44-bbe6-4d2c-b721-61fe08bbecf1, invocation_timestamp=2023-02-15T11:58:48.639Z, origin=Only For Testing, session_id=f1878e44-bbe6-4d2c-b721-61fe08bbecf1, session_timestamp=2023-02-15T11:58:48.639Z, thread-id=948}
[INFO ] 2023-02-15T11:58:48,716Z [Mock network] corda.flow. - No need to notarise this transaction. {actor_id=Only For Testing, actor_owning_identity=O=Mock Company 1, L=London, C=GB, actor_store_id=TEST, fiber-id=10000005, flow-id=c423bce0-8413-4092-ad04-01a7778aa8df, invocation_id=f1878e44-bbe6-4d2c-b721-61fe08bbecf1, invocation_timestamp=2023-02-15T11:58:48.639Z, origin=Only For Testing, session_id=f1878e44-bbe6-4d2c-b721-61fe08bbecf1, session_timestamp=2023-02-15T11:58:48.639Z, thread-id=948, tx_id=BA234E98EFD062821449AC456A9E34034394B6C2B0722EEB33768EE3DF12EE32}
[INFO ] 2023-02-15T11:58:48,716Z [Mock network] corda.flow. - Recording transaction locally. {actor_id=Only For Testing, actor_owning_identity=O=Mock Company 1, L=London, C=GB, actor_store_id=TEST, fiber-id=10000005, flow-id=c423bce0-8413-4092-ad04-01a7778aa8df, invocation_id=f1878e44-bbe6-4d2c-b721-61fe08bbecf1, invocation_timestamp=2023-02-15T11:58:48.639Z, origin=Only For Testing, session_id=f1878e44-bbe6-4d2c-b721-61fe08bbecf1, session_timestamp=2023-02-15T11:58:48.639Z, thread-id=948, tx_id=BA234E98EFD062821449AC456A9E34034394B6C2B0722EEB33768EE3DF12EE32}
[INFO ] 2023-02-15T11:58:48,732Z [Mock network] corda.flow. - Recorded transaction locally successfully. {actor_id=Only For Testing, actor_owning_identity=O=Mock Company 1, L=London, C=GB, actor_store_id=TEST, fiber-id=10000005, flow-id=c423bce0-8413-4092-ad04-01a7778aa8df, invocation_id=f1878e44-bbe6-4d2c-b721-61fe08bbecf1, invocation_timestamp=2023-02-15T11:58:48.639Z, origin=Only For Testing, session_id=f1878e44-bbe6-4d2c-b721-61fe08bbecf1, session_timestamp=2023-02-15T11:58:48.639Z, thread-id=948, tx_id=BA234E98EFD062821449AC456A9E34034394B6C2B0722EEB33768EE3DF12EE32}
[INFO ] 2023-02-15T11:58:48,732Z [Mock network] corda.flow. - All parties received the transaction successfully. {actor_id=Only For Testing, actor_owning_identity=O=Mock Company 1, L=London, C=GB, actor_store_id=TEST, fiber-id=10000005, flow-id=c423bce0-8413-4092-ad04-01a7778aa8df, invocation_id=f1878e44-bbe6-4d2c-b721-61fe08bbecf1, invocation_timestamp=2023-02-15T11:58:48.639Z, origin=Only For Testing, session_id=f1878e44-bbe6-4d2c-b721-61fe08bbecf1, session_timestamp=2023-02-15T11:58:48.639Z, thread-id=948, tx_id=BA234E98EFD062821449AC456A9E34034394B6C2B0722EEB33768EE3DF12EE32}
[INFO ] 2023-02-15T11:58:48,754Z [Test worker] persistence.CordaPersistence. - Closing HikariDataSource (HikariPool-7) {}
[INFO ] 2023-02-15T11:58:48,764Z [Test worker] internal.MockNodeMessagingService. - Status change to false {}
[INFO ] 2023-02-15T11:58:48,764Z [Test worker] internal.InternalMockNetwork$MockNode. - MessagingService active change to: false {}
[INFO ] 2023-02-15T11:58:48,765Z [Test worker] persistence.CordaPersistence. - Closing HikariDataSource (HikariPool-8) {}
[INFO ] 2023-02-15T11:58:48,776Z [Test worker] internal.MockNodeMessagingService. - Status change to false {}
[INFO ] 2023-02-15T11:58:48,776Z [Test worker] internal.InternalMockNetwork$MockNode. - MessagingService active change to: false {}
[INFO ] 2023-02-15T11:58:48,778Z [Test worker] persistence.CordaPersistence. - Closing HikariDataSource (HikariPool-9) {}
[INFO ] 2023-02-15T11:58:48,787Z [Test worker] internal.MockNodeMessagingService. - Status change to false {}
[INFO ] 2023-02-15T11:58:48,787Z [Test worker] internal.InternalMockNetwork$MockNode. - MessagingService active change to: false {}
[INFO ] 2023-02-15T11:58:48,867Z [Test worker] cordapp.JarScanningCordappLoader. - Looking for CorDapps in [build\mock-network\20230215-115848.790-1906C6D6B1F028A4\nodes\0\cordapps] {}
[INFO ] 2023-02-15T11:58:48,867Z [Test worker] cordapp.JarScanningCordappLoader. - Loading CorDapps from RestrictedURL(url=file:/C:/Users/Anvith/Dropbox/PC/Desktop/Work/Corda/samples-java/Basic/tutorial-applestamp/workflows/build/mock-network/20230215-115848.790-1906C6D6B1F028A4/nodes/0/cordapps/contracts-0.1.jar, rootPackageName=null), RestrictedURL(url=file:/C:/Users/Anvith/Dropbox/PC/Desktop/Work/Corda/samples-java/Basic/tutorial-applestamp/workflows/build/mock-network/20230215-115848.790-1906C6D6B1F028A4/nodes/0/cordapps/workflows-0.1.jar, rootPackageName=null) {}
[INFO ] 2023-02-15T11:58:48,867Z [Test worker] cordapp.JarScanningCordappLoader. - Scanning CorDapp in file:/C:/Users/Anvith/Dropbox/PC/Desktop/Work/Corda/samples-java/Basic/tutorial-applestamp/workflows/build/mock-network/20230215-115848.790-1906C6D6B1F028A4/nodes/0/cordapps/contracts-0.1.jar {}
[INFO ] 2023-02-15T11:58:48,876Z [Test worker] cordapp.JarScanningCordappLoader. - Scanning CorDapp in file:/C:/Users/Anvith/Dropbox/PC/Desktop/Work/Corda/samples-java/Basic/tutorial-applestamp/workflows/build/mock-network/20230215-115848.790-1906C6D6B1F028A4/nodes/0/cordapps/workflows-0.1.jar {}
[INFO ] 2023-02-15T11:58:48,898Z [Test worker] internal.InternalMockNetwork$MockNode. - MessagingService active change to: false {}
[INFO ] 2023-02-15T11:58:48,899Z [Test worker] internal.InternalMockNetwork$MockNode. - Flow external operation executor has a max of 2 threads {}
[INFO ] 2023-02-15T11:58:48,901Z [Test worker] internal.InternalMockNetwork$MockNode. - Node starting up ... {}
[INFO ] 2023-02-15T11:58:48,906Z [Test worker] internal.KeyStoreHandler. - Loaded trusted root certificate: DL7fwxLm5xbiMD8adUuYTsPZHAict46Ng4w6RNcySt5vAw, alias: cordarootca {}
[INFO ] 2023-02-15T11:58:48,906Z [Test worker] internal.KeyStoreHandler. - Loaded node identity key: DLgfLJrEGAWdJj9VzuGGrdMLMUnmLWwMdB5VrQQE4BCYU, alias: identity-private-key {}
[INFO ] 2023-02-15T11:58:48,912Z [Test worker] internal.NodeFlowManager. - Registered com.tutorial.flows.CreateAndIssueAppleStamp$CreateAndIssueAppleStampInitiator to initiate com.tutorial.flows.CreateAndIssueAppleStamp$CreateAndIssueAppleStampResponder (version 1) {}
[INFO ] 2023-02-15T11:58:48,912Z [Test worker] internal.NodeFlowManager. - Registered com.tutorial.flows.RedeemApples$RedeemApplesInitiator to initiate com.tutorial.flows.RedeemApples$RedeemApplesResponder (version 1) {}
[INFO ] 2023-02-15T11:58:48,912Z [Test worker] internal.NodeFlowManager. - Registered com.tutorial.flows.TemplateInitiator to initiate com.tutorial.flows.TemplateResponder (version 1) {}
[INFO ] 2023-02-15T11:58:48,917Z [Test worker] internal.InternalMockNetwork$MockNode. - Loaded network parameters: NetworkParameters {
      minimumPlatformVersion=1
      notaries=[NotaryInfo(identity=O=Notary, L=London, C=GB, validating=true)]
      maxMessageSize=10485760
      maxTransactionSize=524288000
      whitelistedContractImplementations {
        
      }
      eventHorizon=PT720H
      packageOwnership {
        
      }
      modifiedTime=2023-02-15T11:58:48.789Z
      epoch=1
  } {}
[INFO ] 2023-02-15T11:58:49,381Z [Test worker] internal.InternalMockNetwork$MockNode. - Connected to H2 database. {}
[INFO ] 2023-02-15T11:58:49,384Z [Test worker] persistence.HibernateConfiguration. - Init HibernateConfiguration for schemas: [CommonSchemaV1(name=net.corda.core.schemas.CommonSchema, version=1), VaultSchemaV1(name=net.corda.node.services.vault.VaultSchema, version=1), NodeInfoSchemaV1(name=net.corda.node.internal.schemas.NodeInfoSchema, version=1), NodeCoreV1(name=net.corda.node.services.schema.NodeSchemaService$NodeCore, version=1), JPANotarySchemaV1(name=net.corda.notary.jpa.JPANotarySchema, version=1)] {}
[INFO ] 2023-02-15T11:58:49,384Z [Test worker] factory.BaseSessionFactoryFactory. - Creating session factory for schemas: [CommonSchemaV1(name=net.corda.core.schemas.CommonSchema, version=1), VaultSchemaV1(name=net.corda.node.services.vault.VaultSchema, version=1), NodeInfoSchemaV1(name=net.corda.node.internal.schemas.NodeInfoSchema, version=1), NodeCoreV1(name=net.corda.node.services.schema.NodeSchemaService$NodeCore, version=1), JPANotarySchemaV1(name=net.corda.notary.jpa.JPANotarySchema, version=1)] {}
[INFO ] 2023-02-15T11:58:49,519Z [Test worker] factory.BaseSessionFactoryFactory. - Created session factory for schemas: [CommonSchemaV1(name=net.corda.core.schemas.CommonSchema, version=1), VaultSchemaV1(name=net.corda.node.services.vault.VaultSchema, version=1), NodeInfoSchemaV1(name=net.corda.node.internal.schemas.NodeInfoSchema, version=1), NodeCoreV1(name=net.corda.node.services.schema.NodeSchemaService$NodeCore, version=1), JPANotarySchemaV1(name=net.corda.notary.jpa.JPANotarySchema, version=1)] {}
[INFO ] 2023-02-15T11:58:49,524Z [Test worker] internal.InternalMockNetwork$MockNode. - Node-info has changed so submitting update. Old node-info was null {}
[INFO ] 2023-02-15T11:58:49,527Z [Test worker] network.PersistentNetworkMapCache. - Adding node with info: NodeInfo(addresses=[mock.node:1000], legalIdentitiesAndCerts=[O=Notary, L=London, C=GB], platformVersion=11, serial=1676462329524), owningKey=DLgfLJrEGAWdJj9VzuGGrdMLMUnmLWwMdB5VrQQE4BCYU {}
[INFO ] 2023-02-15T11:58:49,527Z [Test worker] network.PersistentNetworkMapCache. - No previous node found for O=Notary, L=London, C=GB {}
[INFO ] 2023-02-15T11:58:49,539Z [Test worker] internal.InternalMockNetwork$MockNode. - New node-info: NodeInfo(addresses=[mock.node:1000], legalIdentitiesAndCerts=[O=Notary, L=London, C=GB], platformVersion=11, serial=1676462329524) {}
[INFO ] 2023-02-15T11:58:49,548Z [Test worker] network.NetworkMapUpdater. - Auto-accept enabled for network parameter changes which modify only: [epoch, modifiedTime, packageOwnership, whitelistedContractImplementations] {}
[INFO ] 2023-02-15T11:58:49,549Z [Test worker] internal.MockNodeMessagingService. - Status change to true {}
[INFO ] 2023-02-15T11:58:49,549Z [Test worker] internal.InternalMockNetwork$MockNode. - MessagingService active change to: true {}
[INFO ] 2023-02-15T11:58:49,556Z [MockNode-10-2] network.PersistentNetworkMapCache. - Adding node with info: NodeInfo(addresses=[mock.node:1000], legalIdentitiesAndCerts=[O=Notary, L=London, C=GB], platformVersion=11, serial=1676462329524), owningKey=DLgfLJrEGAWdJj9VzuGGrdMLMUnmLWwMdB5VrQQE4BCYU {}
[INFO ] 2023-02-15T11:58:49,556Z [MockNode-10-2] network.PersistentNetworkMapCache. - Previous node was identical to incoming one - doing nothing {}
[INFO ] 2023-02-15T11:58:49,590Z [Test worker] persistence.NodeAttachmentService. - Stored new attachment: id=07E0AC0F4965C91DB66A0F6C4BD137B8780D5CE985AFC1D70AA090C6AF693143 uploader=app filename=4.8LTS Tutorial Contracts {}
[INFO ] 2023-02-15T11:58:49,592Z [Test worker] utilities.NotaryLoader. - Starting notary service: class net.corda.notary.jpa.JPANotaryService {}
[INFO ] 2023-02-15T11:58:49,607Z [Test worker] statemachine.SingleThreadedStateMachineManager. - Node ready, info: NodeInfo(addresses=[mock.node:1000], legalIdentitiesAndCerts=[O=Notary, L=London, C=GB], platformVersion=11, serial=1676462329524) {}
[INFO ] 2023-02-15T11:58:49,608Z [Test worker] network.PersistentNetworkMapCache. - Adding node with info: NodeInfo(addresses=[mock.node:1000], legalIdentitiesAndCerts=[O=Notary, L=London, C=GB], platformVersion=11, serial=1676462329524), owningKey=DLgfLJrEGAWdJj9VzuGGrdMLMUnmLWwMdB5VrQQE4BCYU {}
[INFO ] 2023-02-15T11:58:49,608Z [Test worker] network.PersistentNetworkMapCache. - Previous node was identical to incoming one - doing nothing {}
[INFO ] 2023-02-15T11:58:49,608Z [Test worker] network.PersistentNetworkMapCache. - Adding node with info: NodeInfo(addresses=[mock.node:1000], legalIdentitiesAndCerts=[O=Notary, L=London, C=GB], platformVersion=11, serial=1676462329524), owningKey=DLgfLJrEGAWdJj9VzuGGrdMLMUnmLWwMdB5VrQQE4BCYU {}
[INFO ] 2023-02-15T11:58:49,608Z [Test worker] network.PersistentNetworkMapCache. - Previous node was identical to incoming one - doing nothing {}
[INFO ] 2023-02-15T11:58:49,616Z [Test worker] cordapp.JarScanningCordappLoader. - Looking for CorDapps in [build\mock-network\20230215-115848.790-1906C6D6B1F028A4\nodes\1\cordapps] {}
[INFO ] 2023-02-15T11:58:49,617Z [Test worker] cordapp.JarScanningCordappLoader. - Loading CorDapps from RestrictedURL(url=file:/C:/Users/Anvith/Dropbox/PC/Desktop/Work/Corda/samples-java/Basic/tutorial-applestamp/workflows/build/mock-network/20230215-115848.790-1906C6D6B1F028A4/nodes/1/cordapps/contracts-0.1.jar, rootPackageName=null), RestrictedURL(url=file:/C:/Users/Anvith/Dropbox/PC/Desktop/Work/Corda/samples-java/Basic/tutorial-applestamp/workflows/build/mock-network/20230215-115848.790-1906C6D6B1F028A4/nodes/1/cordapps/workflows-0.1.jar, rootPackageName=null) {}
[INFO ] 2023-02-15T11:58:49,617Z [Test worker] cordapp.JarScanningCordappLoader. - Scanning CorDapp in file:/C:/Users/Anvith/Dropbox/PC/Desktop/Work/Corda/samples-java/Basic/tutorial-applestamp/workflows/build/mock-network/20230215-115848.790-1906C6D6B1F028A4/nodes/1/cordapps/contracts-0.1.jar {}
[INFO ] 2023-02-15T11:58:49,624Z [Test worker] cordapp.JarScanningCordappLoader. - Scanning CorDapp in file:/C:/Users/Anvith/Dropbox/PC/Desktop/Work/Corda/samples-java/Basic/tutorial-applestamp/workflows/build/mock-network/20230215-115848.790-1906C6D6B1F028A4/nodes/1/cordapps/workflows-0.1.jar {}
[INFO ] 2023-02-15T11:58:49,645Z [Test worker] internal.InternalMockNetwork$MockNode. - MessagingService active change to: false {}
[INFO ] 2023-02-15T11:58:49,646Z [Test worker] internal.InternalMockNetwork$MockNode. - Flow external operation executor has a max of 2 threads {}
[INFO ] 2023-02-15T11:58:49,648Z [Test worker] internal.InternalMockNetwork$MockNode. - Node starting up ... {}
[INFO ] 2023-02-15T11:58:49,679Z [Test worker] internal.KeyStoreHandler. - Loaded trusted root certificate: DL7fwxLm5xbiMD8adUuYTsPZHAict46Ng4w6RNcySt5vAw, alias: cordarootca {}
[INFO ] 2023-02-15T11:58:49,679Z [Test worker] internal.KeyStoreHandler. - Loaded node identity key: DL7XxmfDNpmuY7Cs2QjhWBxdtyKb9D7KA3h4tBdxXPnEcm, alias: identity-private-key {}
[INFO ] 2023-02-15T11:58:49,684Z [Test worker] internal.NodeFlowManager. - Registered com.tutorial.flows.CreateAndIssueAppleStamp$CreateAndIssueAppleStampInitiator to initiate com.tutorial.flows.CreateAndIssueAppleStamp$CreateAndIssueAppleStampResponder (version 1) {}
[INFO ] 2023-02-15T11:58:49,684Z [Test worker] internal.NodeFlowManager. - Registered com.tutorial.flows.RedeemApples$RedeemApplesInitiator to initiate com.tutorial.flows.RedeemApples$RedeemApplesResponder (version 1) {}
[INFO ] 2023-02-15T11:58:49,684Z [Test worker] internal.NodeFlowManager. - Registered com.tutorial.flows.TemplateInitiator to initiate com.tutorial.flows.TemplateResponder (version 1) {}
[INFO ] 2023-02-15T11:58:49,686Z [Test worker] internal.InternalMockNetwork$MockNode. - Loaded network parameters: NetworkParameters {
      minimumPlatformVersion=1
      notaries=[NotaryInfo(identity=O=Notary, L=London, C=GB, validating=true)]
      maxMessageSize=10485760
      maxTransactionSize=524288000
      whitelistedContractImplementations {
        
      }
      eventHorizon=PT720H
      packageOwnership {
        
      }
      modifiedTime=2023-02-15T11:58:48.789Z
      epoch=1
  } {}
[INFO ] 2023-02-15T11:58:50,013Z [Test worker] internal.InternalMockNetwork$MockNode. - Connected to H2 database. {}
[INFO ] 2023-02-15T11:58:50,015Z [Test worker] persistence.HibernateConfiguration. - Init HibernateConfiguration for schemas: [CommonSchemaV1(name=net.corda.core.schemas.CommonSchema, version=1), VaultSchemaV1(name=net.corda.node.services.vault.VaultSchema, version=1), NodeInfoSchemaV1(name=net.corda.node.internal.schemas.NodeInfoSchema, version=1), NodeCoreV1(name=net.corda.node.services.schema.NodeSchemaService$NodeCore, version=1)] {}
[INFO ] 2023-02-15T11:58:50,015Z [Test worker] factory.BaseSessionFactoryFactory. - Creating session factory for schemas: [CommonSchemaV1(name=net.corda.core.schemas.CommonSchema, version=1), VaultSchemaV1(name=net.corda.node.services.vault.VaultSchema, version=1), NodeInfoSchemaV1(name=net.corda.node.internal.schemas.NodeInfoSchema, version=1), NodeCoreV1(name=net.corda.node.services.schema.NodeSchemaService$NodeCore, version=1)] {}
[INFO ] 2023-02-15T11:58:50,104Z [Test worker] factory.BaseSessionFactoryFactory. - Created session factory for schemas: [CommonSchemaV1(name=net.corda.core.schemas.CommonSchema, version=1), VaultSchemaV1(name=net.corda.node.services.vault.VaultSchema, version=1), NodeInfoSchemaV1(name=net.corda.node.internal.schemas.NodeInfoSchema, version=1), NodeCoreV1(name=net.corda.node.services.schema.NodeSchemaService$NodeCore, version=1)] {}
[INFO ] 2023-02-15T11:58:50,108Z [Test worker] internal.InternalMockNetwork$MockNode. - Node-info has changed so submitting update. Old node-info was null {}
[INFO ] 2023-02-15T11:58:50,111Z [Test worker] network.PersistentNetworkMapCache. - Adding node with info: NodeInfo(addresses=[mock.node:1000], legalIdentitiesAndCerts=[O=Mock Company 1, L=London, C=GB], platformVersion=11, serial=1676462330109), owningKey=DL7XxmfDNpmuY7Cs2QjhWBxdtyKb9D7KA3h4tBdxXPnEcm {}
[INFO ] 2023-02-15T11:58:50,111Z [Test worker] network.PersistentNetworkMapCache. - No previous node found for O=Mock Company 1, L=London, C=GB {}
[INFO ] 2023-02-15T11:58:50,117Z [Test worker] internal.InternalMockNetwork$MockNode. - New node-info: NodeInfo(addresses=[mock.node:1000], legalIdentitiesAndCerts=[O=Mock Company 1, L=London, C=GB], platformVersion=11, serial=1676462330109) {}
[INFO ] 2023-02-15T11:58:50,123Z [Test worker] network.NetworkMapUpdater. - Auto-accept enabled for network parameter changes which modify only: [epoch, modifiedTime, packageOwnership, whitelistedContractImplementations] {}
[INFO ] 2023-02-15T11:58:50,123Z [Test worker] internal.MockNodeMessagingService. - Status change to true {}
[INFO ] 2023-02-15T11:58:50,123Z [Test worker] internal.InternalMockNetwork$MockNode. - MessagingService active change to: true {}
[INFO ] 2023-02-15T11:58:50,130Z [MockNode-11-2] network.PersistentNetworkMapCache. - Adding node with info: NodeInfo(addresses=[mock.node:1000], legalIdentitiesAndCerts=[O=Mock Company 1, L=London, C=GB], platformVersion=11, serial=1676462330109), owningKey=DL7XxmfDNpmuY7Cs2QjhWBxdtyKb9D7KA3h4tBdxXPnEcm {}
[INFO ] 2023-02-15T11:58:50,130Z [MockNode-11-2] network.PersistentNetworkMapCache. - Previous node was identical to incoming one - doing nothing {}
[INFO ] 2023-02-15T11:58:50,155Z [Test worker] persistence.NodeAttachmentService. - Stored new attachment: id=07E0AC0F4965C91DB66A0F6C4BD137B8780D5CE985AFC1D70AA090C6AF693143 uploader=app filename=4.8LTS Tutorial Contracts {}
[INFO ] 2023-02-15T11:58:50,169Z [Test worker] statemachine.SingleThreadedStateMachineManager. - Node ready, info: NodeInfo(addresses=[mock.node:1000], legalIdentitiesAndCerts=[O=Mock Company 1, L=London, C=GB], platformVersion=11, serial=1676462330109) {}
[INFO ] 2023-02-15T11:58:50,172Z [Test worker] network.PersistentNetworkMapCache. - Adding node with info: NodeInfo(addresses=[mock.node:1000], legalIdentitiesAndCerts=[O=Notary, L=London, C=GB], platformVersion=11, serial=1676462329524), owningKey=DLgfLJrEGAWdJj9VzuGGrdMLMUnmLWwMdB5VrQQE4BCYU {}
[INFO ] 2023-02-15T11:58:50,172Z [Test worker] network.PersistentNetworkMapCache. - No previous node found for O=Notary, L=London, C=GB {}
[INFO ] 2023-02-15T11:58:50,181Z [Test worker] network.PersistentNetworkMapCache. - Adding node with info: NodeInfo(addresses=[mock.node:1000], legalIdentitiesAndCerts=[O=Mock Company 1, L=London, C=GB], platformVersion=11, serial=1676462330109), owningKey=DL7XxmfDNpmuY7Cs2QjhWBxdtyKb9D7KA3h4tBdxXPnEcm {}
[INFO ] 2023-02-15T11:58:50,181Z [Test worker] network.PersistentNetworkMapCache. - No previous node found for O=Mock Company 1, L=London, C=GB {}
[INFO ] 2023-02-15T11:58:50,189Z [Test worker] network.PersistentNetworkMapCache. - Adding node with info: NodeInfo(addresses=[mock.node:1000], legalIdentitiesAndCerts=[O=Mock Company 1, L=London, C=GB], platformVersion=11, serial=1676462330109), owningKey=DL7XxmfDNpmuY7Cs2QjhWBxdtyKb9D7KA3h4tBdxXPnEcm {}
[INFO ] 2023-02-15T11:58:50,189Z [Test worker] network.PersistentNetworkMapCache. - Previous node was identical to incoming one - doing nothing {}
[INFO ] 2023-02-15T11:58:50,189Z [Test worker] network.PersistentNetworkMapCache. - Adding node with info: NodeInfo(addresses=[mock.node:1000], legalIdentitiesAndCerts=[O=Mock Company 1, L=London, C=GB], platformVersion=11, serial=1676462330109), owningKey=DL7XxmfDNpmuY7Cs2QjhWBxdtyKb9D7KA3h4tBdxXPnEcm {}
[INFO ] 2023-02-15T11:58:50,189Z [Test worker] network.PersistentNetworkMapCache. - Previous node was identical to incoming one - doing nothing {}
[INFO ] 2023-02-15T11:58:50,197Z [Test worker] cordapp.JarScanningCordappLoader. - Looking for CorDapps in [build\mock-network\20230215-115848.790-1906C6D6B1F028A4\nodes\2\cordapps] {}
[INFO ] 2023-02-15T11:58:50,199Z [Test worker] cordapp.JarScanningCordappLoader. - Loading CorDapps from RestrictedURL(url=file:/C:/Users/Anvith/Dropbox/PC/Desktop/Work/Corda/samples-java/Basic/tutorial-applestamp/workflows/build/mock-network/20230215-115848.790-1906C6D6B1F028A4/nodes/2/cordapps/contracts-0.1.jar, rootPackageName=null), RestrictedURL(url=file:/C:/Users/Anvith/Dropbox/PC/Desktop/Work/Corda/samples-java/Basic/tutorial-applestamp/workflows/build/mock-network/20230215-115848.790-1906C6D6B1F028A4/nodes/2/cordapps/workflows-0.1.jar, rootPackageName=null) {}
[INFO ] 2023-02-15T11:58:50,199Z [Test worker] cordapp.JarScanningCordappLoader. - Scanning CorDapp in file:/C:/Users/Anvith/Dropbox/PC/Desktop/Work/Corda/samples-java/Basic/tutorial-applestamp/workflows/build/mock-network/20230215-115848.790-1906C6D6B1F028A4/nodes/2/cordapps/contracts-0.1.jar {}
[INFO ] 2023-02-15T11:58:50,213Z [Test worker] cordapp.JarScanningCordappLoader. - Scanning CorDapp in file:/C:/Users/Anvith/Dropbox/PC/Desktop/Work/Corda/samples-java/Basic/tutorial-applestamp/workflows/build/mock-network/20230215-115848.790-1906C6D6B1F028A4/nodes/2/cordapps/workflows-0.1.jar {}
[INFO ] 2023-02-15T11:58:50,234Z [Test worker] internal.InternalMockNetwork$MockNode. - MessagingService active change to: false {}
[INFO ] 2023-02-15T11:58:50,235Z [Test worker] internal.InternalMockNetwork$MockNode. - Flow external operation executor has a max of 2 threads {}
[INFO ] 2023-02-15T11:58:50,236Z [Test worker] internal.InternalMockNetwork$MockNode. - Node starting up ... {}
[INFO ] 2023-02-15T11:58:50,264Z [Test worker] internal.KeyStoreHandler. - Loaded trusted root certificate: DL7fwxLm5xbiMD8adUuYTsPZHAict46Ng4w6RNcySt5vAw, alias: cordarootca {}
[INFO ] 2023-02-15T11:58:50,264Z [Test worker] internal.KeyStoreHandler. - Loaded node identity key: DL4WGNNBpK57accHtMcP55AKw4cBZJaCTzd9pCsLAeXb1o, alias: identity-private-key {}
[INFO ] 2023-02-15T11:58:50,269Z [Test worker] internal.NodeFlowManager. - Registered com.tutorial.flows.CreateAndIssueAppleStamp$CreateAndIssueAppleStampInitiator to initiate com.tutorial.flows.CreateAndIssueAppleStamp$CreateAndIssueAppleStampResponder (version 1) {}
[INFO ] 2023-02-15T11:58:50,269Z [Test worker] internal.NodeFlowManager. - Registered com.tutorial.flows.RedeemApples$RedeemApplesInitiator to initiate com.tutorial.flows.RedeemApples$RedeemApplesResponder (version 1) {}
[INFO ] 2023-02-15T11:58:50,269Z [Test worker] internal.NodeFlowManager. - Registered com.tutorial.flows.TemplateInitiator to initiate com.tutorial.flows.TemplateResponder (version 1) {}
[INFO ] 2023-02-15T11:58:50,271Z [Test worker] internal.InternalMockNetwork$MockNode. - Loaded network parameters: NetworkParameters {
      minimumPlatformVersion=1
      notaries=[NotaryInfo(identity=O=Notary, L=London, C=GB, validating=true)]
      maxMessageSize=10485760
      maxTransactionSize=524288000
      whitelistedContractImplementations {
        
      }
      eventHorizon=PT720H
      packageOwnership {
        
      }
      modifiedTime=2023-02-15T11:58:48.789Z
      epoch=1
  } {}
[INFO ] 2023-02-15T11:58:50,581Z [Test worker] internal.InternalMockNetwork$MockNode. - Connected to H2 database. {}
[INFO ] 2023-02-15T11:58:50,582Z [Test worker] persistence.HibernateConfiguration. - Init HibernateConfiguration for schemas: [CommonSchemaV1(name=net.corda.core.schemas.CommonSchema, version=1), VaultSchemaV1(name=net.corda.node.services.vault.VaultSchema, version=1), NodeInfoSchemaV1(name=net.corda.node.internal.schemas.NodeInfoSchema, version=1), NodeCoreV1(name=net.corda.node.services.schema.NodeSchemaService$NodeCore, version=1)] {}
[INFO ] 2023-02-15T11:58:50,582Z [Test worker] factory.BaseSessionFactoryFactory. - Creating session factory for schemas: [CommonSchemaV1(name=net.corda.core.schemas.CommonSchema, version=1), VaultSchemaV1(name=net.corda.node.services.vault.VaultSchema, version=1), NodeInfoSchemaV1(name=net.corda.node.internal.schemas.NodeInfoSchema, version=1), NodeCoreV1(name=net.corda.node.services.schema.NodeSchemaService$NodeCore, version=1)] {}
[INFO ] 2023-02-15T11:58:50,660Z [Test worker] factory.BaseSessionFactoryFactory. - Created session factory for schemas: [CommonSchemaV1(name=net.corda.core.schemas.CommonSchema, version=1), VaultSchemaV1(name=net.corda.node.services.vault.VaultSchema, version=1), NodeInfoSchemaV1(name=net.corda.node.internal.schemas.NodeInfoSchema, version=1), NodeCoreV1(name=net.corda.node.services.schema.NodeSchemaService$NodeCore, version=1)] {}
[INFO ] 2023-02-15T11:58:50,664Z [Test worker] internal.InternalMockNetwork$MockNode. - Node-info has changed so submitting update. Old node-info was null {}
[INFO ] 2023-02-15T11:58:50,668Z [Test worker] network.PersistentNetworkMapCache. - Adding node with info: NodeInfo(addresses=[mock.node:1000], legalIdentitiesAndCerts=[O=Mock Company 2, L=London, C=GB], platformVersion=11, serial=1676462330664), owningKey=DL4WGNNBpK57accHtMcP55AKw4cBZJaCTzd9pCsLAeXb1o {}
[INFO ] 2023-02-15T11:58:50,668Z [Test worker] network.PersistentNetworkMapCache. - No previous node found for O=Mock Company 2, L=London, C=GB {}
[INFO ] 2023-02-15T11:58:50,673Z [Test worker] internal.InternalMockNetwork$MockNode. - New node-info: NodeInfo(addresses=[mock.node:1000], legalIdentitiesAndCerts=[O=Mock Company 2, L=London, C=GB], platformVersion=11, serial=1676462330664) {}
[INFO ] 2023-02-15T11:58:50,678Z [Test worker] network.NetworkMapUpdater. - Auto-accept enabled for network parameter changes which modify only: [epoch, modifiedTime, packageOwnership, whitelistedContractImplementations] {}
[INFO ] 2023-02-15T11:58:50,679Z [Test worker] internal.MockNodeMessagingService. - Status change to true {}
[INFO ] 2023-02-15T11:58:50,679Z [Test worker] internal.InternalMockNetwork$MockNode. - MessagingService active change to: true {}
[INFO ] 2023-02-15T11:58:50,687Z [MockNode-12-2] network.PersistentNetworkMapCache. - Adding node with info: NodeInfo(addresses=[mock.node:1000], legalIdentitiesAndCerts=[O=Mock Company 2, L=London, C=GB], platformVersion=11, serial=1676462330664), owningKey=DL4WGNNBpK57accHtMcP55AKw4cBZJaCTzd9pCsLAeXb1o {}
[INFO ] 2023-02-15T11:58:50,687Z [MockNode-12-2] network.PersistentNetworkMapCache. - Previous node was identical to incoming one - doing nothing {}
[INFO ] 2023-02-15T11:58:50,708Z [Test worker] persistence.NodeAttachmentService. - Stored new attachment: id=07E0AC0F4965C91DB66A0F6C4BD137B8780D5CE985AFC1D70AA090C6AF693143 uploader=app filename=4.8LTS Tutorial Contracts {}
[INFO ] 2023-02-15T11:58:50,724Z [Test worker] statemachine.SingleThreadedStateMachineManager. - Node ready, info: NodeInfo(addresses=[mock.node:1000], legalIdentitiesAndCerts=[O=Mock Company 2, L=London, C=GB], platformVersion=11, serial=1676462330664) {}
[INFO ] 2023-02-15T11:58:50,726Z [Test worker] network.PersistentNetworkMapCache. - Adding node with info: NodeInfo(addresses=[mock.node:1000], legalIdentitiesAndCerts=[O=Notary, L=London, C=GB], platformVersion=11, serial=1676462329524), owningKey=DLgfLJrEGAWdJj9VzuGGrdMLMUnmLWwMdB5VrQQE4BCYU {}
[INFO ] 2023-02-15T11:58:50,726Z [Test worker] network.PersistentNetworkMapCache. - No previous node found for O=Notary, L=London, C=GB {}
[INFO ] 2023-02-15T11:58:50,736Z [Test worker] network.PersistentNetworkMapCache. - Adding node with info: NodeInfo(addresses=[mock.node:1000], legalIdentitiesAndCerts=[O=Mock Company 2, L=London, C=GB], platformVersion=11, serial=1676462330664), owningKey=DL4WGNNBpK57accHtMcP55AKw4cBZJaCTzd9pCsLAeXb1o {}
[INFO ] 2023-02-15T11:58:50,736Z [Test worker] network.PersistentNetworkMapCache. - No previous node found for O=Mock Company 2, L=London, C=GB {}
[INFO ] 2023-02-15T11:58:50,746Z [Test worker] network.PersistentNetworkMapCache. - Adding node with info: NodeInfo(addresses=[mock.node:1000], legalIdentitiesAndCerts=[O=Mock Company 1, L=London, C=GB], platformVersion=11, serial=1676462330109), owningKey=DL7XxmfDNpmuY7Cs2QjhWBxdtyKb9D7KA3h4tBdxXPnEcm {}
[INFO ] 2023-02-15T11:58:50,746Z [Test worker] network.PersistentNetworkMapCache. - No previous node found for O=Mock Company 1, L=London, C=GB {}
[INFO ] 2023-02-15T11:58:50,754Z [Test worker] network.PersistentNetworkMapCache. - Adding node with info: NodeInfo(addresses=[mock.node:1000], legalIdentitiesAndCerts=[O=Mock Company 2, L=London, C=GB], platformVersion=11, serial=1676462330664), owningKey=DL4WGNNBpK57accHtMcP55AKw4cBZJaCTzd9pCsLAeXb1o {}
[INFO ] 2023-02-15T11:58:50,754Z [Test worker] network.PersistentNetworkMapCache. - No previous node found for O=Mock Company 2, L=London, C=GB {}
[INFO ] 2023-02-15T11:58:50,762Z [Test worker] network.PersistentNetworkMapCache. - Adding node with info: NodeInfo(addresses=[mock.node:1000], legalIdentitiesAndCerts=[O=Mock Company 2, L=London, C=GB], platformVersion=11, serial=1676462330664), owningKey=DL4WGNNBpK57accHtMcP55AKw4cBZJaCTzd9pCsLAeXb1o {}
[INFO ] 2023-02-15T11:58:50,762Z [Test worker] network.PersistentNetworkMapCache. - Previous node was identical to incoming one - doing nothing {}
[INFO ] 2023-02-15T11:58:50,763Z [Test worker] network.PersistentNetworkMapCache. - Adding node with info: NodeInfo(addresses=[mock.node:1000], legalIdentitiesAndCerts=[O=Mock Company 2, L=London, C=GB], platformVersion=11, serial=1676462330664), owningKey=DL4WGNNBpK57accHtMcP55AKw4cBZJaCTzd9pCsLAeXb1o {}
[INFO ] 2023-02-15T11:58:50,763Z [Test worker] network.PersistentNetworkMapCache. - Previous node was identical to incoming one - doing nothing {}
[INFO ] 2023-02-15T11:58:50,878Z [Mock network] corda.flow. - Received transaction acknowledgement request from party O=Mock Company 1, L=London, C=GB. {fiber-id=10000007, flow-id=951e4833-9ee3-41e2-be8e-b898a4537ce9, invocation_id=757f1c8d-e600-47f8-8b51-00eb59eefa5c, invocation_timestamp=2023-02-15T11:58:50.860Z, origin=O=Mock Company 1, L=London, C=GB, session_id=757f1c8d-e600-47f8-8b51-00eb59eefa5c, session_timestamp=2023-02-15T11:58:50.860Z, thread-id=1237, tx_id=DDF79932632FAF3D7963F5CEE61F569F32EB87D883BD01132A1A6C661B529265}
[INFO ] 2023-02-15T11:58:50,888Z [Mock network] corda.flow. - Transaction dependencies resolution completed. {fiber-id=10000007, flow-id=951e4833-9ee3-41e2-be8e-b898a4537ce9, invocation_id=757f1c8d-e600-47f8-8b51-00eb59eefa5c, invocation_timestamp=2023-02-15T11:58:50.860Z, origin=O=Mock Company 1, L=London, C=GB, session_id=757f1c8d-e600-47f8-8b51-00eb59eefa5c, session_timestamp=2023-02-15T11:58:50.860Z, thread-id=1237, tx_id=DDF79932632FAF3D7963F5CEE61F569F32EB87D883BD01132A1A6C661B529265}
[INFO ] 2023-02-15T11:58:50,966Z [Mock network] corda.flow. - No need to notarise this transaction. {actor_id=Only For Testing, actor_owning_identity=O=Mock Company 1, L=London, C=GB, actor_store_id=TEST, fiber-id=10000006, flow-id=7d5d7027-5b18-4b51-b3ea-e329c7c13aa7, invocation_id=bdbba676-3d72-4f4e-a779-2039e1b6d01d, invocation_timestamp=2023-02-15T11:58:50.764Z, origin=Only For Testing, session_id=bdbba676-3d72-4f4e-a779-2039e1b6d01d, session_timestamp=2023-02-15T11:58:50.764Z, thread-id=1237, tx_id=DDF79932632FAF3D7963F5CEE61F569F32EB87D883BD01132A1A6C661B529265}
[INFO ] 2023-02-15T11:58:50,966Z [Mock network] corda.flow. - Recording transaction locally. {actor_id=Only For Testing, actor_owning_identity=O=Mock Company 1, L=London, C=GB, actor_store_id=TEST, fiber-id=10000006, flow-id=7d5d7027-5b18-4b51-b3ea-e329c7c13aa7, invocation_id=bdbba676-3d72-4f4e-a779-2039e1b6d01d, invocation_timestamp=2023-02-15T11:58:50.764Z, origin=Only For Testing, session_id=bdbba676-3d72-4f4e-a779-2039e1b6d01d, session_timestamp=2023-02-15T11:58:50.764Z, thread-id=1237, tx_id=DDF79932632FAF3D7963F5CEE61F569F32EB87D883BD01132A1A6C661B529265}
[INFO ] 2023-02-15T11:58:50,984Z [Mock network] corda.flow. - Recorded transaction locally successfully. {actor_id=Only For Testing, actor_owning_identity=O=Mock Company 1, L=London, C=GB, actor_store_id=TEST, fiber-id=10000006, flow-id=7d5d7027-5b18-4b51-b3ea-e329c7c13aa7, invocation_id=bdbba676-3d72-4f4e-a779-2039e1b6d01d, invocation_timestamp=2023-02-15T11:58:50.764Z, origin=Only For Testing, session_id=bdbba676-3d72-4f4e-a779-2039e1b6d01d, session_timestamp=2023-02-15T11:58:50.764Z, thread-id=1237, tx_id=DDF79932632FAF3D7963F5CEE61F569F32EB87D883BD01132A1A6C661B529265}
[INFO ] 2023-02-15T11:58:50,995Z [Mock network] corda.flow. - Received transaction acknowledgement request from party O=Mock Company 1, L=London, C=GB. {fiber-id=10000007, flow-id=951e4833-9ee3-41e2-be8e-b898a4537ce9, invocation_id=757f1c8d-e600-47f8-8b51-00eb59eefa5c, invocation_timestamp=2023-02-15T11:58:50.860Z, origin=O=Mock Company 1, L=London, C=GB, session_id=757f1c8d-e600-47f8-8b51-00eb59eefa5c, session_timestamp=2023-02-15T11:58:50.860Z, thread-id=1237, tx_id=DDF79932632FAF3D7963F5CEE61F569F32EB87D883BD01132A1A6C661B529265}
[INFO ] 2023-02-15T11:58:51,001Z [Mock network] corda.flow. - Transaction dependencies resolution completed. {fiber-id=10000007, flow-id=951e4833-9ee3-41e2-be8e-b898a4537ce9, invocation_id=757f1c8d-e600-47f8-8b51-00eb59eefa5c, invocation_timestamp=2023-02-15T11:58:50.860Z, origin=O=Mock Company 1, L=London, C=GB, session_id=757f1c8d-e600-47f8-8b51-00eb59eefa5c, session_timestamp=2023-02-15T11:58:50.860Z, thread-id=1237, tx_id=DDF79932632FAF3D7963F5CEE61F569F32EB87D883BD01132A1A6C661B529265}
[INFO ] 2023-02-15T11:58:51,004Z [Mock network] corda.flow. - Successfully received fully signed tx. Sending it to the vault for processing. {fiber-id=10000007, flow-id=951e4833-9ee3-41e2-be8e-b898a4537ce9, invocation_id=757f1c8d-e600-47f8-8b51-00eb59eefa5c, invocation_timestamp=2023-02-15T11:58:50.860Z, origin=O=Mock Company 1, L=London, C=GB, session_id=757f1c8d-e600-47f8-8b51-00eb59eefa5c, session_timestamp=2023-02-15T11:58:50.860Z, thread-id=1237, tx_id=DDF79932632FAF3D7963F5CEE61F569F32EB87D883BD01132A1A6C661B529265}
[INFO ] 2023-02-15T11:58:51,010Z [Mock network] corda.flow. - Successfully recorded received transaction locally. {fiber-id=10000007, flow-id=951e4833-9ee3-41e2-be8e-b898a4537ce9, invocation_id=757f1c8d-e600-47f8-8b51-00eb59eefa5c, invocation_timestamp=2023-02-15T11:58:50.860Z, origin=O=Mock Company 1, L=London, C=GB, session_id=757f1c8d-e600-47f8-8b51-00eb59eefa5c, session_timestamp=2023-02-15T11:58:50.860Z, thread-id=1237, tx_id=DDF79932632FAF3D7963F5CEE61F569F32EB87D883BD01132A1A6C661B529265}
[INFO ] 2023-02-15T11:58:51,020Z [Mock network] corda.flow. - Party O=Mock Company 2, L=London, C=GB received the transaction. {actor_id=Only For Testing, actor_owning_identity=O=Mock Company 1, L=London, C=GB, actor_store_id=TEST, fiber-id=10000006, flow-id=7d5d7027-5b18-4b51-b3ea-e329c7c13aa7, invocation_id=bdbba676-3d72-4f4e-a779-2039e1b6d01d, invocation_timestamp=2023-02-15T11:58:50.764Z, origin=Only For Testing, session_id=bdbba676-3d72-4f4e-a779-2039e1b6d01d, session_timestamp=2023-02-15T11:58:50.764Z, thread-id=1237, tx_id=DDF79932632FAF3D7963F5CEE61F569F32EB87D883BD01132A1A6C661B529265}
[INFO ] 2023-02-15T11:58:51,020Z [Mock network] corda.flow. - All parties received the transaction successfully. {actor_id=Only For Testing, actor_owning_identity=O=Mock Company 1, L=London, C=GB, actor_store_id=TEST, fiber-id=10000006, flow-id=7d5d7027-5b18-4b51-b3ea-e329c7c13aa7, invocation_id=bdbba676-3d72-4f4e-a779-2039e1b6d01d, invocation_timestamp=2023-02-15T11:58:50.764Z, origin=Only For Testing, session_id=bdbba676-3d72-4f4e-a779-2039e1b6d01d, session_timestamp=2023-02-15T11:58:50.764Z, thread-id=1237, tx_id=DDF79932632FAF3D7963F5CEE61F569F32EB87D883BD01132A1A6C661B529265}
[INFO ] 2023-02-15T11:58:51,031Z [Test worker] persistence.CordaPersistence. - Closing HikariDataSource (HikariPool-10) {}
[INFO ] 2023-02-15T11:58:51,041Z [Test worker] internal.MockNodeMessagingService. - Status change to false {}
[INFO ] 2023-02-15T11:58:51,041Z [Test worker] internal.InternalMockNetwork$MockNode. - MessagingService active change to: false {}
[INFO ] 2023-02-15T11:58:51,043Z [Test worker] persistence.CordaPersistence. - Closing HikariDataSource (HikariPool-11) {}
[INFO ] 2023-02-15T11:58:51,056Z [Test worker] internal.MockNodeMessagingService. - Status change to false {}
[INFO ] 2023-02-15T11:58:51,056Z [Test worker] internal.InternalMockNetwork$MockNode. - MessagingService active change to: false {}
[INFO ] 2023-02-15T11:58:51,058Z [Test worker] persistence.CordaPersistence. - Closing HikariDataSource (HikariPool-12) {}
[INFO ] 2023-02-15T11:58:51,071Z [Test worker] internal.MockNodeMessagingService. - Status change to false {}
[INFO ] 2023-02-15T11:58:51,071Z [Test worker] internal.InternalMockNetwork$MockNode. - MessagingService active change to: false {}
[INFO ] 2023-02-15T11:58:51,142Z [Test worker] cordapp.JarScanningCordappLoader. - Looking for CorDapps in [build\mock-network\20230215-115851.075-7C309994B586D00C\nodes\0\cordapps] {}
[INFO ] 2023-02-15T11:58:51,142Z [Test worker] cordapp.JarScanningCordappLoader. - Loading CorDapps from RestrictedURL(url=file:/C:/Users/Anvith/Dropbox/PC/Desktop/Work/Corda/samples-java/Basic/tutorial-applestamp/workflows/build/mock-network/20230215-115851.075-7C309994B586D00C/nodes/0/cordapps/contracts-0.1.jar, rootPackageName=null), RestrictedURL(url=file:/C:/Users/Anvith/Dropbox/PC/Desktop/Work/Corda/samples-java/Basic/tutorial-applestamp/workflows/build/mock-network/20230215-115851.075-7C309994B586D00C/nodes/0/cordapps/workflows-0.1.jar, rootPackageName=null) {}
[INFO ] 2023-02-15T11:58:51,142Z [Test worker] cordapp.JarScanningCordappLoader. - Scanning CorDapp in file:/C:/Users/Anvith/Dropbox/PC/Desktop/Work/Corda/samples-java/Basic/tutorial-applestamp/workflows/build/mock-network/20230215-115851.075-7C309994B586D00C/nodes/0/cordapps/contracts-0.1.jar {}
[INFO ] 2023-02-15T11:58:51,149Z [Test worker] cordapp.JarScanningCordappLoader. - Scanning CorDapp in file:/C:/Users/Anvith/Dropbox/PC/Desktop/Work/Corda/samples-java/Basic/tutorial-applestamp/workflows/build/mock-network/20230215-115851.075-7C309994B586D00C/nodes/0/cordapps/workflows-0.1.jar {}
[INFO ] 2023-02-15T11:58:51,169Z [Test worker] internal.InternalMockNetwork$MockNode. - MessagingService active change to: false {}
[INFO ] 2023-02-15T11:58:51,170Z [Test worker] internal.InternalMockNetwork$MockNode. - Flow external operation executor has a max of 2 threads {}
[INFO ] 2023-02-15T11:58:51,171Z [Test worker] internal.InternalMockNetwork$MockNode. - Node starting up ... {}
[INFO ] 2023-02-15T11:58:51,174Z [Test worker] internal.KeyStoreHandler. - Loaded trusted root certificate: DL7fwxLm5xbiMD8adUuYTsPZHAict46Ng4w6RNcySt5vAw, alias: cordarootca {}
[INFO ] 2023-02-15T11:58:51,174Z [Test worker] internal.KeyStoreHandler. - Loaded node identity key: DLGAU4ZB7Sdh2jsnHJVNkEim54FThD9ADvPXddccxYS8Sf, alias: identity-private-key {}
[INFO ] 2023-02-15T11:58:51,180Z [Test worker] internal.NodeFlowManager. - Registered com.tutorial.flows.CreateAndIssueAppleStamp$CreateAndIssueAppleStampInitiator to initiate com.tutorial.flows.CreateAndIssueAppleStamp$CreateAndIssueAppleStampResponder (version 1) {}
[INFO ] 2023-02-15T11:58:51,180Z [Test worker] internal.NodeFlowManager. - Registered com.tutorial.flows.RedeemApples$RedeemApplesInitiator to initiate com.tutorial.flows.RedeemApples$RedeemApplesResponder (version 1) {}
[INFO ] 2023-02-15T11:58:51,180Z [Test worker] internal.NodeFlowManager. - Registered com.tutorial.flows.TemplateInitiator to initiate com.tutorial.flows.TemplateResponder (version 1) {}
[INFO ] 2023-02-15T11:58:51,184Z [Test worker] internal.InternalMockNetwork$MockNode. - Loaded network parameters: NetworkParameters {
      minimumPlatformVersion=1
      notaries=[NotaryInfo(identity=O=Notary, L=London, C=GB, validating=true)]
      maxMessageSize=10485760
      maxTransactionSize=524288000
      whitelistedContractImplementations {
        
      }
      eventHorizon=PT720H
      packageOwnership {
        
      }
      modifiedTime=2023-02-15T11:58:51.075Z
      epoch=1
  } {}
[INFO ] 2023-02-15T11:58:51,610Z [Test worker] internal.InternalMockNetwork$MockNode. - Connected to H2 database. {}
[INFO ] 2023-02-15T11:58:51,612Z [Test worker] persistence.HibernateConfiguration. - Init HibernateConfiguration for schemas: [CommonSchemaV1(name=net.corda.core.schemas.CommonSchema, version=1), VaultSchemaV1(name=net.corda.node.services.vault.VaultSchema, version=1), NodeInfoSchemaV1(name=net.corda.node.internal.schemas.NodeInfoSchema, version=1), NodeCoreV1(name=net.corda.node.services.schema.NodeSchemaService$NodeCore, version=1), JPANotarySchemaV1(name=net.corda.notary.jpa.JPANotarySchema, version=1)] {}
[INFO ] 2023-02-15T11:58:51,612Z [Test worker] factory.BaseSessionFactoryFactory. - Creating session factory for schemas: [CommonSchemaV1(name=net.corda.core.schemas.CommonSchema, version=1), VaultSchemaV1(name=net.corda.node.services.vault.VaultSchema, version=1), NodeInfoSchemaV1(name=net.corda.node.internal.schemas.NodeInfoSchema, version=1), NodeCoreV1(name=net.corda.node.services.schema.NodeSchemaService$NodeCore, version=1), JPANotarySchemaV1(name=net.corda.notary.jpa.JPANotarySchema, version=1)] {}
[INFO ] 2023-02-15T11:58:51,701Z [Test worker] factory.BaseSessionFactoryFactory. - Created session factory for schemas: [CommonSchemaV1(name=net.corda.core.schemas.CommonSchema, version=1), VaultSchemaV1(name=net.corda.node.services.vault.VaultSchema, version=1), NodeInfoSchemaV1(name=net.corda.node.internal.schemas.NodeInfoSchema, version=1), NodeCoreV1(name=net.corda.node.services.schema.NodeSchemaService$NodeCore, version=1), JPANotarySchemaV1(name=net.corda.notary.jpa.JPANotarySchema, version=1)] {}
[INFO ] 2023-02-15T11:58:51,705Z [Test worker] internal.InternalMockNetwork$MockNode. - Node-info has changed so submitting update. Old node-info was null {}
[INFO ] 2023-02-15T11:58:51,707Z [Test worker] network.PersistentNetworkMapCache. - Adding node with info: NodeInfo(addresses=[mock.node:1000], legalIdentitiesAndCerts=[O=Notary, L=London, C=GB], platformVersion=11, serial=1676462331705), owningKey=DLGAU4ZB7Sdh2jsnHJVNkEim54FThD9ADvPXddccxYS8Sf {}
[INFO ] 2023-02-15T11:58:51,707Z [Test worker] network.PersistentNetworkMapCache. - No previous node found for O=Notary, L=London, C=GB {}
[INFO ] 2023-02-15T11:58:51,717Z [Test worker] internal.InternalMockNetwork$MockNode. - New node-info: NodeInfo(addresses=[mock.node:1000], legalIdentitiesAndCerts=[O=Notary, L=London, C=GB], platformVersion=11, serial=1676462331705) {}
[INFO ] 2023-02-15T11:58:51,725Z [Test worker] network.NetworkMapUpdater. - Auto-accept enabled for network parameter changes which modify only: [epoch, modifiedTime, packageOwnership, whitelistedContractImplementations] {}
[INFO ] 2023-02-15T11:58:51,725Z [Test worker] internal.MockNodeMessagingService. - Status change to true {}
[INFO ] 2023-02-15T11:58:51,725Z [Test worker] internal.InternalMockNetwork$MockNode. - MessagingService active change to: true {}
[INFO ] 2023-02-15T11:58:51,731Z [MockNode-13-2] network.PersistentNetworkMapCache. - Adding node with info: NodeInfo(addresses=[mock.node:1000], legalIdentitiesAndCerts=[O=Notary, L=London, C=GB], platformVersion=11, serial=1676462331705), owningKey=DLGAU4ZB7Sdh2jsnHJVNkEim54FThD9ADvPXddccxYS8Sf {}
[INFO ] 2023-02-15T11:58:51,731Z [MockNode-13-2] network.PersistentNetworkMapCache. - Previous node was identical to incoming one - doing nothing {}
[INFO ] 2023-02-15T11:58:51,751Z [Test worker] persistence.NodeAttachmentService. - Stored new attachment: id=07E0AC0F4965C91DB66A0F6C4BD137B8780D5CE985AFC1D70AA090C6AF693143 uploader=app filename=4.8LTS Tutorial Contracts {}
[INFO ] 2023-02-15T11:58:51,753Z [Test worker] utilities.NotaryLoader. - Starting notary service: class net.corda.notary.jpa.JPANotaryService {}
[INFO ] 2023-02-15T11:58:51,764Z [Test worker] statemachine.SingleThreadedStateMachineManager. - Node ready, info: NodeInfo(addresses=[mock.node:1000], legalIdentitiesAndCerts=[O=Notary, L=London, C=GB], platformVersion=11, serial=1676462331705) {}
[INFO ] 2023-02-15T11:58:51,764Z [Test worker] network.PersistentNetworkMapCache. - Adding node with info: NodeInfo(addresses=[mock.node:1000], legalIdentitiesAndCerts=[O=Notary, L=London, C=GB], platformVersion=11, serial=1676462331705), owningKey=DLGAU4ZB7Sdh2jsnHJVNkEim54FThD9ADvPXddccxYS8Sf {}
[INFO ] 2023-02-15T11:58:51,764Z [Test worker] network.PersistentNetworkMapCache. - Previous node was identical to incoming one - doing nothing {}
[INFO ] 2023-02-15T11:58:51,765Z [Test worker] network.PersistentNetworkMapCache. - Adding node with info: NodeInfo(addresses=[mock.node:1000], legalIdentitiesAndCerts=[O=Notary, L=London, C=GB], platformVersion=11, serial=1676462331705), owningKey=DLGAU4ZB7Sdh2jsnHJVNkEim54FThD9ADvPXddccxYS8Sf {}
[INFO ] 2023-02-15T11:58:51,765Z [Test worker] network.PersistentNetworkMapCache. - Previous node was identical to incoming one - doing nothing {}
[INFO ] 2023-02-15T11:58:51,773Z [Test worker] cordapp.JarScanningCordappLoader. - Looking for CorDapps in [build\mock-network\20230215-115851.075-7C309994B586D00C\nodes\1\cordapps] {}
[INFO ] 2023-02-15T11:58:51,773Z [Test worker] cordapp.JarScanningCordappLoader. - Loading CorDapps from RestrictedURL(url=file:/C:/Users/Anvith/Dropbox/PC/Desktop/Work/Corda/samples-java/Basic/tutorial-applestamp/workflows/build/mock-network/20230215-115851.075-7C309994B586D00C/nodes/1/cordapps/contracts-0.1.jar, rootPackageName=null), RestrictedURL(url=file:/C:/Users/Anvith/Dropbox/PC/Desktop/Work/Corda/samples-java/Basic/tutorial-applestamp/workflows/build/mock-network/20230215-115851.075-7C309994B586D00C/nodes/1/cordapps/workflows-0.1.jar, rootPackageName=null) {}
[INFO ] 2023-02-15T11:58:51,773Z [Test worker] cordapp.JarScanningCordappLoader. - Scanning CorDapp in file:/C:/Users/Anvith/Dropbox/PC/Desktop/Work/Corda/samples-java/Basic/tutorial-applestamp/workflows/build/mock-network/20230215-115851.075-7C309994B586D00C/nodes/1/cordapps/contracts-0.1.jar {}
[INFO ] 2023-02-15T11:58:51,779Z [Test worker] cordapp.JarScanningCordappLoader. - Scanning CorDapp in file:/C:/Users/Anvith/Dropbox/PC/Desktop/Work/Corda/samples-java/Basic/tutorial-applestamp/workflows/build/mock-network/20230215-115851.075-7C309994B586D00C/nodes/1/cordapps/workflows-0.1.jar {}
[INFO ] 2023-02-15T11:58:51,799Z [Test worker] internal.InternalMockNetwork$MockNode. - MessagingService active change to: false {}
[INFO ] 2023-02-15T11:58:51,800Z [Test worker] internal.InternalMockNetwork$MockNode. - Flow external operation executor has a max of 2 threads {}
[INFO ] 2023-02-15T11:58:51,801Z [Test worker] internal.InternalMockNetwork$MockNode. - Node starting up ... {}
[INFO ] 2023-02-15T11:58:51,828Z [Test worker] internal.KeyStoreHandler. - Loaded trusted root certificate: DL7fwxLm5xbiMD8adUuYTsPZHAict46Ng4w6RNcySt5vAw, alias: cordarootca {}
[INFO ] 2023-02-15T11:58:51,828Z [Test worker] internal.KeyStoreHandler. - Loaded node identity key: DLC6fF6DbBnzsDpFKHkKn81M8P7jxMxrgnuNRJiskXGhDw, alias: identity-private-key {}
[INFO ] 2023-02-15T11:58:51,833Z [Test worker] internal.NodeFlowManager. - Registered com.tutorial.flows.CreateAndIssueAppleStamp$CreateAndIssueAppleStampInitiator to initiate com.tutorial.flows.CreateAndIssueAppleStamp$CreateAndIssueAppleStampResponder (version 1) {}
[INFO ] 2023-02-15T11:58:51,833Z [Test worker] internal.NodeFlowManager. - Registered com.tutorial.flows.RedeemApples$RedeemApplesInitiator to initiate com.tutorial.flows.RedeemApples$RedeemApplesResponder (version 1) {}
[INFO ] 2023-02-15T11:58:51,833Z [Test worker] internal.NodeFlowManager. - Registered com.tutorial.flows.TemplateInitiator to initiate com.tutorial.flows.TemplateResponder (version 1) {}
[INFO ] 2023-02-15T11:58:51,835Z [Test worker] internal.InternalMockNetwork$MockNode. - Loaded network parameters: NetworkParameters {
      minimumPlatformVersion=1
      notaries=[NotaryInfo(identity=O=Notary, L=London, C=GB, validating=true)]
      maxMessageSize=10485760
      maxTransactionSize=524288000
      whitelistedContractImplementations {
        
      }
      eventHorizon=PT720H
      packageOwnership {
        
      }
      modifiedTime=2023-02-15T11:58:51.075Z
      epoch=1
  } {}
[INFO ] 2023-02-15T11:58:52,142Z [Test worker] internal.InternalMockNetwork$MockNode. - Connected to H2 database. {}
[INFO ] 2023-02-15T11:58:52,144Z [Test worker] persistence.HibernateConfiguration. - Init HibernateConfiguration for schemas: [CommonSchemaV1(name=net.corda.core.schemas.CommonSchema, version=1), VaultSchemaV1(name=net.corda.node.services.vault.VaultSchema, version=1), NodeInfoSchemaV1(name=net.corda.node.internal.schemas.NodeInfoSchema, version=1), NodeCoreV1(name=net.corda.node.services.schema.NodeSchemaService$NodeCore, version=1)] {}
[INFO ] 2023-02-15T11:58:52,144Z [Test worker] factory.BaseSessionFactoryFactory. - Creating session factory for schemas: [CommonSchemaV1(name=net.corda.core.schemas.CommonSchema, version=1), VaultSchemaV1(name=net.corda.node.services.vault.VaultSchema, version=1), NodeInfoSchemaV1(name=net.corda.node.internal.schemas.NodeInfoSchema, version=1), NodeCoreV1(name=net.corda.node.services.schema.NodeSchemaService$NodeCore, version=1)] {}
[INFO ] 2023-02-15T11:58:52,214Z [Test worker] factory.BaseSessionFactoryFactory. - Created session factory for schemas: [CommonSchemaV1(name=net.corda.core.schemas.CommonSchema, version=1), VaultSchemaV1(name=net.corda.node.services.vault.VaultSchema, version=1), NodeInfoSchemaV1(name=net.corda.node.internal.schemas.NodeInfoSchema, version=1), NodeCoreV1(name=net.corda.node.services.schema.NodeSchemaService$NodeCore, version=1)] {}
[INFO ] 2023-02-15T11:58:52,220Z [Test worker] internal.InternalMockNetwork$MockNode. - Node-info has changed so submitting update. Old node-info was null {}
[INFO ] 2023-02-15T11:58:52,223Z [Test worker] network.PersistentNetworkMapCache. - Adding node with info: NodeInfo(addresses=[mock.node:1000], legalIdentitiesAndCerts=[O=Mock Company 1, L=London, C=GB], platformVersion=11, serial=1676462332220), owningKey=DLC6fF6DbBnzsDpFKHkKn81M8P7jxMxrgnuNRJiskXGhDw {}
[INFO ] 2023-02-15T11:58:52,223Z [Test worker] network.PersistentNetworkMapCache. - No previous node found for O=Mock Company 1, L=London, C=GB {}
[INFO ] 2023-02-15T11:58:52,229Z [Test worker] internal.InternalMockNetwork$MockNode. - New node-info: NodeInfo(addresses=[mock.node:1000], legalIdentitiesAndCerts=[O=Mock Company 1, L=London, C=GB], platformVersion=11, serial=1676462332220) {}
[INFO ] 2023-02-15T11:58:52,234Z [Test worker] network.NetworkMapUpdater. - Auto-accept enabled for network parameter changes which modify only: [epoch, modifiedTime, packageOwnership, whitelistedContractImplementations] {}
[INFO ] 2023-02-15T11:58:52,235Z [Test worker] internal.MockNodeMessagingService. - Status change to true {}
[INFO ] 2023-02-15T11:58:52,235Z [Test worker] internal.InternalMockNetwork$MockNode. - MessagingService active change to: true {}
[INFO ] 2023-02-15T11:58:52,242Z [MockNode-14-2] network.PersistentNetworkMapCache. - Adding node with info: NodeInfo(addresses=[mock.node:1000], legalIdentitiesAndCerts=[O=Mock Company 1, L=London, C=GB], platformVersion=11, serial=1676462332220), owningKey=DLC6fF6DbBnzsDpFKHkKn81M8P7jxMxrgnuNRJiskXGhDw {}
[INFO ] 2023-02-15T11:58:52,242Z [MockNode-14-2] network.PersistentNetworkMapCache. - Previous node was identical to incoming one - doing nothing {}
[INFO ] 2023-02-15T11:58:52,264Z [Test worker] persistence.NodeAttachmentService. - Stored new attachment: id=07E0AC0F4965C91DB66A0F6C4BD137B8780D5CE985AFC1D70AA090C6AF693143 uploader=app filename=4.8LTS Tutorial Contracts {}
[INFO ] 2023-02-15T11:58:52,280Z [Test worker] statemachine.SingleThreadedStateMachineManager. - Node ready, info: NodeInfo(addresses=[mock.node:1000], legalIdentitiesAndCerts=[O=Mock Company 1, L=London, C=GB], platformVersion=11, serial=1676462332220) {}
[INFO ] 2023-02-15T11:58:52,283Z [Test worker] network.PersistentNetworkMapCache. - Adding node with info: NodeInfo(addresses=[mock.node:1000], legalIdentitiesAndCerts=[O=Notary, L=London, C=GB], platformVersion=11, serial=1676462331705), owningKey=DLGAU4ZB7Sdh2jsnHJVNkEim54FThD9ADvPXddccxYS8Sf {}
[INFO ] 2023-02-15T11:58:52,283Z [Test worker] network.PersistentNetworkMapCache. - No previous node found for O=Notary, L=London, C=GB {}
[INFO ] 2023-02-15T11:58:52,291Z [Test worker] network.PersistentNetworkMapCache. - Adding node with info: NodeInfo(addresses=[mock.node:1000], legalIdentitiesAndCerts=[O=Mock Company 1, L=London, C=GB], platformVersion=11, serial=1676462332220), owningKey=DLC6fF6DbBnzsDpFKHkKn81M8P7jxMxrgnuNRJiskXGhDw {}
[INFO ] 2023-02-15T11:58:52,291Z [Test worker] network.PersistentNetworkMapCache. - No previous node found for O=Mock Company 1, L=London, C=GB {}
[INFO ] 2023-02-15T11:58:52,299Z [Test worker] network.PersistentNetworkMapCache. - Adding node with info: NodeInfo(addresses=[mock.node:1000], legalIdentitiesAndCerts=[O=Mock Company 1, L=London, C=GB], platformVersion=11, serial=1676462332220), owningKey=DLC6fF6DbBnzsDpFKHkKn81M8P7jxMxrgnuNRJiskXGhDw {}
[INFO ] 2023-02-15T11:58:52,299Z [Test worker] network.PersistentNetworkMapCache. - Previous node was identical to incoming one - doing nothing {}
[INFO ] 2023-02-15T11:58:52,299Z [Test worker] network.PersistentNetworkMapCache. - Adding node with info: NodeInfo(addresses=[mock.node:1000], legalIdentitiesAndCerts=[O=Mock Company 1, L=London, C=GB], platformVersion=11, serial=1676462332220), owningKey=DLC6fF6DbBnzsDpFKHkKn81M8P7jxMxrgnuNRJiskXGhDw {}
[INFO ] 2023-02-15T11:58:52,299Z [Test worker] network.PersistentNetworkMapCache. - Previous node was identical to incoming one - doing nothing {}
[INFO ] 2023-02-15T11:58:52,309Z [Test worker] cordapp.JarScanningCordappLoader. - Looking for CorDapps in [build\mock-network\20230215-115851.075-7C309994B586D00C\nodes\2\cordapps] {}
[INFO ] 2023-02-15T11:58:52,310Z [Test worker] cordapp.JarScanningCordappLoader. - Loading CorDapps from RestrictedURL(url=file:/C:/Users/Anvith/Dropbox/PC/Desktop/Work/Corda/samples-java/Basic/tutorial-applestamp/workflows/build/mock-network/20230215-115851.075-7C309994B586D00C/nodes/2/cordapps/contracts-0.1.jar, rootPackageName=null), RestrictedURL(url=file:/C:/Users/Anvith/Dropbox/PC/Desktop/Work/Corda/samples-java/Basic/tutorial-applestamp/workflows/build/mock-network/20230215-115851.075-7C309994B586D00C/nodes/2/cordapps/workflows-0.1.jar, rootPackageName=null) {}
[INFO ] 2023-02-15T11:58:52,310Z [Test worker] cordapp.JarScanningCordappLoader. - Scanning CorDapp in file:/C:/Users/Anvith/Dropbox/PC/Desktop/Work/Corda/samples-java/Basic/tutorial-applestamp/workflows/build/mock-network/20230215-115851.075-7C309994B586D00C/nodes/2/cordapps/contracts-0.1.jar {}
[INFO ] 2023-02-15T11:58:52,318Z [Test worker] cordapp.JarScanningCordappLoader. - Scanning CorDapp in file:/C:/Users/Anvith/Dropbox/PC/Desktop/Work/Corda/samples-java/Basic/tutorial-applestamp/workflows/build/mock-network/20230215-115851.075-7C309994B586D00C/nodes/2/cordapps/workflows-0.1.jar {}
[INFO ] 2023-02-15T11:58:52,338Z [Test worker] internal.InternalMockNetwork$MockNode. - MessagingService active change to: false {}
[INFO ] 2023-02-15T11:58:52,340Z [Test worker] internal.InternalMockNetwork$MockNode. - Flow external operation executor has a max of 2 threads {}
[INFO ] 2023-02-15T11:58:52,342Z [Test worker] internal.InternalMockNetwork$MockNode. - Node starting up ... {}
[INFO ] 2023-02-15T11:58:52,375Z [Test worker] internal.KeyStoreHandler. - Loaded trusted root certificate: DL7fwxLm5xbiMD8adUuYTsPZHAict46Ng4w6RNcySt5vAw, alias: cordarootca {}
[INFO ] 2023-02-15T11:58:52,375Z [Test worker] internal.KeyStoreHandler. - Loaded node identity key: DL6sy22FGYMn6y7E9bVFJAhNt27zFbPYEG7B6DZvhtQNg7, alias: identity-private-key {}
[INFO ] 2023-02-15T11:58:52,380Z [Test worker] internal.NodeFlowManager. - Registered com.tutorial.flows.CreateAndIssueAppleStamp$CreateAndIssueAppleStampInitiator to initiate com.tutorial.flows.CreateAndIssueAppleStamp$CreateAndIssueAppleStampResponder (version 1) {}
[INFO ] 2023-02-15T11:58:52,380Z [Test worker] internal.NodeFlowManager. - Registered com.tutorial.flows.RedeemApples$RedeemApplesInitiator to initiate com.tutorial.flows.RedeemApples$RedeemApplesResponder (version 1) {}
[INFO ] 2023-02-15T11:58:52,380Z [Test worker] internal.NodeFlowManager. - Registered com.tutorial.flows.TemplateInitiator to initiate com.tutorial.flows.TemplateResponder (version 1) {}
[INFO ] 2023-02-15T11:58:52,383Z [Test worker] internal.InternalMockNetwork$MockNode. - Loaded network parameters: NetworkParameters {
      minimumPlatformVersion=1
      notaries=[NotaryInfo(identity=O=Notary, L=London, C=GB, validating=true)]
      maxMessageSize=10485760
      maxTransactionSize=524288000
      whitelistedContractImplementations {
        
      }
      eventHorizon=PT720H
      packageOwnership {
        
      }
      modifiedTime=2023-02-15T11:58:51.075Z
      epoch=1
  } {}
[INFO ] 2023-02-15T11:58:52,667Z [Test worker] internal.InternalMockNetwork$MockNode. - Connected to H2 database. {}
[INFO ] 2023-02-15T11:58:52,668Z [Test worker] persistence.HibernateConfiguration. - Init HibernateConfiguration for schemas: [CommonSchemaV1(name=net.corda.core.schemas.CommonSchema, version=1), VaultSchemaV1(name=net.corda.node.services.vault.VaultSchema, version=1), NodeInfoSchemaV1(name=net.corda.node.internal.schemas.NodeInfoSchema, version=1), NodeCoreV1(name=net.corda.node.services.schema.NodeSchemaService$NodeCore, version=1)] {}
[INFO ] 2023-02-15T11:58:52,668Z [Test worker] factory.BaseSessionFactoryFactory. - Creating session factory for schemas: [CommonSchemaV1(name=net.corda.core.schemas.CommonSchema, version=1), VaultSchemaV1(name=net.corda.node.services.vault.VaultSchema, version=1), NodeInfoSchemaV1(name=net.corda.node.internal.schemas.NodeInfoSchema, version=1), NodeCoreV1(name=net.corda.node.services.schema.NodeSchemaService$NodeCore, version=1)] {}
[INFO ] 2023-02-15T11:58:52,741Z [Test worker] factory.BaseSessionFactoryFactory. - Created session factory for schemas: [CommonSchemaV1(name=net.corda.core.schemas.CommonSchema, version=1), VaultSchemaV1(name=net.corda.node.services.vault.VaultSchema, version=1), NodeInfoSchemaV1(name=net.corda.node.internal.schemas.NodeInfoSchema, version=1), NodeCoreV1(name=net.corda.node.services.schema.NodeSchemaService$NodeCore, version=1)] {}
[INFO ] 2023-02-15T11:58:52,745Z [Test worker] internal.InternalMockNetwork$MockNode. - Node-info has changed so submitting update. Old node-info was null {}
[INFO ] 2023-02-15T11:58:52,747Z [Test worker] network.PersistentNetworkMapCache. - Adding node with info: NodeInfo(addresses=[mock.node:1000], legalIdentitiesAndCerts=[O=Mock Company 2, L=London, C=GB], platformVersion=11, serial=1676462332745), owningKey=DL6sy22FGYMn6y7E9bVFJAhNt27zFbPYEG7B6DZvhtQNg7 {}
[INFO ] 2023-02-15T11:58:52,747Z [Test worker] network.PersistentNetworkMapCache. - No previous node found for O=Mock Company 2, L=London, C=GB {}
[INFO ] 2023-02-15T11:58:52,751Z [Test worker] internal.InternalMockNetwork$MockNode. - New node-info: NodeInfo(addresses=[mock.node:1000], legalIdentitiesAndCerts=[O=Mock Company 2, L=London, C=GB], platformVersion=11, serial=1676462332745) {}
[INFO ] 2023-02-15T11:58:52,756Z [Test worker] network.NetworkMapUpdater. - Auto-accept enabled for network parameter changes which modify only: [epoch, modifiedTime, packageOwnership, whitelistedContractImplementations] {}
[INFO ] 2023-02-15T11:58:52,756Z [Test worker] internal.MockNodeMessagingService. - Status change to true {}
[INFO ] 2023-02-15T11:58:52,756Z [Test worker] internal.InternalMockNetwork$MockNode. - MessagingService active change to: true {}
[INFO ] 2023-02-15T11:58:52,764Z [MockNode-15-2] network.PersistentNetworkMapCache. - Adding node with info: NodeInfo(addresses=[mock.node:1000], legalIdentitiesAndCerts=[O=Mock Company 2, L=London, C=GB], platformVersion=11, serial=1676462332745), owningKey=DL6sy22FGYMn6y7E9bVFJAhNt27zFbPYEG7B6DZvhtQNg7 {}
[INFO ] 2023-02-15T11:58:52,764Z [MockNode-15-2] network.PersistentNetworkMapCache. - Previous node was identical to incoming one - doing nothing {}
[INFO ] 2023-02-15T11:58:52,784Z [Test worker] persistence.NodeAttachmentService. - Stored new attachment: id=07E0AC0F4965C91DB66A0F6C4BD137B8780D5CE985AFC1D70AA090C6AF693143 uploader=app filename=4.8LTS Tutorial Contracts {}
[INFO ] 2023-02-15T11:58:52,796Z [Test worker] statemachine.SingleThreadedStateMachineManager. - Node ready, info: NodeInfo(addresses=[mock.node:1000], legalIdentitiesAndCerts=[O=Mock Company 2, L=London, C=GB], platformVersion=11, serial=1676462332745) {}
[INFO ] 2023-02-15T11:58:52,799Z [Test worker] network.PersistentNetworkMapCache. - Adding node with info: NodeInfo(addresses=[mock.node:1000], legalIdentitiesAndCerts=[O=Notary, L=London, C=GB], platformVersion=11, serial=1676462331705), owningKey=DLGAU4ZB7Sdh2jsnHJVNkEim54FThD9ADvPXddccxYS8Sf {}
[INFO ] 2023-02-15T11:58:52,799Z [Test worker] network.PersistentNetworkMapCache. - No previous node found for O=Notary, L=London, C=GB {}
[INFO ] 2023-02-15T11:58:52,807Z [Test worker] network.PersistentNetworkMapCache. - Adding node with info: NodeInfo(addresses=[mock.node:1000], legalIdentitiesAndCerts=[O=Mock Company 2, L=London, C=GB], platformVersion=11, serial=1676462332745), owningKey=DL6sy22FGYMn6y7E9bVFJAhNt27zFbPYEG7B6DZvhtQNg7 {}
[INFO ] 2023-02-15T11:58:52,807Z [Test worker] network.PersistentNetworkMapCache. - No previous node found for O=Mock Company 2, L=London, C=GB {}
[INFO ] 2023-02-15T11:58:52,816Z [Test worker] network.PersistentNetworkMapCache. - Adding node with info: NodeInfo(addresses=[mock.node:1000], legalIdentitiesAndCerts=[O=Mock Company 1, L=London, C=GB], platformVersion=11, serial=1676462332220), owningKey=DLC6fF6DbBnzsDpFKHkKn81M8P7jxMxrgnuNRJiskXGhDw {}
[INFO ] 2023-02-15T11:58:52,816Z [Test worker] network.PersistentNetworkMapCache. - No previous node found for O=Mock Company 1, L=London, C=GB {}
[INFO ] 2023-02-15T11:58:52,825Z [Test worker] network.PersistentNetworkMapCache. - Adding node with info: NodeInfo(addresses=[mock.node:1000], legalIdentitiesAndCerts=[O=Mock Company 2, L=London, C=GB], platformVersion=11, serial=1676462332745), owningKey=DL6sy22FGYMn6y7E9bVFJAhNt27zFbPYEG7B6DZvhtQNg7 {}
[INFO ] 2023-02-15T11:58:52,825Z [Test worker] network.PersistentNetworkMapCache. - No previous node found for O=Mock Company 2, L=London, C=GB {}
[INFO ] 2023-02-15T11:58:52,832Z [Test worker] network.PersistentNetworkMapCache. - Adding node with info: NodeInfo(addresses=[mock.node:1000], legalIdentitiesAndCerts=[O=Mock Company 2, L=London, C=GB], platformVersion=11, serial=1676462332745), owningKey=DL6sy22FGYMn6y7E9bVFJAhNt27zFbPYEG7B6DZvhtQNg7 {}
[INFO ] 2023-02-15T11:58:52,832Z [Test worker] network.PersistentNetworkMapCache. - Previous node was identical to incoming one - doing nothing {}
[INFO ] 2023-02-15T11:58:52,833Z [Test worker] network.PersistentNetworkMapCache. - Adding node with info: NodeInfo(addresses=[mock.node:1000], legalIdentitiesAndCerts=[O=Mock Company 2, L=London, C=GB], platformVersion=11, serial=1676462332745), owningKey=DL6sy22FGYMn6y7E9bVFJAhNt27zFbPYEG7B6DZvhtQNg7 {}
[INFO ] 2023-02-15T11:58:52,833Z [Test worker] network.PersistentNetworkMapCache. - Previous node was identical to incoming one - doing nothing {}
[INFO ] 2023-02-15T11:58:52,912Z [Mock network] corda.flow. - No need to notarise this transaction. {actor_id=Only For Testing, actor_owning_identity=O=Mock Company 1, L=London, C=GB, actor_store_id=TEST, fiber-id=10000008, flow-id=83c71e55-6ee9-43bb-9a7a-b7410ab8f771, invocation_id=3fc2586e-7366-48c7-8667-88ba1f3d9b13, invocation_timestamp=2023-02-15T11:58:52.834Z, origin=Only For Testing, session_id=3fc2586e-7366-48c7-8667-88ba1f3d9b13, session_timestamp=2023-02-15T11:58:52.834Z, thread-id=1545, tx_id=E7FCF738BC7DED3E49D5FC9EC4DE5DE2B5528E049E11DBC60DC5B0244477F96A}
[INFO ] 2023-02-15T11:58:52,912Z [Mock network] corda.flow. - Recording transaction locally. {actor_id=Only For Testing, actor_owning_identity=O=Mock Company 1, L=London, C=GB, actor_store_id=TEST, fiber-id=10000008, flow-id=83c71e55-6ee9-43bb-9a7a-b7410ab8f771, invocation_id=3fc2586e-7366-48c7-8667-88ba1f3d9b13, invocation_timestamp=2023-02-15T11:58:52.834Z, origin=Only For Testing, session_id=3fc2586e-7366-48c7-8667-88ba1f3d9b13, session_timestamp=2023-02-15T11:58:52.834Z, thread-id=1545, tx_id=E7FCF738BC7DED3E49D5FC9EC4DE5DE2B5528E049E11DBC60DC5B0244477F96A}
[INFO ] 2023-02-15T11:58:52,936Z [Mock network] corda.flow. - Recorded transaction locally successfully. {actor_id=Only For Testing, actor_owning_identity=O=Mock Company 1, L=London, C=GB, actor_store_id=TEST, fiber-id=10000008, flow-id=83c71e55-6ee9-43bb-9a7a-b7410ab8f771, invocation_id=3fc2586e-7366-48c7-8667-88ba1f3d9b13, invocation_timestamp=2023-02-15T11:58:52.834Z, origin=Only For Testing, session_id=3fc2586e-7366-48c7-8667-88ba1f3d9b13, session_timestamp=2023-02-15T11:58:52.834Z, thread-id=1545, tx_id=E7FCF738BC7DED3E49D5FC9EC4DE5DE2B5528E049E11DBC60DC5B0244477F96A}
[INFO ] 2023-02-15T11:58:52,936Z [Mock network] corda.flow. - All parties received the transaction successfully. {actor_id=Only For Testing, actor_owning_identity=O=Mock Company 1, L=London, C=GB, actor_store_id=TEST, fiber-id=10000008, flow-id=83c71e55-6ee9-43bb-9a7a-b7410ab8f771, invocation_id=3fc2586e-7366-48c7-8667-88ba1f3d9b13, invocation_timestamp=2023-02-15T11:58:52.834Z, origin=Only For Testing, session_id=3fc2586e-7366-48c7-8667-88ba1f3d9b13, session_timestamp=2023-02-15T11:58:52.834Z, thread-id=1545, tx_id=E7FCF738BC7DED3E49D5FC9EC4DE5DE2B5528E049E11DBC60DC5B0244477F96A}
[INFO ] 2023-02-15T11:58:53,008Z [Mock network] corda.flow. - Received transaction acknowledgement request from party O=Mock Company 1, L=London, C=GB. {fiber-id=10000010, flow-id=a39bf38e-054a-4d4e-9ac8-7233856ad868, invocation_id=f49859b9-ec41-4c52-a95f-9a6a3787587a, invocation_timestamp=2023-02-15T11:58:52.990Z, origin=O=Mock Company 1, L=London, C=GB, session_id=f49859b9-ec41-4c52-a95f-9a6a3787587a, session_timestamp=2023-02-15T11:58:52.990Z, thread-id=1545, tx_id=AACA169220C4584F99A8667CB247F4663842421FE111D6B55813F2B1EF468564}
[INFO ] 2023-02-15T11:58:53,017Z [Mock network] corda.flow. - Transaction dependencies resolution completed. {fiber-id=10000010, flow-id=a39bf38e-054a-4d4e-9ac8-7233856ad868, invocation_id=f49859b9-ec41-4c52-a95f-9a6a3787587a, invocation_timestamp=2023-02-15T11:58:52.990Z, origin=O=Mock Company 1, L=London, C=GB, session_id=f49859b9-ec41-4c52-a95f-9a6a3787587a, session_timestamp=2023-02-15T11:58:52.990Z, thread-id=1545, tx_id=AACA169220C4584F99A8667CB247F4663842421FE111D6B55813F2B1EF468564}
[INFO ] 2023-02-15T11:58:53,090Z [Mock network] corda.flow. - No need to notarise this transaction. {actor_id=Only For Testing, actor_owning_identity=O=Mock Company 1, L=London, C=GB, actor_store_id=TEST, fiber-id=10000009, flow-id=8dafd6bb-f4cf-4ea7-8191-1cc824403ca5, invocation_id=b74d31ee-0bbc-4c0f-ab84-3a237eb57699, invocation_timestamp=2023-02-15T11:58:52.943Z, origin=Only For Testing, session_id=b74d31ee-0bbc-4c0f-ab84-3a237eb57699, session_timestamp=2023-02-15T11:58:52.943Z, thread-id=1545, tx_id=AACA169220C4584F99A8667CB247F4663842421FE111D6B55813F2B1EF468564}
[INFO ] 2023-02-15T11:58:53,090Z [Mock network] corda.flow. - Recording transaction locally. {actor_id=Only For Testing, actor_owning_identity=O=Mock Company 1, L=London, C=GB, actor_store_id=TEST, fiber-id=10000009, flow-id=8dafd6bb-f4cf-4ea7-8191-1cc824403ca5, invocation_id=b74d31ee-0bbc-4c0f-ab84-3a237eb57699, invocation_timestamp=2023-02-15T11:58:52.943Z, origin=Only For Testing, session_id=b74d31ee-0bbc-4c0f-ab84-3a237eb57699, session_timestamp=2023-02-15T11:58:52.943Z, thread-id=1545, tx_id=AACA169220C4584F99A8667CB247F4663842421FE111D6B55813F2B1EF468564}
[INFO ] 2023-02-15T11:58:53,094Z [Mock network] corda.flow. - Recorded transaction locally successfully. {actor_id=Only For Testing, actor_owning_identity=O=Mock Company 1, L=London, C=GB, actor_store_id=TEST, fiber-id=10000009, flow-id=8dafd6bb-f4cf-4ea7-8191-1cc824403ca5, invocation_id=b74d31ee-0bbc-4c0f-ab84-3a237eb57699, invocation_timestamp=2023-02-15T11:58:52.943Z, origin=Only For Testing, session_id=b74d31ee-0bbc-4c0f-ab84-3a237eb57699, session_timestamp=2023-02-15T11:58:52.943Z, thread-id=1545, tx_id=AACA169220C4584F99A8667CB247F4663842421FE111D6B55813F2B1EF468564}
[INFO ] 2023-02-15T11:58:53,102Z [Mock network] corda.flow. - Received transaction acknowledgement request from party O=Mock Company 1, L=London, C=GB. {fiber-id=10000010, flow-id=a39bf38e-054a-4d4e-9ac8-7233856ad868, invocation_id=f49859b9-ec41-4c52-a95f-9a6a3787587a, invocation_timestamp=2023-02-15T11:58:52.990Z, origin=O=Mock Company 1, L=London, C=GB, session_id=f49859b9-ec41-4c52-a95f-9a6a3787587a, session_timestamp=2023-02-15T11:58:52.990Z, thread-id=1545, tx_id=AACA169220C4584F99A8667CB247F4663842421FE111D6B55813F2B1EF468564}
[INFO ] 2023-02-15T11:58:53,108Z [Mock network] corda.flow. - Transaction dependencies resolution completed. {fiber-id=10000010, flow-id=a39bf38e-054a-4d4e-9ac8-7233856ad868, invocation_id=f49859b9-ec41-4c52-a95f-9a6a3787587a, invocation_timestamp=2023-02-15T11:58:52.990Z, origin=O=Mock Company 1, L=London, C=GB, session_id=f49859b9-ec41-4c52-a95f-9a6a3787587a, session_timestamp=2023-02-15T11:58:52.990Z, thread-id=1545, tx_id=AACA169220C4584F99A8667CB247F4663842421FE111D6B55813F2B1EF468564}
[INFO ] 2023-02-15T11:58:53,111Z [Mock network] corda.flow. - Successfully received fully signed tx. Sending it to the vault for processing. {fiber-id=10000010, flow-id=a39bf38e-054a-4d4e-9ac8-7233856ad868, invocation_id=f49859b9-ec41-4c52-a95f-9a6a3787587a, invocation_timestamp=2023-02-15T11:58:52.990Z, origin=O=Mock Company 1, L=London, C=GB, session_id=f49859b9-ec41-4c52-a95f-9a6a3787587a, session_timestamp=2023-02-15T11:58:52.990Z, thread-id=1545, tx_id=AACA169220C4584F99A8667CB247F4663842421FE111D6B55813F2B1EF468564}
[INFO ] 2023-02-15T11:58:53,117Z [Mock network] corda.flow. - Successfully recorded received transaction locally. {fiber-id=10000010, flow-id=a39bf38e-054a-4d4e-9ac8-7233856ad868, invocation_id=f49859b9-ec41-4c52-a95f-9a6a3787587a, invocation_timestamp=2023-02-15T11:58:52.990Z, origin=O=Mock Company 1, L=London, C=GB, session_id=f49859b9-ec41-4c52-a95f-9a6a3787587a, session_timestamp=2023-02-15T11:58:52.990Z, thread-id=1545, tx_id=AACA169220C4584F99A8667CB247F4663842421FE111D6B55813F2B1EF468564}
[INFO ] 2023-02-15T11:58:53,125Z [Mock network] corda.flow. - Party O=Mock Company 2, L=London, C=GB received the transaction. {actor_id=Only For Testing, actor_owning_identity=O=Mock Company 1, L=London, C=GB, actor_store_id=TEST, fiber-id=10000009, flow-id=8dafd6bb-f4cf-4ea7-8191-1cc824403ca5, invocation_id=b74d31ee-0bbc-4c0f-ab84-3a237eb57699, invocation_timestamp=2023-02-15T11:58:52.943Z, origin=Only For Testing, session_id=b74d31ee-0bbc-4c0f-ab84-3a237eb57699, session_timestamp=2023-02-15T11:58:52.943Z, thread-id=1545, tx_id=AACA169220C4584F99A8667CB247F4663842421FE111D6B55813F2B1EF468564}
[INFO ] 2023-02-15T11:58:53,125Z [Mock network] corda.flow. - All parties received the transaction successfully. {actor_id=Only For Testing, actor_owning_identity=O=Mock Company 1, L=London, C=GB, actor_store_id=TEST, fiber-id=10000009, flow-id=8dafd6bb-f4cf-4ea7-8191-1cc824403ca5, invocation_id=b74d31ee-0bbc-4c0f-ab84-3a237eb57699, invocation_timestamp=2023-02-15T11:58:52.943Z, origin=Only For Testing, session_id=b74d31ee-0bbc-4c0f-ab84-3a237eb57699, session_timestamp=2023-02-15T11:58:52.943Z, thread-id=1545, tx_id=AACA169220C4584F99A8667CB247F4663842421FE111D6B55813F2B1EF468564}
[INFO ] 2023-02-15T11:58:53,186Z [Mock network] corda.flow. - Received transaction acknowledgement request from party O=Mock Company 1, L=London, C=GB. {fiber-id=10000012, flow-id=60ce7f04-5a06-409a-aae4-967027ac7926, invocation_id=7009ad1a-8777-4a2d-84f5-99852198a9e5, invocation_timestamp=2023-02-15T11:58:53.178Z, origin=O=Mock Company 1, L=London, C=GB, session_id=7009ad1a-8777-4a2d-84f5-99852198a9e5, session_timestamp=2023-02-15T11:58:53.178Z, thread-id=1545, tx_id=EE14386000D21CA683280A0C00EDA0460518D6B631039DF351B10A56A8069911}
[INFO ] 2023-02-15T11:58:53,292Z [Mock network] corda.flow. - Transaction dependencies resolution completed. {fiber-id=10000012, flow-id=60ce7f04-5a06-409a-aae4-967027ac7926, invocation_id=7009ad1a-8777-4a2d-84f5-99852198a9e5, invocation_timestamp=2023-02-15T11:58:53.178Z, origin=O=Mock Company 1, L=London, C=GB, session_id=7009ad1a-8777-4a2d-84f5-99852198a9e5, session_timestamp=2023-02-15T11:58:53.178Z, thread-id=1545, tx_id=EE14386000D21CA683280A0C00EDA0460518D6B631039DF351B10A56A8069911}
[INFO ] 2023-02-15T11:58:53,379Z [Mock network] corda.flow. - Sending transaction to notary: O=Notary, L=London, C=GB. {actor_id=Only For Testing, actor_owning_identity=O=Mock Company 1, L=London, C=GB, actor_store_id=TEST, fiber-id=10000011, flow-id=eeb3346f-a458-48c1-8e8a-ce3d8bdd4778, invocation_id=8d41502a-e731-44a1-8800-fe56f7b152f8, invocation_timestamp=2023-02-15T11:58:53.134Z, origin=Only For Testing, session_id=8d41502a-e731-44a1-8800-fe56f7b152f8, session_timestamp=2023-02-15T11:58:53.134Z, thread-id=1545, tx_id=EE14386000D21CA683280A0C00EDA0460518D6B631039DF351B10A56A8069911}
[INFO ] 2023-02-15T11:58:53,423Z [Mock network] corda.flow. - Received a notarisation request for Tx [EE14386000D21CA683280A0C00EDA0460518D6B631039DF351B10A56A8069911] from [O=Mock Company 1, L=London, C=GB] {fiber-id=10000013, flow-id=849db5f9-ab07-418d-b878-4489804ff441, invocation_id=218df55e-da90-44e3-b297-b78c18c78a8a, invocation_timestamp=2023-02-15T11:58:53.409Z, origin=O=Mock Company 1, L=London, C=GB, session_id=218df55e-da90-44e3-b297-b78c18c78a8a, session_timestamp=2023-02-15T11:58:53.409Z, thread-id=1545}
[INFO ] 2023-02-15T11:58:53,618Z [Notary request queue processor] jpa.JPAUniquenessProvider. - Processing notarization requests with 2 input states and 0 references {}
[INFO ] 2023-02-15T11:58:53,651Z [Mock network] corda.flow. - Transaction [EE14386000D21CA683280A0C00EDA0460518D6B631039DF351B10A56A8069911] successfully notarised, sending signature back to [O=Mock Company 1, L=London, C=GB] {fiber-id=10000013, flow-id=849db5f9-ab07-418d-b878-4489804ff441, invocation_id=218df55e-da90-44e3-b297-b78c18c78a8a, invocation_timestamp=2023-02-15T11:58:53.409Z, origin=O=Mock Company 1, L=London, C=GB, session_id=218df55e-da90-44e3-b297-b78c18c78a8a, session_timestamp=2023-02-15T11:58:53.409Z, thread-id=1545}
[INFO ] 2023-02-15T11:58:53,676Z [Mock network] corda.flow. - Notary responded (O=Notary, L=London, C=GB). {actor_id=Only For Testing, actor_owning_identity=O=Mock Company 1, L=London, C=GB, actor_store_id=TEST, fiber-id=10000011, flow-id=eeb3346f-a458-48c1-8e8a-ce3d8bdd4778, invocation_id=8d41502a-e731-44a1-8800-fe56f7b152f8, invocation_timestamp=2023-02-15T11:58:53.134Z, origin=Only For Testing, session_id=8d41502a-e731-44a1-8800-fe56f7b152f8, session_timestamp=2023-02-15T11:58:53.134Z, thread-id=1545, tx_id=EE14386000D21CA683280A0C00EDA0460518D6B631039DF351B10A56A8069911}
[INFO ] 2023-02-15T11:58:53,677Z [Mock network] corda.flow. - Recording transaction locally. {actor_id=Only For Testing, actor_owning_identity=O=Mock Company 1, L=London, C=GB, actor_store_id=TEST, fiber-id=10000011, flow-id=eeb3346f-a458-48c1-8e8a-ce3d8bdd4778, invocation_id=8d41502a-e731-44a1-8800-fe56f7b152f8, invocation_timestamp=2023-02-15T11:58:53.134Z, origin=Only For Testing, session_id=8d41502a-e731-44a1-8800-fe56f7b152f8, session_timestamp=2023-02-15T11:58:53.134Z, thread-id=1545, tx_id=EE14386000D21CA683280A0C00EDA0460518D6B631039DF351B10A56A8069911}
[INFO ] 2023-02-15T11:58:53,685Z [Mock network] corda.flow. - Recorded transaction locally successfully. {actor_id=Only For Testing, actor_owning_identity=O=Mock Company 1, L=London, C=GB, actor_store_id=TEST, fiber-id=10000011, flow-id=eeb3346f-a458-48c1-8e8a-ce3d8bdd4778, invocation_id=8d41502a-e731-44a1-8800-fe56f7b152f8, invocation_timestamp=2023-02-15T11:58:53.134Z, origin=Only For Testing, session_id=8d41502a-e731-44a1-8800-fe56f7b152f8, session_timestamp=2023-02-15T11:58:53.134Z, thread-id=1545, tx_id=EE14386000D21CA683280A0C00EDA0460518D6B631039DF351B10A56A8069911}
[INFO ] 2023-02-15T11:58:53,700Z [Mock network] corda.flow. - Received transaction acknowledgement request from party O=Mock Company 1, L=London, C=GB. {fiber-id=10000012, flow-id=60ce7f04-5a06-409a-aae4-967027ac7926, invocation_id=7009ad1a-8777-4a2d-84f5-99852198a9e5, invocation_timestamp=2023-02-15T11:58:53.178Z, origin=O=Mock Company 1, L=London, C=GB, session_id=7009ad1a-8777-4a2d-84f5-99852198a9e5, session_timestamp=2023-02-15T11:58:53.178Z, thread-id=1545, tx_id=EE14386000D21CA683280A0C00EDA0460518D6B631039DF351B10A56A8069911}
[INFO ] 2023-02-15T11:58:53,706Z [Mock network] corda.flow. - Transaction dependencies resolution completed. {fiber-id=10000012, flow-id=60ce7f04-5a06-409a-aae4-967027ac7926, invocation_id=7009ad1a-8777-4a2d-84f5-99852198a9e5, invocation_timestamp=2023-02-15T11:58:53.178Z, origin=O=Mock Company 1, L=London, C=GB, session_id=7009ad1a-8777-4a2d-84f5-99852198a9e5, session_timestamp=2023-02-15T11:58:53.178Z, thread-id=1545, tx_id=EE14386000D21CA683280A0C00EDA0460518D6B631039DF351B10A56A8069911}
[INFO ] 2023-02-15T11:58:53,712Z [Mock network] corda.flow. - Successfully received fully signed tx. Sending it to the vault for processing. {fiber-id=10000012, flow-id=60ce7f04-5a06-409a-aae4-967027ac7926, invocation_id=7009ad1a-8777-4a2d-84f5-99852198a9e5, invocation_timestamp=2023-02-15T11:58:53.178Z, origin=O=Mock Company 1, L=London, C=GB, session_id=7009ad1a-8777-4a2d-84f5-99852198a9e5, session_timestamp=2023-02-15T11:58:53.178Z, thread-id=1545, tx_id=EE14386000D21CA683280A0C00EDA0460518D6B631039DF351B10A56A8069911}
[INFO ] 2023-02-15T11:58:53,717Z [Mock network] corda.flow. - Successfully recorded received transaction locally. {fiber-id=10000012, flow-id=60ce7f04-5a06-409a-aae4-967027ac7926, invocation_id=7009ad1a-8777-4a2d-84f5-99852198a9e5, invocation_timestamp=2023-02-15T11:58:53.178Z, origin=O=Mock Company 1, L=London, C=GB, session_id=7009ad1a-8777-4a2d-84f5-99852198a9e5, session_timestamp=2023-02-15T11:58:53.178Z, thread-id=1545, tx_id=EE14386000D21CA683280A0C00EDA0460518D6B631039DF351B10A56A8069911}
[INFO ] 2023-02-15T11:58:53,726Z [Mock network] corda.flow. - Party O=Mock Company 2, L=London, C=GB received the transaction. {actor_id=Only For Testing, actor_owning_identity=O=Mock Company 1, L=London, C=GB, actor_store_id=TEST, fiber-id=10000011, flow-id=eeb3346f-a458-48c1-8e8a-ce3d8bdd4778, invocation_id=8d41502a-e731-44a1-8800-fe56f7b152f8, invocation_timestamp=2023-02-15T11:58:53.134Z, origin=Only For Testing, session_id=8d41502a-e731-44a1-8800-fe56f7b152f8, session_timestamp=2023-02-15T11:58:53.134Z, thread-id=1545, tx_id=EE14386000D21CA683280A0C00EDA0460518D6B631039DF351B10A56A8069911}
[INFO ] 2023-02-15T11:58:53,726Z [Mock network] corda.flow. - All parties received the transaction successfully. {actor_id=Only For Testing, actor_owning_identity=O=Mock Company 1, L=London, C=GB, actor_store_id=TEST, fiber-id=10000011, flow-id=eeb3346f-a458-48c1-8e8a-ce3d8bdd4778, invocation_id=8d41502a-e731-44a1-8800-fe56f7b152f8, invocation_timestamp=2023-02-15T11:58:53.134Z, origin=Only For Testing, session_id=8d41502a-e731-44a1-8800-fe56f7b152f8, session_timestamp=2023-02-15T11:58:53.134Z, thread-id=1545, tx_id=EE14386000D21CA683280A0C00EDA0460518D6B631039DF351B10A56A8069911}
[INFO ] 2023-02-15T11:58:53,735Z [Test worker] persistence.CordaPersistence. - Closing HikariDataSource (HikariPool-13) {}
[INFO ] 2023-02-15T11:58:53,751Z [Test worker] internal.MockNodeMessagingService. - Status change to false {}
[INFO ] 2023-02-15T11:58:53,751Z [Test worker] internal.InternalMockNetwork$MockNode. - MessagingService active change to: false {}
[INFO ] 2023-02-15T11:58:53,752Z [Test worker] persistence.CordaPersistence. - Closing HikariDataSource (HikariPool-14) {}
[INFO ] 2023-02-15T11:58:53,763Z [Test worker] internal.MockNodeMessagingService. - Status change to false {}
[INFO ] 2023-02-15T11:58:53,763Z [Test worker] internal.InternalMockNetwork$MockNode. - MessagingService active change to: false {}
[INFO ] 2023-02-15T11:58:53,764Z [Test worker] persistence.CordaPersistence. - Closing HikariDataSource (HikariPool-15) {}
[INFO ] 2023-02-15T11:58:53,774Z [Test worker] internal.MockNodeMessagingService. - Status change to false {}
[INFO ] 2023-02-15T11:58:53,774Z [Test worker] internal.InternalMockNetwork$MockNode. - MessagingService active change to: false {}
