[INFO ] 2023-01-22T13:59:59,178Z [Test worker] internal.TestCordappImpl. - Generating CorDapp jar from local project in C:\Users\Anvith\Dropbox\PC\Desktop\Work\Corda\samples-java\Accounts\supplychain\workflows ... {}
[INFO ] 2023-01-22T13:59:59,529Z [Connection worker] internal.TestCordappImpl. - Build {}
[INFO ] 2023-01-22T14:00:01,384Z [Connection worker] internal.TestCordappImpl. - Starting Gradle Daemon {}
[INFO ] 2023-01-22T14:00:02,786Z [Connection worker] internal.TestCordappImpl. - Connecting to Gradle Daemon {}
[INFO ] 2023-01-22T14:00:02,805Z [Connection worker] internal.TestCordappImpl. - Starting Gradle Daemon {}
[INFO ] 2023-01-22T14:00:02,807Z [Connection worker] internal.TestCordappImpl. - Build {}
[INFO ] 2023-01-22T14:00:03,488Z [Connection worker] internal.TestCordappImpl. - Run build {}
[INFO ] 2023-01-22T14:00:03,504Z [Connection worker] internal.TestCordappImpl. - Evaluate settings {}
[INFO ] 2023-01-22T14:00:03,903Z [Connection worker] internal.TestCordappImpl. - Run build {}
[INFO ] 2023-01-22T14:00:03,919Z [Connection worker] internal.TestCordappImpl. - Configure build {}
[INFO ] 2023-01-22T14:00:03,919Z [Connection worker] internal.TestCordappImpl. - Load projects {}
[INFO ] 2023-01-22T14:00:04,078Z [Connection worker] internal.TestCordappImpl. - Configure build {}
[INFO ] 2023-01-22T14:00:04,078Z [Connection worker] internal.TestCordappImpl. - Configure project : {}
[INFO ] 2023-01-22T14:00:04,650Z [Connection worker] internal.TestCordappImpl. - Resolve dependencies of :classpath {}
[INFO ] 2023-01-22T14:00:05,173Z [Connection worker] internal.TestCordappImpl. - Configure project : {}
[INFO ] 2023-01-22T14:00:05,173Z [Connection worker] internal.TestCordappImpl. - Resolve files of :classpath {}
[INFO ] 2023-01-22T14:00:05,205Z [Connection worker] internal.TestCordappImpl. - Configure project : {}
[INFO ] 2023-01-22T14:00:05,206Z [Connection worker] internal.TestCordappImpl. - Resolve files of :classpath {}
[INFO ] 2023-01-22T14:00:05,206Z [Connection worker] internal.TestCordappImpl. - Configure project : {}
[INFO ] 2023-01-22T14:00:05,950Z [Connection worker] internal.TestCordappImpl. - Configure build {}
[INFO ] 2023-01-22T14:00:05,950Z [Connection worker] internal.TestCordappImpl. - Configure project :clients {}
[INFO ] 2023-01-22T14:00:05,950Z [Connection worker] internal.TestCordappImpl. - Configure build {}
[INFO ] 2023-01-22T14:00:05,950Z [Connection worker] internal.TestCordappImpl. - Configure project :contracts {}
[INFO ] 2023-01-22T14:00:05,966Z [Connection worker] internal.TestCordappImpl. - Configure build {}
[INFO ] 2023-01-22T14:00:05,966Z [Connection worker] internal.TestCordappImpl. - Configure project :workflows {}
[INFO ] 2023-01-22T14:00:06,094Z [Connection worker] internal.TestCordappImpl. - Configure build {}
[INFO ] 2023-01-22T14:00:06,094Z [Connection worker] internal.TestCordappImpl. - Run build {}
[INFO ] 2023-01-22T14:00:06,284Z [Connection worker] internal.TestCordappImpl. - Run tasks {}
[INFO ] 2023-01-22T14:00:06,316Z [Connection worker] internal.TestCordappImpl. - Task :contracts:compileJava {}
[INFO ] 2023-01-22T14:00:06,380Z [Connection worker] internal.TestCordappImpl. - Resolve dependencies of :contracts:compileClasspath {}
[INFO ] 2023-01-22T14:00:06,539Z [Connection worker] internal.TestCordappImpl. - Task :contracts:compileJava {}
[INFO ] 2023-01-22T14:00:06,539Z [Connection worker] internal.TestCordappImpl. - Resolve files of :contracts:compileClasspath {}
[INFO ] 2023-01-22T14:00:06,539Z [Connection worker] internal.TestCordappImpl. - Task :contracts:compileJava {}
[INFO ] 2023-01-22T14:00:06,571Z [Connection worker] internal.TestCordappImpl. - Resolve dependencies of :contracts:annotationProcessor {}
[INFO ] 2023-01-22T14:00:06,571Z [Connection worker] internal.TestCordappImpl. - Task :contracts:compileJava {}
[INFO ] 2023-01-22T14:00:06,618Z [Connection worker] internal.TestCordappImpl. - Run tasks {}
[INFO ] 2023-01-22T14:00:06,619Z [Connection worker] internal.TestCordappImpl. - Task :contracts:processResources {}
[INFO ] 2023-01-22T14:00:06,634Z [Connection worker] internal.TestCordappImpl. - Run tasks {}
[INFO ] 2023-01-22T14:00:06,634Z [Connection worker] internal.TestCordappImpl. - Task :contracts:classes {}
[INFO ] 2023-01-22T14:00:06,634Z [Connection worker] internal.TestCordappImpl. - Run tasks {}
[INFO ] 2023-01-22T14:00:06,635Z [Connection worker] internal.TestCordappImpl. - Task :contracts:configureCordappFatJar {}
[INFO ] 2023-01-22T14:00:06,650Z [Connection worker] internal.TestCordappImpl. - Resolve dependencies of :contracts:runtime {}
[INFO ] 2023-01-22T14:00:06,698Z [Connection worker] internal.TestCordappImpl. - Task :contracts:configureCordappFatJar {}
[INFO ] 2023-01-22T14:00:06,698Z [Connection worker] internal.TestCordappImpl. - Resolve files of :contracts:runtime {}
[INFO ] 2023-01-22T14:00:06,714Z [Connection worker] internal.TestCordappImpl. - Task :contracts:configureCordappFatJar {}
[INFO ] 2023-01-22T14:00:06,714Z [Connection worker] internal.TestCordappImpl. - Resolve files of :contracts:runtime {}
[INFO ] 2023-01-22T14:00:06,714Z [Connection worker] internal.TestCordappImpl. - Task :contracts:configureCordappFatJar {}
[INFO ] 2023-01-22T14:00:06,714Z [Connection worker] internal.TestCordappImpl. - Resolve files of :contracts:runtime {}
[INFO ] 2023-01-22T14:00:06,714Z [Connection worker] internal.TestCordappImpl. - Task :contracts:configureCordappFatJar {}
[INFO ] 2023-01-22T14:00:06,730Z [Connection worker] internal.TestCordappImpl. - Run tasks {}
[INFO ] 2023-01-22T14:00:06,730Z [Connection worker] internal.TestCordappImpl. - Task :contracts:jar {}
[INFO ] 2023-01-22T14:00:06,746Z [Connection worker] internal.TestCordappImpl. - Run tasks {}
[INFO ] 2023-01-22T14:00:06,762Z [Connection worker] internal.TestCordappImpl. - Task :workflows:compileJava {}
[INFO ] 2023-01-22T14:00:06,777Z [Connection worker] internal.TestCordappImpl. - Resolve dependencies of :workflows:compileClasspath {}
[INFO ] 2023-01-22T14:00:06,793Z [Connection worker] internal.TestCordappImpl. - Task :workflows:compileJava {}
[INFO ] 2023-01-22T14:00:06,794Z [Connection worker] internal.TestCordappImpl. - Resolve files of :workflows:compileClasspath {}
[INFO ] 2023-01-22T14:00:06,808Z [Connection worker] internal.TestCordappImpl. - Task :workflows:compileJava {}
[INFO ] 2023-01-22T14:00:06,808Z [Connection worker] internal.TestCordappImpl. - Resolve dependencies of :workflows:annotationProcessor {}
[INFO ] 2023-01-22T14:00:06,808Z [Connection worker] internal.TestCordappImpl. - Task :workflows:compileJava {}
[INFO ] 2023-01-22T14:00:06,824Z [Connection worker] internal.TestCordappImpl. - Run tasks {}
[INFO ] 2023-01-22T14:00:06,824Z [Connection worker] internal.TestCordappImpl. - Task :workflows:processResources {}
[INFO ] 2023-01-22T14:00:06,824Z [Connection worker] internal.TestCordappImpl. - Run tasks {}
[INFO ] 2023-01-22T14:00:06,824Z [Connection worker] internal.TestCordappImpl. - Task :workflows:classes {}
[INFO ] 2023-01-22T14:00:06,824Z [Connection worker] internal.TestCordappImpl. - Run tasks {}
[INFO ] 2023-01-22T14:00:06,825Z [Connection worker] internal.TestCordappImpl. - Task :workflows:configureCordappFatJar {}
[INFO ] 2023-01-22T14:00:06,825Z [Connection worker] internal.TestCordappImpl. - Resolve dependencies of :workflows:runtime {}
[INFO ] 2023-01-22T14:00:06,856Z [Connection worker] internal.TestCordappImpl. - Task :workflows:configureCordappFatJar {}
[INFO ] 2023-01-22T14:00:06,856Z [Connection worker] internal.TestCordappImpl. - Resolve files of :workflows:runtime {}
[INFO ] 2023-01-22T14:00:06,856Z [Connection worker] internal.TestCordappImpl. - Task :workflows:configureCordappFatJar {}
[INFO ] 2023-01-22T14:00:06,856Z [Connection worker] internal.TestCordappImpl. - Resolve files of :workflows:runtime {}
[INFO ] 2023-01-22T14:00:06,856Z [Connection worker] internal.TestCordappImpl. - Task :workflows:configureCordappFatJar {}
[INFO ] 2023-01-22T14:00:06,856Z [Connection worker] internal.TestCordappImpl. - Resolve files of :workflows:runtime {}
[INFO ] 2023-01-22T14:00:06,856Z [Connection worker] internal.TestCordappImpl. - Task :workflows:configureCordappFatJar {}
[INFO ] 2023-01-22T14:00:06,856Z [Connection worker] internal.TestCordappImpl. - Resolve files of :workflows:runtime {}
[INFO ] 2023-01-22T14:00:06,856Z [Connection worker] internal.TestCordappImpl. - Task :workflows:configureCordappFatJar {}
[INFO ] 2023-01-22T14:00:06,856Z [Connection worker] internal.TestCordappImpl. - Resolve files of :workflows:runtime {}
[INFO ] 2023-01-22T14:00:06,856Z [Connection worker] internal.TestCordappImpl. - Task :workflows:configureCordappFatJar {}
[INFO ] 2023-01-22T14:00:06,856Z [Connection worker] internal.TestCordappImpl. - Resolve files of :workflows:runtime {}
[INFO ] 2023-01-22T14:00:06,856Z [Connection worker] internal.TestCordappImpl. - Task :workflows:configureCordappFatJar {}
[INFO ] 2023-01-22T14:00:06,856Z [Connection worker] internal.TestCordappImpl. - Resolve files of :workflows:runtime {}
[INFO ] 2023-01-22T14:00:06,856Z [Connection worker] internal.TestCordappImpl. - Task :workflows:configureCordappFatJar {}
[INFO ] 2023-01-22T14:00:06,856Z [Connection worker] internal.TestCordappImpl. - Run tasks {}
[INFO ] 2023-01-22T14:00:06,856Z [Connection worker] internal.TestCordappImpl. - Task :workflows:jar {}
[INFO ] 2023-01-22T14:00:06,872Z [Connection worker] internal.TestCordappImpl. - Run tasks {}
[INFO ] 2023-01-22T14:00:06,888Z [Connection worker] internal.TestCordappImpl. - Run build {}
[INFO ] 2023-01-22T14:00:06,888Z [Connection worker] internal.TestCordappImpl. - Build model 'java.lang.Void' for project ':workflows' {}
[INFO ] 2023-01-22T14:00:06,888Z [Connection worker] internal.TestCordappImpl. - Run build {}
[INFO ] 2023-01-22T14:00:06,891Z [Connection worker] internal.TestCordappImpl. - Build {}
[INFO ] 2023-01-22T14:00:06,904Z [Connection worker] internal.TestCordappImpl. - Cleaning VCS Checkout Cache (C:\Users\Anvith\Dropbox\PC\Desktop\Work\Corda\samples-java\Accounts\supplychain\.gradle\vcs-1) {}
[INFO ] 2023-01-22T14:00:06,904Z [Connection worker] internal.TestCordappImpl. - Build {}
[INFO ] 2023-01-22T14:00:06,904Z [Connection worker] internal.TestCordappImpl. - Deleting unused version-specific caches in C:\Users\Anvith\Dropbox\PC\Desktop\Work\Corda\samples-java\Accounts\supplychain\.gradle {}
[INFO ] 2023-01-22T14:00:06,921Z [Connection worker] internal.TestCordappImpl. - Build {}
[INFO ] 2023-01-22T14:00:06,954Z [Connection worker] internal.TestCordappImpl. -  {}
[INFO ] 2023-01-22T14:00:12,580Z [Test worker] cordapp.JarScanningCordappLoader. - Looking for CorDapps in [build\mock-network\20230122-135957.563-483D5187D47B2503\nodes\0\cordapps] {}
[INFO ] 2023-01-22T14:00:12,589Z [Test worker] cordapp.JarScanningCordappLoader. - Loading CorDapps from RestrictedURL(url=file:/C:/Users/Anvith/Dropbox/PC/Desktop/Work/Corda/samples-java/Accounts/supplychain/workflows/build/mock-network/20230122-135957.563-483D5187D47B2503/nodes/0/cordapps/accounts-contracts-1.0.jar, rootPackageName=null), RestrictedURL(url=file:/C:/Users/Anvith/Dropbox/PC/Desktop/Work/Corda/samples-java/Accounts/supplychain/workflows/build/mock-network/20230122-135957.563-483D5187D47B2503/nodes/0/cordapps/accounts-workflows-1.0.jar, rootPackageName=null), RestrictedURL(url=file:/C:/Users/Anvith/Dropbox/PC/Desktop/Work/Corda/samples-java/Accounts/supplychain/workflows/build/mock-network/20230122-135957.563-483D5187D47B2503/nodes/0/cordapps/contracts-1.0.jar, rootPackageName=null), RestrictedURL(url=file:/C:/Users/Anvith/Dropbox/PC/Desktop/Work/Corda/samples-java/Accounts/supplychain/workflows/build/mock-network/20230122-135957.563-483D5187D47B2503/nodes/0/cordapps/workflows-1.0.jar, rootPackageName=null) {}
[INFO ] 2023-01-22T14:00:12,651Z [Test worker] cordapp.JarScanningCordappLoader. - Scanning CorDapp in file:/C:/Users/Anvith/Dropbox/PC/Desktop/Work/Corda/samples-java/Accounts/supplychain/workflows/build/mock-network/20230122-135957.563-483D5187D47B2503/nodes/0/cordapps/accounts-contracts-1.0.jar {}
[INFO ] 2023-01-22T14:00:12,762Z [Test worker] cordapp.JarScanningCordappLoader. - Scanning CorDapp in file:/C:/Users/Anvith/Dropbox/PC/Desktop/Work/Corda/samples-java/Accounts/supplychain/workflows/build/mock-network/20230122-135957.563-483D5187D47B2503/nodes/0/cordapps/accounts-workflows-1.0.jar {}
[INFO ] 2023-01-22T14:00:12,858Z [Test worker] cordapp.JarScanningCordappLoader. - Scanning CorDapp in file:/C:/Users/Anvith/Dropbox/PC/Desktop/Work/Corda/samples-java/Accounts/supplychain/workflows/build/mock-network/20230122-135957.563-483D5187D47B2503/nodes/0/cordapps/contracts-1.0.jar {}
[INFO ] 2023-01-22T14:00:12,878Z [Test worker] cordapp.JarScanningCordappLoader. - Scanning CorDapp in file:/C:/Users/Anvith/Dropbox/PC/Desktop/Work/Corda/samples-java/Accounts/supplychain/workflows/build/mock-network/20230122-135957.563-483D5187D47B2503/nodes/0/cordapps/workflows-1.0.jar {}
[INFO ] 2023-01-22T14:00:14,149Z [Test worker] internal.InternalMockNetwork$MockNode. - MessagingService active change to: false {}
[INFO ] 2023-01-22T14:00:14,312Z [Test worker] internal.InternalMockNetwork$MockNode. - Flow external operation executor has a max of 2 threads {}
[INFO ] 2023-01-22T14:00:14,383Z [Test worker] internal.InternalMockNetwork$MockNode. - Node starting up ... {}
[INFO ] 2023-01-22T14:00:14,383Z [Test worker] internal.InternalMockNetwork$MockNode. - Node status update: [WAITING_TO_START] -> [STARTING] {}
[INFO ] 2023-01-22T14:00:14,409Z [Test worker] internal.KeyStoreHandler. - Loaded trusted root certificate: DL7fwxLm5xbiMD8adUuYTsPZHAict46Ng4w6RNcySt5vAw, alias: cordarootca {}
[INFO ] 2023-01-22T14:00:14,415Z [Test worker] internal.KeyStoreHandler. - Loaded node identity key: DL6oDXWoxy2VoU9Fp6C4XGaMvvjs95d8y8hZFJjY26Pzgu, alias: identity-private-key {}
[INFO ] 2023-01-22T14:00:14,508Z [Test worker] internal.NodeFlowManager. - Registered com.r3.corda.lib.accounts.workflows.flows.ShareStateAndSyncAccounts to initiate com.r3.corda.lib.accounts.workflows.flows.ReceiveStateAndSyncAccounts (version 1) {}
[INFO ] 2023-01-22T14:00:14,509Z [Test worker] internal.NodeFlowManager. - Registered com.r3.corda.lib.accounts.workflows.flows.ShareStateWithAccount to initiate com.r3.corda.lib.accounts.workflows.flows.ReceiveStateForAccount (version 1) {}
[INFO ] 2023-01-22T14:00:14,509Z [Test worker] internal.NodeFlowManager. - Registered com.r3.corda.lib.accounts.workflows.flows.RequestAccountInfo to initiate com.r3.corda.lib.accounts.workflows.flows.RequestAccountInfoHandler (version 1) {}
[INFO ] 2023-01-22T14:00:14,510Z [Test worker] internal.NodeFlowManager. - Registered com.r3.corda.lib.accounts.workflows.flows.RequestKeyForAccount to initiate com.r3.corda.lib.accounts.workflows.flows.SendKeyForAccount (version 1) {}
[INFO ] 2023-01-22T14:00:14,511Z [Test worker] internal.NodeFlowManager. - Registered com.r3.corda.lib.accounts.workflows.flows.ShareAccountInfo to initiate com.r3.corda.lib.accounts.workflows.flows.ShareAccountInfoHandler (version 1) {}
[INFO ] 2023-01-22T14:00:14,517Z [Test worker] internal.NodeFlowManager. - Registered net.corda.samples.supplychain.flows.InternalMessage to initiate net.corda.samples.supplychain.flows.InternalMessageResponder (version 1) {}
[INFO ] 2023-01-22T14:00:14,518Z [Test worker] internal.NodeFlowManager. - Registered net.corda.samples.supplychain.flows.SendCargo to initiate net.corda.samples.supplychain.flows.SendCargoResponder (version 1) {}
[INFO ] 2023-01-22T14:00:14,520Z [Test worker] internal.NodeFlowManager. - Registered net.corda.samples.supplychain.flows.SendInvoice to initiate net.corda.samples.supplychain.flows.SendInvoiceResponder (version 1) {}
[INFO ] 2023-01-22T14:00:14,521Z [Test worker] internal.NodeFlowManager. - Registered net.corda.samples.supplychain.flows.SendPayment to initiate net.corda.samples.supplychain.flows.SendPaymentResponder (version 1) {}
[INFO ] 2023-01-22T14:00:14,523Z [Test worker] internal.NodeFlowManager. - Registered net.corda.samples.supplychain.flows.SendShippingRequest to initiate net.corda.samples.supplychain.flows.SendShippingRequestResponder (version 1) {}
[INFO ] 2023-01-22T14:00:14,596Z [Test worker] internal.InternalMockNetwork$MockNode. - Loaded network parameters: NetworkParameters {
      minimumPlatformVersion=4
      notaries=[NotaryInfo(identity=O=Notary, L=London, C=GB, validating=true)]
      maxMessageSize=10485760
      maxTransactionSize=52428800
      whitelistedContractImplementations {
        
      }
      eventHorizon=PT51539607528H
      packageOwnership {
        
      }
      modifiedTime=2023-01-22T13:59:53.741Z
      epoch=1
  } {}
[INFO ] 2023-01-22T14:00:19,892Z [Test worker] internal.InternalMockNetwork$MockNode. - Connected to H2 database. {}
[INFO ] 2023-01-22T14:00:20,005Z [Test worker] persistence.HibernateConfiguration. - Init HibernateConfiguration for schemas: [CommonSchemaV1(name=net.corda.core.schemas.CommonSchema, version=1), VaultSchemaV1(name=net.corda.node.services.vault.VaultSchema, version=1), NodeInfoSchemaV1(name=net.corda.node.internal.schemas.NodeInfoSchema, version=1), NodeCoreV1(name=net.corda.node.services.schema.NodeSchemaService$NodeCore, version=1), AccountsContractsSchemaV1(name=com.r3.corda.lib.accounts.contracts.internal.schemas.AccountsContractsSchema, version=1), AccountsWorkflowsSchemaV1(name=com.r3.corda.lib.accounts.workflows.internal.schemas.AccountsWorkflowsSchema, version=1), JPANotarySchemaV1(name=net.corda.notary.jpa.JPANotarySchema, version=1)] {}
[INFO ] 2023-01-22T14:00:20,017Z [Test worker] factory.BaseSessionFactoryFactory. - Creating session factory for schemas: [CommonSchemaV1(name=net.corda.core.schemas.CommonSchema, version=1), VaultSchemaV1(name=net.corda.node.services.vault.VaultSchema, version=1), NodeInfoSchemaV1(name=net.corda.node.internal.schemas.NodeInfoSchema, version=1), NodeCoreV1(name=net.corda.node.services.schema.NodeSchemaService$NodeCore, version=1), AccountsContractsSchemaV1(name=com.r3.corda.lib.accounts.contracts.internal.schemas.AccountsContractsSchema, version=1), AccountsWorkflowsSchemaV1(name=com.r3.corda.lib.accounts.workflows.internal.schemas.AccountsWorkflowsSchema, version=1), JPANotarySchemaV1(name=net.corda.notary.jpa.JPANotarySchema, version=1)] {}
[INFO ] 2023-01-22T14:00:23,284Z [Test worker] factory.BaseSessionFactoryFactory. - Created session factory for schemas: [CommonSchemaV1(name=net.corda.core.schemas.CommonSchema, version=1), VaultSchemaV1(name=net.corda.node.services.vault.VaultSchema, version=1), NodeInfoSchemaV1(name=net.corda.node.internal.schemas.NodeInfoSchema, version=1), NodeCoreV1(name=net.corda.node.services.schema.NodeSchemaService$NodeCore, version=1), AccountsContractsSchemaV1(name=com.r3.corda.lib.accounts.contracts.internal.schemas.AccountsContractsSchema, version=1), AccountsWorkflowsSchemaV1(name=com.r3.corda.lib.accounts.workflows.internal.schemas.AccountsWorkflowsSchema, version=1), JPANotarySchemaV1(name=net.corda.notary.jpa.JPANotarySchema, version=1)] {}
[INFO ] 2023-01-22T14:00:23,574Z [Test worker] internal.InternalMockNetwork$MockNode. - Node-info has changed so submitting update. Old node-info was null {}
[INFO ] 2023-01-22T14:00:23,587Z [Test worker] network.PersistentNetworkMapCache. - Adding node with info: NodeInfo(addresses=[mock.node:1000], legalIdentitiesAndCerts=[O=Notary, L=London, C=GB], platformVersion=12, serial=1674396023574), owningKey=DL6oDXWoxy2VoU9Fp6C4XGaMvvjs95d8y8hZFJjY26Pzgu {}
[INFO ] 2023-01-22T14:00:23,587Z [Test worker] network.PersistentNetworkMapCache. - No previous node found for O=Notary, L=London, C=GB {}
[INFO ] 2023-01-22T14:00:23,937Z [Test worker] internal.InternalMockNetwork$MockNode. - New node-info: NodeInfo(addresses=[mock.node:1000], legalIdentitiesAndCerts=[O=Notary, L=London, C=GB], platformVersion=12, serial=1674396023574) {}
[INFO ] 2023-01-22T14:00:24,060Z [Test worker] network.NetworkMapUpdater. - Auto-accept enabled for network parameter changes which modify only: [epoch, modifiedTime, packageOwnership, whitelistedContractImplementations] {}
[INFO ] 2023-01-22T14:00:24,114Z [Test worker] internal.MockNodeMessagingService. - Status change to true {}
[INFO ] 2023-01-22T14:00:24,118Z [Test worker] internal.InternalMockNetwork$MockNode. - MessagingService active change to: true {}
[INFO ] 2023-01-22T14:00:24,185Z [MockNode-1-2] network.PersistentNetworkMapCache. - Adding node with info: NodeInfo(addresses=[mock.node:1000], legalIdentitiesAndCerts=[O=Notary, L=London, C=GB], platformVersion=12, serial=1674396023574), owningKey=DL6oDXWoxy2VoU9Fp6C4XGaMvvjs95d8y8hZFJjY26Pzgu {}
[INFO ] 2023-01-22T14:00:24,185Z [MockNode-1-2] network.PersistentNetworkMapCache. - Previous node was identical to incoming one - doing nothing {}
[INFO ] 2023-01-22T14:00:24,337Z [Test worker] persistence.NodeAttachmentService. - Stored new attachment: id=D370FD972C7E07CE73F4F9B7886D226807F6B16C4EE287398B9C69384109DC14 uploader=app filename=Accounts SDK - States and Contracts {}
[INFO ] 2023-01-22T14:00:24,365Z [Test worker] persistence.NodeAttachmentService. - Stored new attachment: id=ED130E5D89F5269F2EB1EC030ED2727DF69681C6F498B857EC6955B00520A06D uploader=app filename=supplychain Contracts {}
[INFO ] 2023-01-22T14:00:24,392Z [Test worker] internal.InternalMockNetwork$MockNode. - Installed com.r3.corda.lib.accounts.workflows.services.KeyManagementBackedAccountService Corda service {}
[INFO ] 2023-01-22T14:00:24,393Z [Test worker] utilities.NotaryLoader. - Starting notary service: class net.corda.notary.jpa.JPANotaryService {}
[INFO ] 2023-01-22T14:00:25,317Z [Test worker] statemachine.SingleThreadedStateMachineManager. - Node ready, info: NodeInfo(addresses=[mock.node:1000], legalIdentitiesAndCerts=[O=Notary, L=London, C=GB], platformVersion=12, serial=1674396023574) {}
[INFO ] 2023-01-22T14:00:25,333Z [Test worker] internal.InternalMockNetwork$MockNode. - Node status update: [STARTING] -> [STARTED] {}
[INFO ] 2023-01-22T14:00:25,335Z [Test worker] network.PersistentNetworkMapCache. - Adding node with info: NodeInfo(addresses=[mock.node:1000], legalIdentitiesAndCerts=[O=Notary, L=London, C=GB], platformVersion=12, serial=1674396023574), owningKey=DL6oDXWoxy2VoU9Fp6C4XGaMvvjs95d8y8hZFJjY26Pzgu {}
[INFO ] 2023-01-22T14:00:25,335Z [Test worker] network.PersistentNetworkMapCache. - Previous node was identical to incoming one - doing nothing {}
[INFO ] 2023-01-22T14:00:25,335Z [Test worker] network.PersistentNetworkMapCache. - Adding node with info: NodeInfo(addresses=[mock.node:1000], legalIdentitiesAndCerts=[O=Notary, L=London, C=GB], platformVersion=12, serial=1674396023574), owningKey=DL6oDXWoxy2VoU9Fp6C4XGaMvvjs95d8y8hZFJjY26Pzgu {}
[INFO ] 2023-01-22T14:00:25,335Z [Test worker] network.PersistentNetworkMapCache. - Previous node was identical to incoming one - doing nothing {}
[INFO ] 2023-01-22T14:00:25,352Z [Test worker] cordapp.JarScanningCordappLoader. - Looking for CorDapps in [build\mock-network\20230122-135957.563-483D5187D47B2503\nodes\1\cordapps] {}
[INFO ] 2023-01-22T14:00:25,353Z [Test worker] cordapp.JarScanningCordappLoader. - Loading CorDapps from RestrictedURL(url=file:/C:/Users/Anvith/Dropbox/PC/Desktop/Work/Corda/samples-java/Accounts/supplychain/workflows/build/mock-network/20230122-135957.563-483D5187D47B2503/nodes/1/cordapps/accounts-contracts-1.0.jar, rootPackageName=null), RestrictedURL(url=file:/C:/Users/Anvith/Dropbox/PC/Desktop/Work/Corda/samples-java/Accounts/supplychain/workflows/build/mock-network/20230122-135957.563-483D5187D47B2503/nodes/1/cordapps/accounts-workflows-1.0.jar, rootPackageName=null), RestrictedURL(url=file:/C:/Users/Anvith/Dropbox/PC/Desktop/Work/Corda/samples-java/Accounts/supplychain/workflows/build/mock-network/20230122-135957.563-483D5187D47B2503/nodes/1/cordapps/contracts-1.0.jar, rootPackageName=null), RestrictedURL(url=file:/C:/Users/Anvith/Dropbox/PC/Desktop/Work/Corda/samples-java/Accounts/supplychain/workflows/build/mock-network/20230122-135957.563-483D5187D47B2503/nodes/1/cordapps/workflows-1.0.jar, rootPackageName=null) {}
[INFO ] 2023-01-22T14:00:25,354Z [Test worker] cordapp.JarScanningCordappLoader. - Scanning CorDapp in file:/C:/Users/Anvith/Dropbox/PC/Desktop/Work/Corda/samples-java/Accounts/supplychain/workflows/build/mock-network/20230122-135957.563-483D5187D47B2503/nodes/1/cordapps/accounts-contracts-1.0.jar {}
[INFO ] 2023-01-22T14:00:25,366Z [Test worker] cordapp.JarScanningCordappLoader. - Scanning CorDapp in file:/C:/Users/Anvith/Dropbox/PC/Desktop/Work/Corda/samples-java/Accounts/supplychain/workflows/build/mock-network/20230122-135957.563-483D5187D47B2503/nodes/1/cordapps/accounts-workflows-1.0.jar {}
[INFO ] 2023-01-22T14:00:25,389Z [Test worker] cordapp.JarScanningCordappLoader. - Scanning CorDapp in file:/C:/Users/Anvith/Dropbox/PC/Desktop/Work/Corda/samples-java/Accounts/supplychain/workflows/build/mock-network/20230122-135957.563-483D5187D47B2503/nodes/1/cordapps/contracts-1.0.jar {}
[INFO ] 2023-01-22T14:00:25,400Z [Test worker] cordapp.JarScanningCordappLoader. - Scanning CorDapp in file:/C:/Users/Anvith/Dropbox/PC/Desktop/Work/Corda/samples-java/Accounts/supplychain/workflows/build/mock-network/20230122-135957.563-483D5187D47B2503/nodes/1/cordapps/workflows-1.0.jar {}
[INFO ] 2023-01-22T14:00:25,439Z [Test worker] internal.InternalMockNetwork$MockNode. - MessagingService active change to: false {}
[INFO ] 2023-01-22T14:00:25,440Z [Test worker] internal.InternalMockNetwork$MockNode. - Flow external operation executor has a max of 2 threads {}
[INFO ] 2023-01-22T14:00:25,442Z [Test worker] internal.InternalMockNetwork$MockNode. - Node starting up ... {}
[INFO ] 2023-01-22T14:00:25,442Z [Test worker] internal.InternalMockNetwork$MockNode. - Node status update: [WAITING_TO_START] -> [STARTING] {}
[INFO ] 2023-01-22T14:00:25,495Z [Test worker] internal.KeyStoreHandler. - Loaded trusted root certificate: DL7fwxLm5xbiMD8adUuYTsPZHAict46Ng4w6RNcySt5vAw, alias: cordarootca {}
[INFO ] 2023-01-22T14:00:25,495Z [Test worker] internal.KeyStoreHandler. - Loaded node identity key: DLFuEVrgZye4Ggq82diSkXHijfk3GKDhhueP3HbNdFWT71, alias: identity-private-key {}
[INFO ] 2023-01-22T14:00:25,503Z [Test worker] internal.NodeFlowManager. - Registered com.r3.corda.lib.accounts.workflows.flows.ShareStateAndSyncAccounts to initiate com.r3.corda.lib.accounts.workflows.flows.ReceiveStateAndSyncAccounts (version 1) {}
[INFO ] 2023-01-22T14:00:25,503Z [Test worker] internal.NodeFlowManager. - Registered com.r3.corda.lib.accounts.workflows.flows.ShareStateWithAccount to initiate com.r3.corda.lib.accounts.workflows.flows.ReceiveStateForAccount (version 1) {}
[INFO ] 2023-01-22T14:00:25,503Z [Test worker] internal.NodeFlowManager. - Registered com.r3.corda.lib.accounts.workflows.flows.RequestAccountInfo to initiate com.r3.corda.lib.accounts.workflows.flows.RequestAccountInfoHandler (version 1) {}
[INFO ] 2023-01-22T14:00:25,503Z [Test worker] internal.NodeFlowManager. - Registered com.r3.corda.lib.accounts.workflows.flows.RequestKeyForAccount to initiate com.r3.corda.lib.accounts.workflows.flows.SendKeyForAccount (version 1) {}
[INFO ] 2023-01-22T14:00:25,503Z [Test worker] internal.NodeFlowManager. - Registered com.r3.corda.lib.accounts.workflows.flows.ShareAccountInfo to initiate com.r3.corda.lib.accounts.workflows.flows.ShareAccountInfoHandler (version 1) {}
[INFO ] 2023-01-22T14:00:25,503Z [Test worker] internal.NodeFlowManager. - Registered net.corda.samples.supplychain.flows.InternalMessage to initiate net.corda.samples.supplychain.flows.InternalMessageResponder (version 1) {}
[INFO ] 2023-01-22T14:00:25,503Z [Test worker] internal.NodeFlowManager. - Registered net.corda.samples.supplychain.flows.SendCargo to initiate net.corda.samples.supplychain.flows.SendCargoResponder (version 1) {}
[INFO ] 2023-01-22T14:00:25,503Z [Test worker] internal.NodeFlowManager. - Registered net.corda.samples.supplychain.flows.SendInvoice to initiate net.corda.samples.supplychain.flows.SendInvoiceResponder (version 1) {}
[INFO ] 2023-01-22T14:00:25,503Z [Test worker] internal.NodeFlowManager. - Registered net.corda.samples.supplychain.flows.SendPayment to initiate net.corda.samples.supplychain.flows.SendPaymentResponder (version 1) {}
[INFO ] 2023-01-22T14:00:25,503Z [Test worker] internal.NodeFlowManager. - Registered net.corda.samples.supplychain.flows.SendShippingRequest to initiate net.corda.samples.supplychain.flows.SendShippingRequestResponder (version 1) {}
[INFO ] 2023-01-22T14:00:25,508Z [Test worker] internal.InternalMockNetwork$MockNode. - Loaded network parameters: NetworkParameters {
      minimumPlatformVersion=4
      notaries=[NotaryInfo(identity=O=Notary, L=London, C=GB, validating=true)]
      maxMessageSize=10485760
      maxTransactionSize=52428800
      whitelistedContractImplementations {
        
      }
      eventHorizon=PT51539607528H
      packageOwnership {
        
      }
      modifiedTime=2023-01-22T13:59:53.741Z
      epoch=1
  } {}
[INFO ] 2023-01-22T14:00:26,460Z [Test worker] internal.InternalMockNetwork$MockNode. - Connected to H2 database. {}
[INFO ] 2023-01-22T14:00:26,464Z [Test worker] persistence.HibernateConfiguration. - Init HibernateConfiguration for schemas: [CommonSchemaV1(name=net.corda.core.schemas.CommonSchema, version=1), VaultSchemaV1(name=net.corda.node.services.vault.VaultSchema, version=1), NodeInfoSchemaV1(name=net.corda.node.internal.schemas.NodeInfoSchema, version=1), NodeCoreV1(name=net.corda.node.services.schema.NodeSchemaService$NodeCore, version=1), AccountsContractsSchemaV1(name=com.r3.corda.lib.accounts.contracts.internal.schemas.AccountsContractsSchema, version=1), AccountsWorkflowsSchemaV1(name=com.r3.corda.lib.accounts.workflows.internal.schemas.AccountsWorkflowsSchema, version=1)] {}
[INFO ] 2023-01-22T14:00:26,464Z [Test worker] factory.BaseSessionFactoryFactory. - Creating session factory for schemas: [CommonSchemaV1(name=net.corda.core.schemas.CommonSchema, version=1), VaultSchemaV1(name=net.corda.node.services.vault.VaultSchema, version=1), NodeInfoSchemaV1(name=net.corda.node.internal.schemas.NodeInfoSchema, version=1), NodeCoreV1(name=net.corda.node.services.schema.NodeSchemaService$NodeCore, version=1), AccountsContractsSchemaV1(name=com.r3.corda.lib.accounts.contracts.internal.schemas.AccountsContractsSchema, version=1), AccountsWorkflowsSchemaV1(name=com.r3.corda.lib.accounts.workflows.internal.schemas.AccountsWorkflowsSchema, version=1)] {}
[INFO ] 2023-01-22T14:00:26,817Z [Test worker] factory.BaseSessionFactoryFactory. - Created session factory for schemas: [CommonSchemaV1(name=net.corda.core.schemas.CommonSchema, version=1), VaultSchemaV1(name=net.corda.node.services.vault.VaultSchema, version=1), NodeInfoSchemaV1(name=net.corda.node.internal.schemas.NodeInfoSchema, version=1), NodeCoreV1(name=net.corda.node.services.schema.NodeSchemaService$NodeCore, version=1), AccountsContractsSchemaV1(name=com.r3.corda.lib.accounts.contracts.internal.schemas.AccountsContractsSchema, version=1), AccountsWorkflowsSchemaV1(name=com.r3.corda.lib.accounts.workflows.internal.schemas.AccountsWorkflowsSchema, version=1)] {}
[INFO ] 2023-01-22T14:00:26,822Z [Test worker] internal.InternalMockNetwork$MockNode. - Node-info has changed so submitting update. Old node-info was null {}
[INFO ] 2023-01-22T14:00:26,831Z [Test worker] network.PersistentNetworkMapCache. - Adding node with info: NodeInfo(addresses=[mock.node:1000], legalIdentitiesAndCerts=[O=Mock Company 1, L=London, C=GB], platformVersion=12, serial=1674396026822), owningKey=DLFuEVrgZye4Ggq82diSkXHijfk3GKDhhueP3HbNdFWT71 {}
[INFO ] 2023-01-22T14:00:26,831Z [Test worker] network.PersistentNetworkMapCache. - No previous node found for O=Mock Company 1, L=London, C=GB {}
[INFO ] 2023-01-22T14:00:26,841Z [Test worker] internal.InternalMockNetwork$MockNode. - New node-info: NodeInfo(addresses=[mock.node:1000], legalIdentitiesAndCerts=[O=Mock Company 1, L=London, C=GB], platformVersion=12, serial=1674396026822) {}
[INFO ] 2023-01-22T14:00:26,852Z [Test worker] network.NetworkMapUpdater. - Auto-accept enabled for network parameter changes which modify only: [epoch, modifiedTime, packageOwnership, whitelistedContractImplementations] {}
[INFO ] 2023-01-22T14:00:26,852Z [Test worker] internal.MockNodeMessagingService. - Status change to true {}
[INFO ] 2023-01-22T14:00:26,853Z [Test worker] internal.InternalMockNetwork$MockNode. - MessagingService active change to: true {}
[INFO ] 2023-01-22T14:00:26,868Z [MockNode-2-2] network.PersistentNetworkMapCache. - Adding node with info: NodeInfo(addresses=[mock.node:1000], legalIdentitiesAndCerts=[O=Mock Company 1, L=London, C=GB], platformVersion=12, serial=1674396026822), owningKey=DLFuEVrgZye4Ggq82diSkXHijfk3GKDhhueP3HbNdFWT71 {}
[INFO ] 2023-01-22T14:00:26,868Z [MockNode-2-2] network.PersistentNetworkMapCache. - Previous node was identical to incoming one - doing nothing {}
[INFO ] 2023-01-22T14:00:26,898Z [Test worker] persistence.NodeAttachmentService. - Stored new attachment: id=D370FD972C7E07CE73F4F9B7886D226807F6B16C4EE287398B9C69384109DC14 uploader=app filename=Accounts SDK - States and Contracts {}
[INFO ] 2023-01-22T14:00:26,921Z [Test worker] persistence.NodeAttachmentService. - Stored new attachment: id=ED130E5D89F5269F2EB1EC030ED2727DF69681C6F498B857EC6955B00520A06D uploader=app filename=supplychain Contracts {}
[INFO ] 2023-01-22T14:00:26,924Z [Test worker] internal.InternalMockNetwork$MockNode. - Installed com.r3.corda.lib.accounts.workflows.services.KeyManagementBackedAccountService Corda service {}
[INFO ] 2023-01-22T14:00:26,958Z [Test worker] statemachine.SingleThreadedStateMachineManager. - Node ready, info: NodeInfo(addresses=[mock.node:1000], legalIdentitiesAndCerts=[O=Mock Company 1, L=London, C=GB], platformVersion=12, serial=1674396026822) {}
[INFO ] 2023-01-22T14:00:26,958Z [Test worker] internal.InternalMockNetwork$MockNode. - Node status update: [STARTING] -> [STARTED] {}
[INFO ] 2023-01-22T14:00:26,965Z [Test worker] network.PersistentNetworkMapCache. - Adding node with info: NodeInfo(addresses=[mock.node:1000], legalIdentitiesAndCerts=[O=Notary, L=London, C=GB], platformVersion=12, serial=1674396023574), owningKey=DL6oDXWoxy2VoU9Fp6C4XGaMvvjs95d8y8hZFJjY26Pzgu {}
[INFO ] 2023-01-22T14:00:26,965Z [Test worker] network.PersistentNetworkMapCache. - No previous node found for O=Notary, L=London, C=GB {}
[INFO ] 2023-01-22T14:00:26,985Z [Test worker] network.PersistentNetworkMapCache. - Adding node with info: NodeInfo(addresses=[mock.node:1000], legalIdentitiesAndCerts=[O=Mock Company 1, L=London, C=GB], platformVersion=12, serial=1674396026822), owningKey=DLFuEVrgZye4Ggq82diSkXHijfk3GKDhhueP3HbNdFWT71 {}
[INFO ] 2023-01-22T14:00:26,985Z [Test worker] network.PersistentNetworkMapCache. - No previous node found for O=Mock Company 1, L=London, C=GB {}
[INFO ] 2023-01-22T14:00:26,998Z [Test worker] network.PersistentNetworkMapCache. - Adding node with info: NodeInfo(addresses=[mock.node:1000], legalIdentitiesAndCerts=[O=Mock Company 1, L=London, C=GB], platformVersion=12, serial=1674396026822), owningKey=DLFuEVrgZye4Ggq82diSkXHijfk3GKDhhueP3HbNdFWT71 {}
[INFO ] 2023-01-22T14:00:26,998Z [Test worker] network.PersistentNetworkMapCache. - Previous node was identical to incoming one - doing nothing {}
[INFO ] 2023-01-22T14:00:26,999Z [Test worker] network.PersistentNetworkMapCache. - Adding node with info: NodeInfo(addresses=[mock.node:1000], legalIdentitiesAndCerts=[O=Mock Company 1, L=London, C=GB], platformVersion=12, serial=1674396026822), owningKey=DLFuEVrgZye4Ggq82diSkXHijfk3GKDhhueP3HbNdFWT71 {}
[INFO ] 2023-01-22T14:00:26,999Z [Test worker] network.PersistentNetworkMapCache. - Previous node was identical to incoming one - doing nothing {}
[INFO ] 2023-01-22T14:00:27,016Z [Test worker] cordapp.JarScanningCordappLoader. - Looking for CorDapps in [build\mock-network\20230122-135957.563-483D5187D47B2503\nodes\2\cordapps] {}
[INFO ] 2023-01-22T14:00:27,017Z [Test worker] cordapp.JarScanningCordappLoader. - Loading CorDapps from RestrictedURL(url=file:/C:/Users/Anvith/Dropbox/PC/Desktop/Work/Corda/samples-java/Accounts/supplychain/workflows/build/mock-network/20230122-135957.563-483D5187D47B2503/nodes/2/cordapps/accounts-contracts-1.0.jar, rootPackageName=null), RestrictedURL(url=file:/C:/Users/Anvith/Dropbox/PC/Desktop/Work/Corda/samples-java/Accounts/supplychain/workflows/build/mock-network/20230122-135957.563-483D5187D47B2503/nodes/2/cordapps/accounts-workflows-1.0.jar, rootPackageName=null), RestrictedURL(url=file:/C:/Users/Anvith/Dropbox/PC/Desktop/Work/Corda/samples-java/Accounts/supplychain/workflows/build/mock-network/20230122-135957.563-483D5187D47B2503/nodes/2/cordapps/contracts-1.0.jar, rootPackageName=null), RestrictedURL(url=file:/C:/Users/Anvith/Dropbox/PC/Desktop/Work/Corda/samples-java/Accounts/supplychain/workflows/build/mock-network/20230122-135957.563-483D5187D47B2503/nodes/2/cordapps/workflows-1.0.jar, rootPackageName=null) {}
[INFO ] 2023-01-22T14:00:27,018Z [Test worker] cordapp.JarScanningCordappLoader. - Scanning CorDapp in file:/C:/Users/Anvith/Dropbox/PC/Desktop/Work/Corda/samples-java/Accounts/supplychain/workflows/build/mock-network/20230122-135957.563-483D5187D47B2503/nodes/2/cordapps/accounts-contracts-1.0.jar {}
[INFO ] 2023-01-22T14:00:27,032Z [Test worker] cordapp.JarScanningCordappLoader. - Scanning CorDapp in file:/C:/Users/Anvith/Dropbox/PC/Desktop/Work/Corda/samples-java/Accounts/supplychain/workflows/build/mock-network/20230122-135957.563-483D5187D47B2503/nodes/2/cordapps/accounts-workflows-1.0.jar {}
[INFO ] 2023-01-22T14:00:27,049Z [Test worker] cordapp.JarScanningCordappLoader. - Scanning CorDapp in file:/C:/Users/Anvith/Dropbox/PC/Desktop/Work/Corda/samples-java/Accounts/supplychain/workflows/build/mock-network/20230122-135957.563-483D5187D47B2503/nodes/2/cordapps/contracts-1.0.jar {}
[INFO ] 2023-01-22T14:00:27,058Z [Test worker] cordapp.JarScanningCordappLoader. - Scanning CorDapp in file:/C:/Users/Anvith/Dropbox/PC/Desktop/Work/Corda/samples-java/Accounts/supplychain/workflows/build/mock-network/20230122-135957.563-483D5187D47B2503/nodes/2/cordapps/workflows-1.0.jar {}
[INFO ] 2023-01-22T14:00:27,101Z [Test worker] internal.InternalMockNetwork$MockNode. - MessagingService active change to: false {}
[INFO ] 2023-01-22T14:00:27,102Z [Test worker] internal.InternalMockNetwork$MockNode. - Flow external operation executor has a max of 2 threads {}
[INFO ] 2023-01-22T14:00:27,104Z [Test worker] internal.InternalMockNetwork$MockNode. - Node starting up ... {}
[INFO ] 2023-01-22T14:00:27,104Z [Test worker] internal.InternalMockNetwork$MockNode. - Node status update: [WAITING_TO_START] -> [STARTING] {}
[INFO ] 2023-01-22T14:00:27,183Z [Test worker] internal.KeyStoreHandler. - Loaded trusted root certificate: DL7fwxLm5xbiMD8adUuYTsPZHAict46Ng4w6RNcySt5vAw, alias: cordarootca {}
[INFO ] 2023-01-22T14:00:27,183Z [Test worker] internal.KeyStoreHandler. - Loaded node identity key: DLJ5E1gcsat2ym71DmBPFgV21P4LPVNehrBxFHMzawXVRh, alias: identity-private-key {}
[INFO ] 2023-01-22T14:00:27,190Z [Test worker] internal.NodeFlowManager. - Registered com.r3.corda.lib.accounts.workflows.flows.ShareStateAndSyncAccounts to initiate com.r3.corda.lib.accounts.workflows.flows.ReceiveStateAndSyncAccounts (version 1) {}
[INFO ] 2023-01-22T14:00:27,190Z [Test worker] internal.NodeFlowManager. - Registered com.r3.corda.lib.accounts.workflows.flows.ShareStateWithAccount to initiate com.r3.corda.lib.accounts.workflows.flows.ReceiveStateForAccount (version 1) {}
[INFO ] 2023-01-22T14:00:27,190Z [Test worker] internal.NodeFlowManager. - Registered com.r3.corda.lib.accounts.workflows.flows.RequestAccountInfo to initiate com.r3.corda.lib.accounts.workflows.flows.RequestAccountInfoHandler (version 1) {}
[INFO ] 2023-01-22T14:00:27,190Z [Test worker] internal.NodeFlowManager. - Registered com.r3.corda.lib.accounts.workflows.flows.RequestKeyForAccount to initiate com.r3.corda.lib.accounts.workflows.flows.SendKeyForAccount (version 1) {}
[INFO ] 2023-01-22T14:00:27,190Z [Test worker] internal.NodeFlowManager. - Registered com.r3.corda.lib.accounts.workflows.flows.ShareAccountInfo to initiate com.r3.corda.lib.accounts.workflows.flows.ShareAccountInfoHandler (version 1) {}
[INFO ] 2023-01-22T14:00:27,190Z [Test worker] internal.NodeFlowManager. - Registered net.corda.samples.supplychain.flows.InternalMessage to initiate net.corda.samples.supplychain.flows.InternalMessageResponder (version 1) {}
[INFO ] 2023-01-22T14:00:27,190Z [Test worker] internal.NodeFlowManager. - Registered net.corda.samples.supplychain.flows.SendCargo to initiate net.corda.samples.supplychain.flows.SendCargoResponder (version 1) {}
[INFO ] 2023-01-22T14:00:27,190Z [Test worker] internal.NodeFlowManager. - Registered net.corda.samples.supplychain.flows.SendInvoice to initiate net.corda.samples.supplychain.flows.SendInvoiceResponder (version 1) {}
[INFO ] 2023-01-22T14:00:27,190Z [Test worker] internal.NodeFlowManager. - Registered net.corda.samples.supplychain.flows.SendPayment to initiate net.corda.samples.supplychain.flows.SendPaymentResponder (version 1) {}
[INFO ] 2023-01-22T14:00:27,190Z [Test worker] internal.NodeFlowManager. - Registered net.corda.samples.supplychain.flows.SendShippingRequest to initiate net.corda.samples.supplychain.flows.SendShippingRequestResponder (version 1) {}
[INFO ] 2023-01-22T14:00:27,197Z [Test worker] internal.InternalMockNetwork$MockNode. - Loaded network parameters: NetworkParameters {
      minimumPlatformVersion=4
      notaries=[NotaryInfo(identity=O=Notary, L=London, C=GB, validating=true)]
      maxMessageSize=10485760
      maxTransactionSize=52428800
      whitelistedContractImplementations {
        
      }
      eventHorizon=PT51539607528H
      packageOwnership {
        
      }
      modifiedTime=2023-01-22T13:59:53.741Z
      epoch=1
  } {}
[INFO ] 2023-01-22T14:00:27,938Z [Test worker] internal.InternalMockNetwork$MockNode. - Connected to H2 database. {}
[INFO ] 2023-01-22T14:00:27,940Z [Test worker] persistence.HibernateConfiguration. - Init HibernateConfiguration for schemas: [CommonSchemaV1(name=net.corda.core.schemas.CommonSchema, version=1), VaultSchemaV1(name=net.corda.node.services.vault.VaultSchema, version=1), NodeInfoSchemaV1(name=net.corda.node.internal.schemas.NodeInfoSchema, version=1), NodeCoreV1(name=net.corda.node.services.schema.NodeSchemaService$NodeCore, version=1), AccountsContractsSchemaV1(name=com.r3.corda.lib.accounts.contracts.internal.schemas.AccountsContractsSchema, version=1), AccountsWorkflowsSchemaV1(name=com.r3.corda.lib.accounts.workflows.internal.schemas.AccountsWorkflowsSchema, version=1)] {}
[INFO ] 2023-01-22T14:00:27,940Z [Test worker] factory.BaseSessionFactoryFactory. - Creating session factory for schemas: [CommonSchemaV1(name=net.corda.core.schemas.CommonSchema, version=1), VaultSchemaV1(name=net.corda.node.services.vault.VaultSchema, version=1), NodeInfoSchemaV1(name=net.corda.node.internal.schemas.NodeInfoSchema, version=1), NodeCoreV1(name=net.corda.node.services.schema.NodeSchemaService$NodeCore, version=1), AccountsContractsSchemaV1(name=com.r3.corda.lib.accounts.contracts.internal.schemas.AccountsContractsSchema, version=1), AccountsWorkflowsSchemaV1(name=com.r3.corda.lib.accounts.workflows.internal.schemas.AccountsWorkflowsSchema, version=1)] {}
[INFO ] 2023-01-22T14:00:28,221Z [Test worker] factory.BaseSessionFactoryFactory. - Created session factory for schemas: [CommonSchemaV1(name=net.corda.core.schemas.CommonSchema, version=1), VaultSchemaV1(name=net.corda.node.services.vault.VaultSchema, version=1), NodeInfoSchemaV1(name=net.corda.node.internal.schemas.NodeInfoSchema, version=1), NodeCoreV1(name=net.corda.node.services.schema.NodeSchemaService$NodeCore, version=1), AccountsContractsSchemaV1(name=com.r3.corda.lib.accounts.contracts.internal.schemas.AccountsContractsSchema, version=1), AccountsWorkflowsSchemaV1(name=com.r3.corda.lib.accounts.workflows.internal.schemas.AccountsWorkflowsSchema, version=1)] {}
[INFO ] 2023-01-22T14:00:28,226Z [Test worker] internal.InternalMockNetwork$MockNode. - Node-info has changed so submitting update. Old node-info was null {}
[INFO ] 2023-01-22T14:00:28,231Z [Test worker] network.PersistentNetworkMapCache. - Adding node with info: NodeInfo(addresses=[mock.node:1000], legalIdentitiesAndCerts=[O=Mock Company 2, L=London, C=GB], platformVersion=12, serial=1674396028226), owningKey=DLJ5E1gcsat2ym71DmBPFgV21P4LPVNehrBxFHMzawXVRh {}
[INFO ] 2023-01-22T14:00:28,231Z [Test worker] network.PersistentNetworkMapCache. - No previous node found for O=Mock Company 2, L=London, C=GB {}
[INFO ] 2023-01-22T14:00:28,241Z [Test worker] internal.InternalMockNetwork$MockNode. - New node-info: NodeInfo(addresses=[mock.node:1000], legalIdentitiesAndCerts=[O=Mock Company 2, L=London, C=GB], platformVersion=12, serial=1674396028226) {}
[INFO ] 2023-01-22T14:00:28,251Z [Test worker] network.NetworkMapUpdater. - Auto-accept enabled for network parameter changes which modify only: [epoch, modifiedTime, packageOwnership, whitelistedContractImplementations] {}
[INFO ] 2023-01-22T14:00:28,251Z [Test worker] internal.MockNodeMessagingService. - Status change to true {}
[INFO ] 2023-01-22T14:00:28,251Z [Test worker] internal.InternalMockNetwork$MockNode. - MessagingService active change to: true {}
[INFO ] 2023-01-22T14:00:28,264Z [MockNode-3-2] network.PersistentNetworkMapCache. - Adding node with info: NodeInfo(addresses=[mock.node:1000], legalIdentitiesAndCerts=[O=Mock Company 2, L=London, C=GB], platformVersion=12, serial=1674396028226), owningKey=DLJ5E1gcsat2ym71DmBPFgV21P4LPVNehrBxFHMzawXVRh {}
[INFO ] 2023-01-22T14:00:28,264Z [MockNode-3-2] network.PersistentNetworkMapCache. - Previous node was identical to incoming one - doing nothing {}
[INFO ] 2023-01-22T14:00:28,294Z [Test worker] persistence.NodeAttachmentService. - Stored new attachment: id=D370FD972C7E07CE73F4F9B7886D226807F6B16C4EE287398B9C69384109DC14 uploader=app filename=Accounts SDK - States and Contracts {}
[INFO ] 2023-01-22T14:00:28,309Z [Test worker] persistence.NodeAttachmentService. - Stored new attachment: id=ED130E5D89F5269F2EB1EC030ED2727DF69681C6F498B857EC6955B00520A06D uploader=app filename=supplychain Contracts {}
[INFO ] 2023-01-22T14:00:28,314Z [Test worker] internal.InternalMockNetwork$MockNode. - Installed com.r3.corda.lib.accounts.workflows.services.KeyManagementBackedAccountService Corda service {}
[INFO ] 2023-01-22T14:00:28,337Z [Test worker] statemachine.SingleThreadedStateMachineManager. - Node ready, info: NodeInfo(addresses=[mock.node:1000], legalIdentitiesAndCerts=[O=Mock Company 2, L=London, C=GB], platformVersion=12, serial=1674396028226) {}
[INFO ] 2023-01-22T14:00:28,337Z [Test worker] internal.InternalMockNetwork$MockNode. - Node status update: [STARTING] -> [STARTED] {}
[INFO ] 2023-01-22T14:00:28,339Z [Test worker] network.PersistentNetworkMapCache. - Adding node with info: NodeInfo(addresses=[mock.node:1000], legalIdentitiesAndCerts=[O=Notary, L=London, C=GB], platformVersion=12, serial=1674396023574), owningKey=DL6oDXWoxy2VoU9Fp6C4XGaMvvjs95d8y8hZFJjY26Pzgu {}
[INFO ] 2023-01-22T14:00:28,339Z [Test worker] network.PersistentNetworkMapCache. - No previous node found for O=Notary, L=London, C=GB {}
[INFO ] 2023-01-22T14:00:28,352Z [Test worker] network.PersistentNetworkMapCache. - Adding node with info: NodeInfo(addresses=[mock.node:1000], legalIdentitiesAndCerts=[O=Mock Company 2, L=London, C=GB], platformVersion=12, serial=1674396028226), owningKey=DLJ5E1gcsat2ym71DmBPFgV21P4LPVNehrBxFHMzawXVRh {}
[INFO ] 2023-01-22T14:00:28,352Z [Test worker] network.PersistentNetworkMapCache. - No previous node found for O=Mock Company 2, L=London, C=GB {}
[INFO ] 2023-01-22T14:00:28,365Z [Test worker] network.PersistentNetworkMapCache. - Adding node with info: NodeInfo(addresses=[mock.node:1000], legalIdentitiesAndCerts=[O=Mock Company 1, L=London, C=GB], platformVersion=12, serial=1674396026822), owningKey=DLFuEVrgZye4Ggq82diSkXHijfk3GKDhhueP3HbNdFWT71 {}
[INFO ] 2023-01-22T14:00:28,365Z [Test worker] network.PersistentNetworkMapCache. - No previous node found for O=Mock Company 1, L=London, C=GB {}
[INFO ] 2023-01-22T14:00:28,380Z [Test worker] network.PersistentNetworkMapCache. - Adding node with info: NodeInfo(addresses=[mock.node:1000], legalIdentitiesAndCerts=[O=Mock Company 2, L=London, C=GB], platformVersion=12, serial=1674396028226), owningKey=DLJ5E1gcsat2ym71DmBPFgV21P4LPVNehrBxFHMzawXVRh {}
[INFO ] 2023-01-22T14:00:28,380Z [Test worker] network.PersistentNetworkMapCache. - No previous node found for O=Mock Company 2, L=London, C=GB {}
[INFO ] 2023-01-22T14:00:28,391Z [Test worker] network.PersistentNetworkMapCache. - Adding node with info: NodeInfo(addresses=[mock.node:1000], legalIdentitiesAndCerts=[O=Mock Company 2, L=London, C=GB], platformVersion=12, serial=1674396028226), owningKey=DLJ5E1gcsat2ym71DmBPFgV21P4LPVNehrBxFHMzawXVRh {}
[INFO ] 2023-01-22T14:00:28,391Z [Test worker] network.PersistentNetworkMapCache. - Previous node was identical to incoming one - doing nothing {}
[INFO ] 2023-01-22T14:00:28,391Z [Test worker] network.PersistentNetworkMapCache. - Adding node with info: NodeInfo(addresses=[mock.node:1000], legalIdentitiesAndCerts=[O=Mock Company 2, L=London, C=GB], platformVersion=12, serial=1674396028226), owningKey=DLJ5E1gcsat2ym71DmBPFgV21P4LPVNehrBxFHMzawXVRh {}
[INFO ] 2023-01-22T14:00:28,391Z [Test worker] network.PersistentNetworkMapCache. - Previous node was identical to incoming one - doing nothing {}
[INFO ] 2023-01-22T14:00:29,342Z [Mock network] corda.flow. - No need to notarise this transaction. {actor_id=Only For Testing, actor_owning_identity=O=Mock Company 1, L=London, C=GB, actor_store_id=TEST, fiber-id=10000001, flow-id=bd344dc3-ba98-49f1-af51-9d150cb66cff, invocation_id=369303d3-19cf-4901-a8c0-5ff3231f12d0, invocation_timestamp=2023-01-22T14:00:28.428Z, origin=Only For Testing, session_id=369303d3-19cf-4901-a8c0-5ff3231f12d0, session_timestamp=2023-01-22T14:00:28.428Z, thread-id=539, tx_id=E46A22B10575BC1B8BC04F9192758BA1364397870E7FA445CA7E4F1D58F6B595}
[INFO ] 2023-01-22T14:00:29,342Z [Mock network] corda.flow. - Recording transaction locally. {actor_id=Only For Testing, actor_owning_identity=O=Mock Company 1, L=London, C=GB, actor_store_id=TEST, fiber-id=10000001, flow-id=bd344dc3-ba98-49f1-af51-9d150cb66cff, invocation_id=369303d3-19cf-4901-a8c0-5ff3231f12d0, invocation_timestamp=2023-01-22T14:00:28.428Z, origin=Only For Testing, session_id=369303d3-19cf-4901-a8c0-5ff3231f12d0, session_timestamp=2023-01-22T14:00:28.428Z, thread-id=539, tx_id=E46A22B10575BC1B8BC04F9192758BA1364397870E7FA445CA7E4F1D58F6B595}
[INFO ] 2023-01-22T14:00:29,539Z [Mock network] corda.flow. - Recorded transaction locally successfully. {actor_id=Only For Testing, actor_owning_identity=O=Mock Company 1, L=London, C=GB, actor_store_id=TEST, fiber-id=10000001, flow-id=bd344dc3-ba98-49f1-af51-9d150cb66cff, invocation_id=369303d3-19cf-4901-a8c0-5ff3231f12d0, invocation_timestamp=2023-01-22T14:00:28.428Z, origin=Only For Testing, session_id=369303d3-19cf-4901-a8c0-5ff3231f12d0, session_timestamp=2023-01-22T14:00:28.428Z, thread-id=539, tx_id=E46A22B10575BC1B8BC04F9192758BA1364397870E7FA445CA7E4F1D58F6B595}
[INFO ] 2023-01-22T14:00:29,539Z [Mock network] corda.flow. - All parties received the transaction successfully. {actor_id=Only For Testing, actor_owning_identity=O=Mock Company 1, L=London, C=GB, actor_store_id=TEST, fiber-id=10000001, flow-id=bd344dc3-ba98-49f1-af51-9d150cb66cff, invocation_id=369303d3-19cf-4901-a8c0-5ff3231f12d0, invocation_timestamp=2023-01-22T14:00:28.428Z, origin=Only For Testing, session_id=369303d3-19cf-4901-a8c0-5ff3231f12d0, session_timestamp=2023-01-22T14:00:28.428Z, thread-id=539, tx_id=E46A22B10575BC1B8BC04F9192758BA1364397870E7FA445CA7E4F1D58F6B595}
[INFO ] 2023-01-22T14:00:29,704Z [Test worker] internal.InternalMockNetwork$MockNode. - Node status update: [STARTED] -> [STOPPING] {}
[INFO ] 2023-01-22T14:00:29,723Z [Test worker] persistence.CordaPersistence. - Closing HikariDataSource (HikariPool-1) {}
[INFO ] 2023-01-22T14:00:29,758Z [Test worker] internal.MockNodeMessagingService. - Status change to false {}
[INFO ] 2023-01-22T14:00:29,758Z [Test worker] internal.InternalMockNetwork$MockNode. - MessagingService active change to: false {}
[INFO ] 2023-01-22T14:00:29,765Z [Test worker] internal.InternalMockNetwork$MockNode. - Node status update: [STARTED] -> [STOPPING] {}
[INFO ] 2023-01-22T14:00:29,767Z [Test worker] persistence.CordaPersistence. - Closing HikariDataSource (HikariPool-2) {}
[INFO ] 2023-01-22T14:00:29,785Z [Test worker] internal.MockNodeMessagingService. - Status change to false {}
[INFO ] 2023-01-22T14:00:29,786Z [Test worker] internal.InternalMockNetwork$MockNode. - MessagingService active change to: false {}
[INFO ] 2023-01-22T14:00:29,787Z [Test worker] internal.InternalMockNetwork$MockNode. - Node status update: [STARTED] -> [STOPPING] {}
[INFO ] 2023-01-22T14:00:29,788Z [Test worker] persistence.CordaPersistence. - Closing HikariDataSource (HikariPool-3) {}
[INFO ] 2023-01-22T14:00:29,803Z [Test worker] internal.MockNodeMessagingService. - Status change to false {}
[INFO ] 2023-01-22T14:00:29,803Z [Test worker] internal.InternalMockNetwork$MockNode. - MessagingService active change to: false {}
[INFO ] 2023-01-22T14:00:29,963Z [Test worker] cordapp.JarScanningCordappLoader. - Looking for CorDapps in [build\mock-network\20230122-140029.810-82A55B59D0BD2DCF\nodes\0\cordapps] {}
[INFO ] 2023-01-22T14:00:29,964Z [Test worker] cordapp.JarScanningCordappLoader. - Loading CorDapps from RestrictedURL(url=file:/C:/Users/Anvith/Dropbox/PC/Desktop/Work/Corda/samples-java/Accounts/supplychain/workflows/build/mock-network/20230122-140029.810-82A55B59D0BD2DCF/nodes/0/cordapps/accounts-contracts-1.0.jar, rootPackageName=null), RestrictedURL(url=file:/C:/Users/Anvith/Dropbox/PC/Desktop/Work/Corda/samples-java/Accounts/supplychain/workflows/build/mock-network/20230122-140029.810-82A55B59D0BD2DCF/nodes/0/cordapps/accounts-workflows-1.0.jar, rootPackageName=null), RestrictedURL(url=file:/C:/Users/Anvith/Dropbox/PC/Desktop/Work/Corda/samples-java/Accounts/supplychain/workflows/build/mock-network/20230122-140029.810-82A55B59D0BD2DCF/nodes/0/cordapps/contracts-1.0.jar, rootPackageName=null), RestrictedURL(url=file:/C:/Users/Anvith/Dropbox/PC/Desktop/Work/Corda/samples-java/Accounts/supplychain/workflows/build/mock-network/20230122-140029.810-82A55B59D0BD2DCF/nodes/0/cordapps/workflows-1.0.jar, rootPackageName=null) {}
[INFO ] 2023-01-22T14:00:29,964Z [Test worker] cordapp.JarScanningCordappLoader. - Scanning CorDapp in file:/C:/Users/Anvith/Dropbox/PC/Desktop/Work/Corda/samples-java/Accounts/supplychain/workflows/build/mock-network/20230122-140029.810-82A55B59D0BD2DCF/nodes/0/cordapps/accounts-contracts-1.0.jar {}
[INFO ] 2023-01-22T14:00:29,973Z [Test worker] cordapp.JarScanningCordappLoader. - Scanning CorDapp in file:/C:/Users/Anvith/Dropbox/PC/Desktop/Work/Corda/samples-java/Accounts/supplychain/workflows/build/mock-network/20230122-140029.810-82A55B59D0BD2DCF/nodes/0/cordapps/accounts-workflows-1.0.jar {}
[INFO ] 2023-01-22T14:00:29,985Z [Test worker] cordapp.JarScanningCordappLoader. - Scanning CorDapp in file:/C:/Users/Anvith/Dropbox/PC/Desktop/Work/Corda/samples-java/Accounts/supplychain/workflows/build/mock-network/20230122-140029.810-82A55B59D0BD2DCF/nodes/0/cordapps/contracts-1.0.jar {}
[INFO ] 2023-01-22T14:00:29,995Z [Test worker] cordapp.JarScanningCordappLoader. - Scanning CorDapp in file:/C:/Users/Anvith/Dropbox/PC/Desktop/Work/Corda/samples-java/Accounts/supplychain/workflows/build/mock-network/20230122-140029.810-82A55B59D0BD2DCF/nodes/0/cordapps/workflows-1.0.jar {}
[INFO ] 2023-01-22T14:00:30,041Z [Test worker] internal.InternalMockNetwork$MockNode. - MessagingService active change to: false {}
[INFO ] 2023-01-22T14:00:30,043Z [Test worker] internal.InternalMockNetwork$MockNode. - Flow external operation executor has a max of 2 threads {}
[INFO ] 2023-01-22T14:00:30,046Z [Test worker] internal.InternalMockNetwork$MockNode. - Node starting up ... {}
[INFO ] 2023-01-22T14:00:30,046Z [Test worker] internal.InternalMockNetwork$MockNode. - Node status update: [WAITING_TO_START] -> [STARTING] {}
[INFO ] 2023-01-22T14:00:30,050Z [Test worker] internal.KeyStoreHandler. - Loaded trusted root certificate: DL7fwxLm5xbiMD8adUuYTsPZHAict46Ng4w6RNcySt5vAw, alias: cordarootca {}
[INFO ] 2023-01-22T14:00:30,051Z [Test worker] internal.KeyStoreHandler. - Loaded node identity key: DL6aEf4MiHu4ntRBvYPbwnYGxRcQuJ3uJ6y1E79qGSmydW, alias: identity-private-key {}
[INFO ] 2023-01-22T14:00:30,060Z [Test worker] internal.NodeFlowManager. - Registered com.r3.corda.lib.accounts.workflows.flows.ShareStateAndSyncAccounts to initiate com.r3.corda.lib.accounts.workflows.flows.ReceiveStateAndSyncAccounts (version 1) {}
[INFO ] 2023-01-22T14:00:30,060Z [Test worker] internal.NodeFlowManager. - Registered com.r3.corda.lib.accounts.workflows.flows.ShareStateWithAccount to initiate com.r3.corda.lib.accounts.workflows.flows.ReceiveStateForAccount (version 1) {}
[INFO ] 2023-01-22T14:00:30,060Z [Test worker] internal.NodeFlowManager. - Registered com.r3.corda.lib.accounts.workflows.flows.RequestAccountInfo to initiate com.r3.corda.lib.accounts.workflows.flows.RequestAccountInfoHandler (version 1) {}
[INFO ] 2023-01-22T14:00:30,060Z [Test worker] internal.NodeFlowManager. - Registered com.r3.corda.lib.accounts.workflows.flows.RequestKeyForAccount to initiate com.r3.corda.lib.accounts.workflows.flows.SendKeyForAccount (version 1) {}
[INFO ] 2023-01-22T14:00:30,060Z [Test worker] internal.NodeFlowManager. - Registered com.r3.corda.lib.accounts.workflows.flows.ShareAccountInfo to initiate com.r3.corda.lib.accounts.workflows.flows.ShareAccountInfoHandler (version 1) {}
[INFO ] 2023-01-22T14:00:30,060Z [Test worker] internal.NodeFlowManager. - Registered net.corda.samples.supplychain.flows.InternalMessage to initiate net.corda.samples.supplychain.flows.InternalMessageResponder (version 1) {}
[INFO ] 2023-01-22T14:00:30,060Z [Test worker] internal.NodeFlowManager. - Registered net.corda.samples.supplychain.flows.SendCargo to initiate net.corda.samples.supplychain.flows.SendCargoResponder (version 1) {}
[INFO ] 2023-01-22T14:00:30,060Z [Test worker] internal.NodeFlowManager. - Registered net.corda.samples.supplychain.flows.SendInvoice to initiate net.corda.samples.supplychain.flows.SendInvoiceResponder (version 1) {}
[INFO ] 2023-01-22T14:00:30,060Z [Test worker] internal.NodeFlowManager. - Registered net.corda.samples.supplychain.flows.SendPayment to initiate net.corda.samples.supplychain.flows.SendPaymentResponder (version 1) {}
[INFO ] 2023-01-22T14:00:30,061Z [Test worker] internal.NodeFlowManager. - Registered net.corda.samples.supplychain.flows.SendShippingRequest to initiate net.corda.samples.supplychain.flows.SendShippingRequestResponder (version 1) {}
[INFO ] 2023-01-22T14:00:30,068Z [Test worker] internal.InternalMockNetwork$MockNode. - Loaded network parameters: NetworkParameters {
      minimumPlatformVersion=4
      notaries=[NotaryInfo(identity=O=Notary, L=London, C=GB, validating=true)]
      maxMessageSize=10485760
      maxTransactionSize=52428800
      whitelistedContractImplementations {
        
      }
      eventHorizon=PT51539607528H
      packageOwnership {
        
      }
      modifiedTime=2023-01-22T14:00:29.809Z
      epoch=1
  } {}
[INFO ] 2023-01-22T14:00:31,115Z [Test worker] internal.InternalMockNetwork$MockNode. - Connected to H2 database. {}
[INFO ] 2023-01-22T14:00:31,117Z [Test worker] persistence.HibernateConfiguration. - Init HibernateConfiguration for schemas: [CommonSchemaV1(name=net.corda.core.schemas.CommonSchema, version=1), VaultSchemaV1(name=net.corda.node.services.vault.VaultSchema, version=1), NodeInfoSchemaV1(name=net.corda.node.internal.schemas.NodeInfoSchema, version=1), NodeCoreV1(name=net.corda.node.services.schema.NodeSchemaService$NodeCore, version=1), AccountsContractsSchemaV1(name=com.r3.corda.lib.accounts.contracts.internal.schemas.AccountsContractsSchema, version=1), AccountsWorkflowsSchemaV1(name=com.r3.corda.lib.accounts.workflows.internal.schemas.AccountsWorkflowsSchema, version=1), JPANotarySchemaV1(name=net.corda.notary.jpa.JPANotarySchema, version=1)] {}
[INFO ] 2023-01-22T14:00:31,117Z [Test worker] factory.BaseSessionFactoryFactory. - Creating session factory for schemas: [CommonSchemaV1(name=net.corda.core.schemas.CommonSchema, version=1), VaultSchemaV1(name=net.corda.node.services.vault.VaultSchema, version=1), NodeInfoSchemaV1(name=net.corda.node.internal.schemas.NodeInfoSchema, version=1), NodeCoreV1(name=net.corda.node.services.schema.NodeSchemaService$NodeCore, version=1), AccountsContractsSchemaV1(name=com.r3.corda.lib.accounts.contracts.internal.schemas.AccountsContractsSchema, version=1), AccountsWorkflowsSchemaV1(name=com.r3.corda.lib.accounts.workflows.internal.schemas.AccountsWorkflowsSchema, version=1), JPANotarySchemaV1(name=net.corda.notary.jpa.JPANotarySchema, version=1)] {}
[INFO ] 2023-01-22T14:00:31,568Z [Test worker] factory.BaseSessionFactoryFactory. - Created session factory for schemas: [CommonSchemaV1(name=net.corda.core.schemas.CommonSchema, version=1), VaultSchemaV1(name=net.corda.node.services.vault.VaultSchema, version=1), NodeInfoSchemaV1(name=net.corda.node.internal.schemas.NodeInfoSchema, version=1), NodeCoreV1(name=net.corda.node.services.schema.NodeSchemaService$NodeCore, version=1), AccountsContractsSchemaV1(name=com.r3.corda.lib.accounts.contracts.internal.schemas.AccountsContractsSchema, version=1), AccountsWorkflowsSchemaV1(name=com.r3.corda.lib.accounts.workflows.internal.schemas.AccountsWorkflowsSchema, version=1), JPANotarySchemaV1(name=net.corda.notary.jpa.JPANotarySchema, version=1)] {}
[INFO ] 2023-01-22T14:00:31,581Z [Test worker] internal.InternalMockNetwork$MockNode. - Node-info has changed so submitting update. Old node-info was null {}
[INFO ] 2023-01-22T14:00:31,587Z [Test worker] network.PersistentNetworkMapCache. - Adding node with info: NodeInfo(addresses=[mock.node:1000], legalIdentitiesAndCerts=[O=Notary, L=London, C=GB], platformVersion=12, serial=1674396031581), owningKey=DL6aEf4MiHu4ntRBvYPbwnYGxRcQuJ3uJ6y1E79qGSmydW {}
[INFO ] 2023-01-22T14:00:31,587Z [Test worker] network.PersistentNetworkMapCache. - No previous node found for O=Notary, L=London, C=GB {}
[INFO ] 2023-01-22T14:00:31,618Z [Test worker] internal.InternalMockNetwork$MockNode. - New node-info: NodeInfo(addresses=[mock.node:1000], legalIdentitiesAndCerts=[O=Notary, L=London, C=GB], platformVersion=12, serial=1674396031581) {}
[INFO ] 2023-01-22T14:00:31,635Z [Test worker] network.NetworkMapUpdater. - Auto-accept enabled for network parameter changes which modify only: [epoch, modifiedTime, packageOwnership, whitelistedContractImplementations] {}
[INFO ] 2023-01-22T14:00:31,635Z [Test worker] internal.MockNodeMessagingService. - Status change to true {}
[INFO ] 2023-01-22T14:00:31,635Z [Test worker] internal.InternalMockNetwork$MockNode. - MessagingService active change to: true {}
[INFO ] 2023-01-22T14:00:31,649Z [MockNode-4-2] network.PersistentNetworkMapCache. - Adding node with info: NodeInfo(addresses=[mock.node:1000], legalIdentitiesAndCerts=[O=Notary, L=London, C=GB], platformVersion=12, serial=1674396031581), owningKey=DL6aEf4MiHu4ntRBvYPbwnYGxRcQuJ3uJ6y1E79qGSmydW {}
[INFO ] 2023-01-22T14:00:31,649Z [MockNode-4-2] network.PersistentNetworkMapCache. - Previous node was identical to incoming one - doing nothing {}
[INFO ] 2023-01-22T14:00:31,686Z [Test worker] persistence.NodeAttachmentService. - Stored new attachment: id=D370FD972C7E07CE73F4F9B7886D226807F6B16C4EE287398B9C69384109DC14 uploader=app filename=Accounts SDK - States and Contracts {}
[INFO ] 2023-01-22T14:00:31,704Z [Test worker] persistence.NodeAttachmentService. - Stored new attachment: id=ED130E5D89F5269F2EB1EC030ED2727DF69681C6F498B857EC6955B00520A06D uploader=app filename=supplychain Contracts {}
[INFO ] 2023-01-22T14:00:31,708Z [Test worker] internal.InternalMockNetwork$MockNode. - Installed com.r3.corda.lib.accounts.workflows.services.KeyManagementBackedAccountService Corda service {}
[INFO ] 2023-01-22T14:00:31,708Z [Test worker] utilities.NotaryLoader. - Starting notary service: class net.corda.notary.jpa.JPANotaryService {}
[INFO ] 2023-01-22T14:00:31,735Z [Test worker] statemachine.SingleThreadedStateMachineManager. - Node ready, info: NodeInfo(addresses=[mock.node:1000], legalIdentitiesAndCerts=[O=Notary, L=London, C=GB], platformVersion=12, serial=1674396031581) {}
[INFO ] 2023-01-22T14:00:31,735Z [Test worker] internal.InternalMockNetwork$MockNode. - Node status update: [STARTING] -> [STARTED] {}
[INFO ] 2023-01-22T14:00:31,736Z [Test worker] network.PersistentNetworkMapCache. - Adding node with info: NodeInfo(addresses=[mock.node:1000], legalIdentitiesAndCerts=[O=Notary, L=London, C=GB], platformVersion=12, serial=1674396031581), owningKey=DL6aEf4MiHu4ntRBvYPbwnYGxRcQuJ3uJ6y1E79qGSmydW {}
[INFO ] 2023-01-22T14:00:31,736Z [Test worker] network.PersistentNetworkMapCache. - Previous node was identical to incoming one - doing nothing {}
[INFO ] 2023-01-22T14:00:31,736Z [Test worker] network.PersistentNetworkMapCache. - Adding node with info: NodeInfo(addresses=[mock.node:1000], legalIdentitiesAndCerts=[O=Notary, L=London, C=GB], platformVersion=12, serial=1674396031581), owningKey=DL6aEf4MiHu4ntRBvYPbwnYGxRcQuJ3uJ6y1E79qGSmydW {}
[INFO ] 2023-01-22T14:00:31,736Z [Test worker] network.PersistentNetworkMapCache. - Previous node was identical to incoming one - doing nothing {}
[INFO ] 2023-01-22T14:00:31,753Z [Test worker] cordapp.JarScanningCordappLoader. - Looking for CorDapps in [build\mock-network\20230122-140029.810-82A55B59D0BD2DCF\nodes\1\cordapps] {}
[INFO ] 2023-01-22T14:00:31,754Z [Test worker] cordapp.JarScanningCordappLoader. - Loading CorDapps from RestrictedURL(url=file:/C:/Users/Anvith/Dropbox/PC/Desktop/Work/Corda/samples-java/Accounts/supplychain/workflows/build/mock-network/20230122-140029.810-82A55B59D0BD2DCF/nodes/1/cordapps/accounts-contracts-1.0.jar, rootPackageName=null), RestrictedURL(url=file:/C:/Users/Anvith/Dropbox/PC/Desktop/Work/Corda/samples-java/Accounts/supplychain/workflows/build/mock-network/20230122-140029.810-82A55B59D0BD2DCF/nodes/1/cordapps/accounts-workflows-1.0.jar, rootPackageName=null), RestrictedURL(url=file:/C:/Users/Anvith/Dropbox/PC/Desktop/Work/Corda/samples-java/Accounts/supplychain/workflows/build/mock-network/20230122-140029.810-82A55B59D0BD2DCF/nodes/1/cordapps/contracts-1.0.jar, rootPackageName=null), RestrictedURL(url=file:/C:/Users/Anvith/Dropbox/PC/Desktop/Work/Corda/samples-java/Accounts/supplychain/workflows/build/mock-network/20230122-140029.810-82A55B59D0BD2DCF/nodes/1/cordapps/workflows-1.0.jar, rootPackageName=null) {}
[INFO ] 2023-01-22T14:00:31,755Z [Test worker] cordapp.JarScanningCordappLoader. - Scanning CorDapp in file:/C:/Users/Anvith/Dropbox/PC/Desktop/Work/Corda/samples-java/Accounts/supplychain/workflows/build/mock-network/20230122-140029.810-82A55B59D0BD2DCF/nodes/1/cordapps/accounts-contracts-1.0.jar {}
[INFO ] 2023-01-22T14:00:31,764Z [Test worker] cordapp.JarScanningCordappLoader. - Scanning CorDapp in file:/C:/Users/Anvith/Dropbox/PC/Desktop/Work/Corda/samples-java/Accounts/supplychain/workflows/build/mock-network/20230122-140029.810-82A55B59D0BD2DCF/nodes/1/cordapps/accounts-workflows-1.0.jar {}
[INFO ] 2023-01-22T14:00:31,779Z [Test worker] cordapp.JarScanningCordappLoader. - Scanning CorDapp in file:/C:/Users/Anvith/Dropbox/PC/Desktop/Work/Corda/samples-java/Accounts/supplychain/workflows/build/mock-network/20230122-140029.810-82A55B59D0BD2DCF/nodes/1/cordapps/contracts-1.0.jar {}
[INFO ] 2023-01-22T14:00:31,788Z [Test worker] cordapp.JarScanningCordappLoader. - Scanning CorDapp in file:/C:/Users/Anvith/Dropbox/PC/Desktop/Work/Corda/samples-java/Accounts/supplychain/workflows/build/mock-network/20230122-140029.810-82A55B59D0BD2DCF/nodes/1/cordapps/workflows-1.0.jar {}
[INFO ] 2023-01-22T14:00:31,828Z [Test worker] internal.InternalMockNetwork$MockNode. - MessagingService active change to: false {}
[INFO ] 2023-01-22T14:00:31,830Z [Test worker] internal.InternalMockNetwork$MockNode. - Flow external operation executor has a max of 2 threads {}
[INFO ] 2023-01-22T14:00:31,832Z [Test worker] internal.InternalMockNetwork$MockNode. - Node starting up ... {}
[INFO ] 2023-01-22T14:00:31,832Z [Test worker] internal.InternalMockNetwork$MockNode. - Node status update: [WAITING_TO_START] -> [STARTING] {}
[INFO ] 2023-01-22T14:00:31,887Z [Test worker] internal.KeyStoreHandler. - Loaded trusted root certificate: DL7fwxLm5xbiMD8adUuYTsPZHAict46Ng4w6RNcySt5vAw, alias: cordarootca {}
[INFO ] 2023-01-22T14:00:31,887Z [Test worker] internal.KeyStoreHandler. - Loaded node identity key: DLBRTB5SQeaLYnn2VXd7xunURSLaHkxTb7Wb956J8FnoH9, alias: identity-private-key {}
[INFO ] 2023-01-22T14:00:31,897Z [Test worker] internal.NodeFlowManager. - Registered com.r3.corda.lib.accounts.workflows.flows.ShareStateAndSyncAccounts to initiate com.r3.corda.lib.accounts.workflows.flows.ReceiveStateAndSyncAccounts (version 1) {}
[INFO ] 2023-01-22T14:00:31,897Z [Test worker] internal.NodeFlowManager. - Registered com.r3.corda.lib.accounts.workflows.flows.ShareStateWithAccount to initiate com.r3.corda.lib.accounts.workflows.flows.ReceiveStateForAccount (version 1) {}
[INFO ] 2023-01-22T14:00:31,897Z [Test worker] internal.NodeFlowManager. - Registered com.r3.corda.lib.accounts.workflows.flows.RequestAccountInfo to initiate com.r3.corda.lib.accounts.workflows.flows.RequestAccountInfoHandler (version 1) {}
[INFO ] 2023-01-22T14:00:31,897Z [Test worker] internal.NodeFlowManager. - Registered com.r3.corda.lib.accounts.workflows.flows.RequestKeyForAccount to initiate com.r3.corda.lib.accounts.workflows.flows.SendKeyForAccount (version 1) {}
[INFO ] 2023-01-22T14:00:31,897Z [Test worker] internal.NodeFlowManager. - Registered com.r3.corda.lib.accounts.workflows.flows.ShareAccountInfo to initiate com.r3.corda.lib.accounts.workflows.flows.ShareAccountInfoHandler (version 1) {}
[INFO ] 2023-01-22T14:00:31,897Z [Test worker] internal.NodeFlowManager. - Registered net.corda.samples.supplychain.flows.InternalMessage to initiate net.corda.samples.supplychain.flows.InternalMessageResponder (version 1) {}
[INFO ] 2023-01-22T14:00:31,897Z [Test worker] internal.NodeFlowManager. - Registered net.corda.samples.supplychain.flows.SendCargo to initiate net.corda.samples.supplychain.flows.SendCargoResponder (version 1) {}
[INFO ] 2023-01-22T14:00:31,897Z [Test worker] internal.NodeFlowManager. - Registered net.corda.samples.supplychain.flows.SendInvoice to initiate net.corda.samples.supplychain.flows.SendInvoiceResponder (version 1) {}
[INFO ] 2023-01-22T14:00:31,897Z [Test worker] internal.NodeFlowManager. - Registered net.corda.samples.supplychain.flows.SendPayment to initiate net.corda.samples.supplychain.flows.SendPaymentResponder (version 1) {}
[INFO ] 2023-01-22T14:00:31,897Z [Test worker] internal.NodeFlowManager. - Registered net.corda.samples.supplychain.flows.SendShippingRequest to initiate net.corda.samples.supplychain.flows.SendShippingRequestResponder (version 1) {}
[INFO ] 2023-01-22T14:00:31,902Z [Test worker] internal.InternalMockNetwork$MockNode. - Loaded network parameters: NetworkParameters {
      minimumPlatformVersion=4
      notaries=[NotaryInfo(identity=O=Notary, L=London, C=GB, validating=true)]
      maxMessageSize=10485760
      maxTransactionSize=52428800
      whitelistedContractImplementations {
        
      }
      eventHorizon=PT51539607528H
      packageOwnership {
        
      }
      modifiedTime=2023-01-22T14:00:29.809Z
      epoch=1
  } {}
[INFO ] 2023-01-22T14:00:32,490Z [Test worker] internal.InternalMockNetwork$MockNode. - Connected to H2 database. {}
[INFO ] 2023-01-22T14:00:32,492Z [Test worker] persistence.HibernateConfiguration. - Init HibernateConfiguration for schemas: [CommonSchemaV1(name=net.corda.core.schemas.CommonSchema, version=1), VaultSchemaV1(name=net.corda.node.services.vault.VaultSchema, version=1), NodeInfoSchemaV1(name=net.corda.node.internal.schemas.NodeInfoSchema, version=1), NodeCoreV1(name=net.corda.node.services.schema.NodeSchemaService$NodeCore, version=1), AccountsContractsSchemaV1(name=com.r3.corda.lib.accounts.contracts.internal.schemas.AccountsContractsSchema, version=1), AccountsWorkflowsSchemaV1(name=com.r3.corda.lib.accounts.workflows.internal.schemas.AccountsWorkflowsSchema, version=1)] {}
[INFO ] 2023-01-22T14:00:32,492Z [Test worker] factory.BaseSessionFactoryFactory. - Creating session factory for schemas: [CommonSchemaV1(name=net.corda.core.schemas.CommonSchema, version=1), VaultSchemaV1(name=net.corda.node.services.vault.VaultSchema, version=1), NodeInfoSchemaV1(name=net.corda.node.internal.schemas.NodeInfoSchema, version=1), NodeCoreV1(name=net.corda.node.services.schema.NodeSchemaService$NodeCore, version=1), AccountsContractsSchemaV1(name=com.r3.corda.lib.accounts.contracts.internal.schemas.AccountsContractsSchema, version=1), AccountsWorkflowsSchemaV1(name=com.r3.corda.lib.accounts.workflows.internal.schemas.AccountsWorkflowsSchema, version=1)] {}
[INFO ] 2023-01-22T14:00:32,702Z [Test worker] factory.BaseSessionFactoryFactory. - Created session factory for schemas: [CommonSchemaV1(name=net.corda.core.schemas.CommonSchema, version=1), VaultSchemaV1(name=net.corda.node.services.vault.VaultSchema, version=1), NodeInfoSchemaV1(name=net.corda.node.internal.schemas.NodeInfoSchema, version=1), NodeCoreV1(name=net.corda.node.services.schema.NodeSchemaService$NodeCore, version=1), AccountsContractsSchemaV1(name=com.r3.corda.lib.accounts.contracts.internal.schemas.AccountsContractsSchema, version=1), AccountsWorkflowsSchemaV1(name=com.r3.corda.lib.accounts.workflows.internal.schemas.AccountsWorkflowsSchema, version=1)] {}
[INFO ] 2023-01-22T14:00:32,707Z [Test worker] internal.InternalMockNetwork$MockNode. - Node-info has changed so submitting update. Old node-info was null {}
[INFO ] 2023-01-22T14:00:32,711Z [Test worker] network.PersistentNetworkMapCache. - Adding node with info: NodeInfo(addresses=[mock.node:1000], legalIdentitiesAndCerts=[O=Mock Company 1, L=London, C=GB], platformVersion=12, serial=1674396032707), owningKey=DLBRTB5SQeaLYnn2VXd7xunURSLaHkxTb7Wb956J8FnoH9 {}
[INFO ] 2023-01-22T14:00:32,711Z [Test worker] network.PersistentNetworkMapCache. - No previous node found for O=Mock Company 1, L=London, C=GB {}
[INFO ] 2023-01-22T14:00:32,719Z [Test worker] internal.InternalMockNetwork$MockNode. - New node-info: NodeInfo(addresses=[mock.node:1000], legalIdentitiesAndCerts=[O=Mock Company 1, L=London, C=GB], platformVersion=12, serial=1674396032707) {}
[INFO ] 2023-01-22T14:00:32,727Z [Test worker] network.NetworkMapUpdater. - Auto-accept enabled for network parameter changes which modify only: [epoch, modifiedTime, packageOwnership, whitelistedContractImplementations] {}
[INFO ] 2023-01-22T14:00:32,728Z [Test worker] internal.MockNodeMessagingService. - Status change to true {}
[INFO ] 2023-01-22T14:00:32,728Z [Test worker] internal.InternalMockNetwork$MockNode. - MessagingService active change to: true {}
[INFO ] 2023-01-22T14:00:32,738Z [MockNode-5-2] network.PersistentNetworkMapCache. - Adding node with info: NodeInfo(addresses=[mock.node:1000], legalIdentitiesAndCerts=[O=Mock Company 1, L=London, C=GB], platformVersion=12, serial=1674396032707), owningKey=DLBRTB5SQeaLYnn2VXd7xunURSLaHkxTb7Wb956J8FnoH9 {}
[INFO ] 2023-01-22T14:00:32,738Z [MockNode-5-2] network.PersistentNetworkMapCache. - Previous node was identical to incoming one - doing nothing {}
[INFO ] 2023-01-22T14:00:32,764Z [Test worker] persistence.NodeAttachmentService. - Stored new attachment: id=D370FD972C7E07CE73F4F9B7886D226807F6B16C4EE287398B9C69384109DC14 uploader=app filename=Accounts SDK - States and Contracts {}
[INFO ] 2023-01-22T14:00:32,783Z [Test worker] persistence.NodeAttachmentService. - Stored new attachment: id=ED130E5D89F5269F2EB1EC030ED2727DF69681C6F498B857EC6955B00520A06D uploader=app filename=supplychain Contracts {}
[INFO ] 2023-01-22T14:00:32,786Z [Test worker] internal.InternalMockNetwork$MockNode. - Installed com.r3.corda.lib.accounts.workflows.services.KeyManagementBackedAccountService Corda service {}
[INFO ] 2023-01-22T14:00:32,806Z [Test worker] statemachine.SingleThreadedStateMachineManager. - Node ready, info: NodeInfo(addresses=[mock.node:1000], legalIdentitiesAndCerts=[O=Mock Company 1, L=London, C=GB], platformVersion=12, serial=1674396032707) {}
[INFO ] 2023-01-22T14:00:32,806Z [Test worker] internal.InternalMockNetwork$MockNode. - Node status update: [STARTING] -> [STARTED] {}
[INFO ] 2023-01-22T14:00:32,810Z [Test worker] network.PersistentNetworkMapCache. - Adding node with info: NodeInfo(addresses=[mock.node:1000], legalIdentitiesAndCerts=[O=Notary, L=London, C=GB], platformVersion=12, serial=1674396031581), owningKey=DL6aEf4MiHu4ntRBvYPbwnYGxRcQuJ3uJ6y1E79qGSmydW {}
[INFO ] 2023-01-22T14:00:32,810Z [Test worker] network.PersistentNetworkMapCache. - No previous node found for O=Notary, L=London, C=GB {}
[INFO ] 2023-01-22T14:00:32,824Z [Test worker] network.PersistentNetworkMapCache. - Adding node with info: NodeInfo(addresses=[mock.node:1000], legalIdentitiesAndCerts=[O=Mock Company 1, L=London, C=GB], platformVersion=12, serial=1674396032707), owningKey=DLBRTB5SQeaLYnn2VXd7xunURSLaHkxTb7Wb956J8FnoH9 {}
[INFO ] 2023-01-22T14:00:32,824Z [Test worker] network.PersistentNetworkMapCache. - No previous node found for O=Mock Company 1, L=London, C=GB {}
[INFO ] 2023-01-22T14:00:32,838Z [Test worker] network.PersistentNetworkMapCache. - Adding node with info: NodeInfo(addresses=[mock.node:1000], legalIdentitiesAndCerts=[O=Mock Company 1, L=London, C=GB], platformVersion=12, serial=1674396032707), owningKey=DLBRTB5SQeaLYnn2VXd7xunURSLaHkxTb7Wb956J8FnoH9 {}
[INFO ] 2023-01-22T14:00:32,838Z [Test worker] network.PersistentNetworkMapCache. - Previous node was identical to incoming one - doing nothing {}
[INFO ] 2023-01-22T14:00:32,839Z [Test worker] network.PersistentNetworkMapCache. - Adding node with info: NodeInfo(addresses=[mock.node:1000], legalIdentitiesAndCerts=[O=Mock Company 1, L=London, C=GB], platformVersion=12, serial=1674396032707), owningKey=DLBRTB5SQeaLYnn2VXd7xunURSLaHkxTb7Wb956J8FnoH9 {}
[INFO ] 2023-01-22T14:00:32,839Z [Test worker] network.PersistentNetworkMapCache. - Previous node was identical to incoming one - doing nothing {}
[INFO ] 2023-01-22T14:00:32,853Z [Test worker] cordapp.JarScanningCordappLoader. - Looking for CorDapps in [build\mock-network\20230122-140029.810-82A55B59D0BD2DCF\nodes\2\cordapps] {}
[INFO ] 2023-01-22T14:00:32,854Z [Test worker] cordapp.JarScanningCordappLoader. - Loading CorDapps from RestrictedURL(url=file:/C:/Users/Anvith/Dropbox/PC/Desktop/Work/Corda/samples-java/Accounts/supplychain/workflows/build/mock-network/20230122-140029.810-82A55B59D0BD2DCF/nodes/2/cordapps/accounts-contracts-1.0.jar, rootPackageName=null), RestrictedURL(url=file:/C:/Users/Anvith/Dropbox/PC/Desktop/Work/Corda/samples-java/Accounts/supplychain/workflows/build/mock-network/20230122-140029.810-82A55B59D0BD2DCF/nodes/2/cordapps/accounts-workflows-1.0.jar, rootPackageName=null), RestrictedURL(url=file:/C:/Users/Anvith/Dropbox/PC/Desktop/Work/Corda/samples-java/Accounts/supplychain/workflows/build/mock-network/20230122-140029.810-82A55B59D0BD2DCF/nodes/2/cordapps/contracts-1.0.jar, rootPackageName=null), RestrictedURL(url=file:/C:/Users/Anvith/Dropbox/PC/Desktop/Work/Corda/samples-java/Accounts/supplychain/workflows/build/mock-network/20230122-140029.810-82A55B59D0BD2DCF/nodes/2/cordapps/workflows-1.0.jar, rootPackageName=null) {}
[INFO ] 2023-01-22T14:00:32,854Z [Test worker] cordapp.JarScanningCordappLoader. - Scanning CorDapp in file:/C:/Users/Anvith/Dropbox/PC/Desktop/Work/Corda/samples-java/Accounts/supplychain/workflows/build/mock-network/20230122-140029.810-82A55B59D0BD2DCF/nodes/2/cordapps/accounts-contracts-1.0.jar {}
[INFO ] 2023-01-22T14:00:32,862Z [Test worker] cordapp.JarScanningCordappLoader. - Scanning CorDapp in file:/C:/Users/Anvith/Dropbox/PC/Desktop/Work/Corda/samples-java/Accounts/supplychain/workflows/build/mock-network/20230122-140029.810-82A55B59D0BD2DCF/nodes/2/cordapps/accounts-workflows-1.0.jar {}
[INFO ] 2023-01-22T14:00:32,872Z [Test worker] cordapp.JarScanningCordappLoader. - Scanning CorDapp in file:/C:/Users/Anvith/Dropbox/PC/Desktop/Work/Corda/samples-java/Accounts/supplychain/workflows/build/mock-network/20230122-140029.810-82A55B59D0BD2DCF/nodes/2/cordapps/contracts-1.0.jar {}
[INFO ] 2023-01-22T14:00:32,895Z [Test worker] cordapp.JarScanningCordappLoader. - Scanning CorDapp in file:/C:/Users/Anvith/Dropbox/PC/Desktop/Work/Corda/samples-java/Accounts/supplychain/workflows/build/mock-network/20230122-140029.810-82A55B59D0BD2DCF/nodes/2/cordapps/workflows-1.0.jar {}
[INFO ] 2023-01-22T14:00:32,923Z [Test worker] internal.InternalMockNetwork$MockNode. - MessagingService active change to: false {}
[INFO ] 2023-01-22T14:00:32,923Z [Test worker] internal.InternalMockNetwork$MockNode. - Flow external operation executor has a max of 2 threads {}
[INFO ] 2023-01-22T14:00:32,925Z [Test worker] internal.InternalMockNetwork$MockNode. - Node starting up ... {}
[INFO ] 2023-01-22T14:00:32,925Z [Test worker] internal.InternalMockNetwork$MockNode. - Node status update: [WAITING_TO_START] -> [STARTING] {}
[INFO ] 2023-01-22T14:00:32,961Z [Test worker] internal.KeyStoreHandler. - Loaded trusted root certificate: DL7fwxLm5xbiMD8adUuYTsPZHAict46Ng4w6RNcySt5vAw, alias: cordarootca {}
[INFO ] 2023-01-22T14:00:32,961Z [Test worker] internal.KeyStoreHandler. - Loaded node identity key: DLAiJFRbbfEnBZudWkLKQ3YpJPm7CGvzawkkp7Wwhcfb8v, alias: identity-private-key {}
[INFO ] 2023-01-22T14:00:32,970Z [Test worker] internal.NodeFlowManager. - Registered com.r3.corda.lib.accounts.workflows.flows.ShareStateAndSyncAccounts to initiate com.r3.corda.lib.accounts.workflows.flows.ReceiveStateAndSyncAccounts (version 1) {}
[INFO ] 2023-01-22T14:00:32,970Z [Test worker] internal.NodeFlowManager. - Registered com.r3.corda.lib.accounts.workflows.flows.ShareStateWithAccount to initiate com.r3.corda.lib.accounts.workflows.flows.ReceiveStateForAccount (version 1) {}
[INFO ] 2023-01-22T14:00:32,970Z [Test worker] internal.NodeFlowManager. - Registered com.r3.corda.lib.accounts.workflows.flows.RequestAccountInfo to initiate com.r3.corda.lib.accounts.workflows.flows.RequestAccountInfoHandler (version 1) {}
[INFO ] 2023-01-22T14:00:32,970Z [Test worker] internal.NodeFlowManager. - Registered com.r3.corda.lib.accounts.workflows.flows.RequestKeyForAccount to initiate com.r3.corda.lib.accounts.workflows.flows.SendKeyForAccount (version 1) {}
[INFO ] 2023-01-22T14:00:32,970Z [Test worker] internal.NodeFlowManager. - Registered com.r3.corda.lib.accounts.workflows.flows.ShareAccountInfo to initiate com.r3.corda.lib.accounts.workflows.flows.ShareAccountInfoHandler (version 1) {}
[INFO ] 2023-01-22T14:00:32,970Z [Test worker] internal.NodeFlowManager. - Registered net.corda.samples.supplychain.flows.InternalMessage to initiate net.corda.samples.supplychain.flows.InternalMessageResponder (version 1) {}
[INFO ] 2023-01-22T14:00:32,970Z [Test worker] internal.NodeFlowManager. - Registered net.corda.samples.supplychain.flows.SendCargo to initiate net.corda.samples.supplychain.flows.SendCargoResponder (version 1) {}
[INFO ] 2023-01-22T14:00:32,970Z [Test worker] internal.NodeFlowManager. - Registered net.corda.samples.supplychain.flows.SendInvoice to initiate net.corda.samples.supplychain.flows.SendInvoiceResponder (version 1) {}
[INFO ] 2023-01-22T14:00:32,970Z [Test worker] internal.NodeFlowManager. - Registered net.corda.samples.supplychain.flows.SendPayment to initiate net.corda.samples.supplychain.flows.SendPaymentResponder (version 1) {}
[INFO ] 2023-01-22T14:00:32,970Z [Test worker] internal.NodeFlowManager. - Registered net.corda.samples.supplychain.flows.SendShippingRequest to initiate net.corda.samples.supplychain.flows.SendShippingRequestResponder (version 1) {}
[INFO ] 2023-01-22T14:00:32,974Z [Test worker] internal.InternalMockNetwork$MockNode. - Loaded network parameters: NetworkParameters {
      minimumPlatformVersion=4
      notaries=[NotaryInfo(identity=O=Notary, L=London, C=GB, validating=true)]
      maxMessageSize=10485760
      maxTransactionSize=52428800
      whitelistedContractImplementations {
        
      }
      eventHorizon=PT51539607528H
      packageOwnership {
        
      }
      modifiedTime=2023-01-22T14:00:29.809Z
      epoch=1
  } {}
[INFO ] 2023-01-22T14:00:33,451Z [Test worker] internal.InternalMockNetwork$MockNode. - Connected to H2 database. {}
[INFO ] 2023-01-22T14:00:33,453Z [Test worker] persistence.HibernateConfiguration. - Init HibernateConfiguration for schemas: [CommonSchemaV1(name=net.corda.core.schemas.CommonSchema, version=1), VaultSchemaV1(name=net.corda.node.services.vault.VaultSchema, version=1), NodeInfoSchemaV1(name=net.corda.node.internal.schemas.NodeInfoSchema, version=1), NodeCoreV1(name=net.corda.node.services.schema.NodeSchemaService$NodeCore, version=1), AccountsContractsSchemaV1(name=com.r3.corda.lib.accounts.contracts.internal.schemas.AccountsContractsSchema, version=1), AccountsWorkflowsSchemaV1(name=com.r3.corda.lib.accounts.workflows.internal.schemas.AccountsWorkflowsSchema, version=1)] {}
[INFO ] 2023-01-22T14:00:33,453Z [Test worker] factory.BaseSessionFactoryFactory. - Creating session factory for schemas: [CommonSchemaV1(name=net.corda.core.schemas.CommonSchema, version=1), VaultSchemaV1(name=net.corda.node.services.vault.VaultSchema, version=1), NodeInfoSchemaV1(name=net.corda.node.internal.schemas.NodeInfoSchema, version=1), NodeCoreV1(name=net.corda.node.services.schema.NodeSchemaService$NodeCore, version=1), AccountsContractsSchemaV1(name=com.r3.corda.lib.accounts.contracts.internal.schemas.AccountsContractsSchema, version=1), AccountsWorkflowsSchemaV1(name=com.r3.corda.lib.accounts.workflows.internal.schemas.AccountsWorkflowsSchema, version=1)] {}
[INFO ] 2023-01-22T14:00:33,701Z [Test worker] factory.BaseSessionFactoryFactory. - Created session factory for schemas: [CommonSchemaV1(name=net.corda.core.schemas.CommonSchema, version=1), VaultSchemaV1(name=net.corda.node.services.vault.VaultSchema, version=1), NodeInfoSchemaV1(name=net.corda.node.internal.schemas.NodeInfoSchema, version=1), NodeCoreV1(name=net.corda.node.services.schema.NodeSchemaService$NodeCore, version=1), AccountsContractsSchemaV1(name=com.r3.corda.lib.accounts.contracts.internal.schemas.AccountsContractsSchema, version=1), AccountsWorkflowsSchemaV1(name=com.r3.corda.lib.accounts.workflows.internal.schemas.AccountsWorkflowsSchema, version=1)] {}
[INFO ] 2023-01-22T14:00:33,708Z [Test worker] internal.InternalMockNetwork$MockNode. - Node-info has changed so submitting update. Old node-info was null {}
[INFO ] 2023-01-22T14:00:33,714Z [Test worker] network.PersistentNetworkMapCache. - Adding node with info: NodeInfo(addresses=[mock.node:1000], legalIdentitiesAndCerts=[O=Mock Company 2, L=London, C=GB], platformVersion=12, serial=1674396033708), owningKey=DLAiJFRbbfEnBZudWkLKQ3YpJPm7CGvzawkkp7Wwhcfb8v {}
[INFO ] 2023-01-22T14:00:33,714Z [Test worker] network.PersistentNetworkMapCache. - No previous node found for O=Mock Company 2, L=London, C=GB {}
[INFO ] 2023-01-22T14:00:33,723Z [Test worker] internal.InternalMockNetwork$MockNode. - New node-info: NodeInfo(addresses=[mock.node:1000], legalIdentitiesAndCerts=[O=Mock Company 2, L=London, C=GB], platformVersion=12, serial=1674396033708) {}
[INFO ] 2023-01-22T14:00:33,730Z [Test worker] network.NetworkMapUpdater. - Auto-accept enabled for network parameter changes which modify only: [epoch, modifiedTime, packageOwnership, whitelistedContractImplementations] {}
[INFO ] 2023-01-22T14:00:33,731Z [Test worker] internal.MockNodeMessagingService. - Status change to true {}
[INFO ] 2023-01-22T14:00:33,731Z [Test worker] internal.InternalMockNetwork$MockNode. - MessagingService active change to: true {}
[INFO ] 2023-01-22T14:00:33,742Z [MockNode-6-2] network.PersistentNetworkMapCache. - Adding node with info: NodeInfo(addresses=[mock.node:1000], legalIdentitiesAndCerts=[O=Mock Company 2, L=London, C=GB], platformVersion=12, serial=1674396033708), owningKey=DLAiJFRbbfEnBZudWkLKQ3YpJPm7CGvzawkkp7Wwhcfb8v {}
[INFO ] 2023-01-22T14:00:33,742Z [MockNode-6-2] network.PersistentNetworkMapCache. - Previous node was identical to incoming one - doing nothing {}
[INFO ] 2023-01-22T14:00:33,770Z [Test worker] persistence.NodeAttachmentService. - Stored new attachment: id=D370FD972C7E07CE73F4F9B7886D226807F6B16C4EE287398B9C69384109DC14 uploader=app filename=Accounts SDK - States and Contracts {}
[INFO ] 2023-01-22T14:00:33,793Z [Test worker] persistence.NodeAttachmentService. - Stored new attachment: id=ED130E5D89F5269F2EB1EC030ED2727DF69681C6F498B857EC6955B00520A06D uploader=app filename=supplychain Contracts {}
[INFO ] 2023-01-22T14:00:33,798Z [Test worker] internal.InternalMockNetwork$MockNode. - Installed com.r3.corda.lib.accounts.workflows.services.KeyManagementBackedAccountService Corda service {}
[INFO ] 2023-01-22T14:00:33,830Z [Test worker] statemachine.SingleThreadedStateMachineManager. - Node ready, info: NodeInfo(addresses=[mock.node:1000], legalIdentitiesAndCerts=[O=Mock Company 2, L=London, C=GB], platformVersion=12, serial=1674396033708) {}
[INFO ] 2023-01-22T14:00:33,830Z [Test worker] internal.InternalMockNetwork$MockNode. - Node status update: [STARTING] -> [STARTED] {}
[INFO ] 2023-01-22T14:00:33,834Z [Test worker] network.PersistentNetworkMapCache. - Adding node with info: NodeInfo(addresses=[mock.node:1000], legalIdentitiesAndCerts=[O=Notary, L=London, C=GB], platformVersion=12, serial=1674396031581), owningKey=DL6aEf4MiHu4ntRBvYPbwnYGxRcQuJ3uJ6y1E79qGSmydW {}
[INFO ] 2023-01-22T14:00:33,834Z [Test worker] network.PersistentNetworkMapCache. - No previous node found for O=Notary, L=London, C=GB {}
[INFO ] 2023-01-22T14:00:33,851Z [Test worker] network.PersistentNetworkMapCache. - Adding node with info: NodeInfo(addresses=[mock.node:1000], legalIdentitiesAndCerts=[O=Mock Company 2, L=London, C=GB], platformVersion=12, serial=1674396033708), owningKey=DLAiJFRbbfEnBZudWkLKQ3YpJPm7CGvzawkkp7Wwhcfb8v {}
[INFO ] 2023-01-22T14:00:33,851Z [Test worker] network.PersistentNetworkMapCache. - No previous node found for O=Mock Company 2, L=London, C=GB {}
[INFO ] 2023-01-22T14:00:33,866Z [Test worker] network.PersistentNetworkMapCache. - Adding node with info: NodeInfo(addresses=[mock.node:1000], legalIdentitiesAndCerts=[O=Mock Company 1, L=London, C=GB], platformVersion=12, serial=1674396032707), owningKey=DLBRTB5SQeaLYnn2VXd7xunURSLaHkxTb7Wb956J8FnoH9 {}
[INFO ] 2023-01-22T14:00:33,866Z [Test worker] network.PersistentNetworkMapCache. - No previous node found for O=Mock Company 1, L=London, C=GB {}
[INFO ] 2023-01-22T14:00:33,882Z [Test worker] network.PersistentNetworkMapCache. - Adding node with info: NodeInfo(addresses=[mock.node:1000], legalIdentitiesAndCerts=[O=Mock Company 2, L=London, C=GB], platformVersion=12, serial=1674396033708), owningKey=DLAiJFRbbfEnBZudWkLKQ3YpJPm7CGvzawkkp7Wwhcfb8v {}
[INFO ] 2023-01-22T14:00:33,882Z [Test worker] network.PersistentNetworkMapCache. - No previous node found for O=Mock Company 2, L=London, C=GB {}
[INFO ] 2023-01-22T14:00:33,897Z [Test worker] network.PersistentNetworkMapCache. - Adding node with info: NodeInfo(addresses=[mock.node:1000], legalIdentitiesAndCerts=[O=Mock Company 2, L=London, C=GB], platformVersion=12, serial=1674396033708), owningKey=DLAiJFRbbfEnBZudWkLKQ3YpJPm7CGvzawkkp7Wwhcfb8v {}
[INFO ] 2023-01-22T14:00:33,897Z [Test worker] network.PersistentNetworkMapCache. - Previous node was identical to incoming one - doing nothing {}
[INFO ] 2023-01-22T14:00:33,898Z [Test worker] network.PersistentNetworkMapCache. - Adding node with info: NodeInfo(addresses=[mock.node:1000], legalIdentitiesAndCerts=[O=Mock Company 2, L=London, C=GB], platformVersion=12, serial=1674396033708), owningKey=DLAiJFRbbfEnBZudWkLKQ3YpJPm7CGvzawkkp7Wwhcfb8v {}
[INFO ] 2023-01-22T14:00:33,898Z [Test worker] network.PersistentNetworkMapCache. - Previous node was identical to incoming one - doing nothing {}
[INFO ] 2023-01-22T14:00:34,045Z [Mock network] corda.flow. - No need to notarise this transaction. {actor_id=Only For Testing, actor_owning_identity=O=Mock Company 1, L=London, C=GB, actor_store_id=TEST, fiber-id=10000002, flow-id=fa2c7b39-c2e9-4fe5-bb68-c561243ef105, invocation_id=7124ceed-458e-4fee-a587-ba9ce1dfeaca, invocation_timestamp=2023-01-22T14:00:33.900Z, origin=Only For Testing, session_id=7124ceed-458e-4fee-a587-ba9ce1dfeaca, session_timestamp=2023-01-22T14:00:33.900Z, thread-id=1002, tx_id=A293393E5B90A3C27E5FC2A9691EE4805144A75BCF42F75AA52B501771E81B41}
[INFO ] 2023-01-22T14:00:34,045Z [Mock network] corda.flow. - Recording transaction locally. {actor_id=Only For Testing, actor_owning_identity=O=Mock Company 1, L=London, C=GB, actor_store_id=TEST, fiber-id=10000002, flow-id=fa2c7b39-c2e9-4fe5-bb68-c561243ef105, invocation_id=7124ceed-458e-4fee-a587-ba9ce1dfeaca, invocation_timestamp=2023-01-22T14:00:33.900Z, origin=Only For Testing, session_id=7124ceed-458e-4fee-a587-ba9ce1dfeaca, session_timestamp=2023-01-22T14:00:33.900Z, thread-id=1002, tx_id=A293393E5B90A3C27E5FC2A9691EE4805144A75BCF42F75AA52B501771E81B41}
[INFO ] 2023-01-22T14:00:34,072Z [Mock network] corda.flow. - Recorded transaction locally successfully. {actor_id=Only For Testing, actor_owning_identity=O=Mock Company 1, L=London, C=GB, actor_store_id=TEST, fiber-id=10000002, flow-id=fa2c7b39-c2e9-4fe5-bb68-c561243ef105, invocation_id=7124ceed-458e-4fee-a587-ba9ce1dfeaca, invocation_timestamp=2023-01-22T14:00:33.900Z, origin=Only For Testing, session_id=7124ceed-458e-4fee-a587-ba9ce1dfeaca, session_timestamp=2023-01-22T14:00:33.900Z, thread-id=1002, tx_id=A293393E5B90A3C27E5FC2A9691EE4805144A75BCF42F75AA52B501771E81B41}
[INFO ] 2023-01-22T14:00:34,072Z [Mock network] corda.flow. - All parties received the transaction successfully. {actor_id=Only For Testing, actor_owning_identity=O=Mock Company 1, L=London, C=GB, actor_store_id=TEST, fiber-id=10000002, flow-id=fa2c7b39-c2e9-4fe5-bb68-c561243ef105, invocation_id=7124ceed-458e-4fee-a587-ba9ce1dfeaca, invocation_timestamp=2023-01-22T14:00:33.900Z, origin=Only For Testing, session_id=7124ceed-458e-4fee-a587-ba9ce1dfeaca, session_timestamp=2023-01-22T14:00:33.900Z, thread-id=1002, tx_id=A293393E5B90A3C27E5FC2A9691EE4805144A75BCF42F75AA52B501771E81B41}
[INFO ] 2023-01-22T14:00:34,253Z [Mock network] corda.flow. - Received transaction acknowledgement request from party O=Mock Company 1, L=London, C=GB. {fiber-id=10000004, flow-id=8724d591-b1a4-4f79-b05d-ab5db0bf290a, invocation_id=8ec4c8c4-c0d0-48f5-8830-e22e54694ce1, invocation_timestamp=2023-01-22T14:00:34.213Z, origin=O=Mock Company 1, L=London, C=GB, session_id=8ec4c8c4-c0d0-48f5-8830-e22e54694ce1, session_timestamp=2023-01-22T14:00:34.213Z, thread-id=1002, tx_id=A293393E5B90A3C27E5FC2A9691EE4805144A75BCF42F75AA52B501771E81B41}
[INFO ] 2023-01-22T14:00:34,311Z [Mock network] corda.flow. - Transaction dependencies resolution completed. {fiber-id=10000004, flow-id=8724d591-b1a4-4f79-b05d-ab5db0bf290a, invocation_id=8ec4c8c4-c0d0-48f5-8830-e22e54694ce1, invocation_timestamp=2023-01-22T14:00:34.213Z, origin=O=Mock Company 1, L=London, C=GB, session_id=8ec4c8c4-c0d0-48f5-8830-e22e54694ce1, session_timestamp=2023-01-22T14:00:34.213Z, thread-id=1002, tx_id=A293393E5B90A3C27E5FC2A9691EE4805144A75BCF42F75AA52B501771E81B41}
[INFO ] 2023-01-22T14:00:34,355Z [Mock network] corda.flow. - Successfully received fully signed tx. Sending it to the vault for processing. {fiber-id=10000004, flow-id=8724d591-b1a4-4f79-b05d-ab5db0bf290a, invocation_id=8ec4c8c4-c0d0-48f5-8830-e22e54694ce1, invocation_timestamp=2023-01-22T14:00:34.213Z, origin=O=Mock Company 1, L=London, C=GB, session_id=8ec4c8c4-c0d0-48f5-8830-e22e54694ce1, session_timestamp=2023-01-22T14:00:34.213Z, thread-id=1002, tx_id=A293393E5B90A3C27E5FC2A9691EE4805144A75BCF42F75AA52B501771E81B41}
[INFO ] 2023-01-22T14:00:34,366Z [Mock network] corda.flow. - Successfully recorded received transaction locally. {fiber-id=10000004, flow-id=8724d591-b1a4-4f79-b05d-ab5db0bf290a, invocation_id=8ec4c8c4-c0d0-48f5-8830-e22e54694ce1, invocation_timestamp=2023-01-22T14:00:34.213Z, origin=O=Mock Company 1, L=London, C=GB, session_id=8ec4c8c4-c0d0-48f5-8830-e22e54694ce1, session_timestamp=2023-01-22T14:00:34.213Z, thread-id=1002, tx_id=A293393E5B90A3C27E5FC2A9691EE4805144A75BCF42F75AA52B501771E81B41}
[INFO ] 2023-01-22T14:00:34,423Z [Mock network] corda.flow. - No need to notarise this transaction. {actor_id=Only For Testing, actor_owning_identity=O=Mock Company 2, L=London, C=GB, actor_store_id=TEST, fiber-id=10000005, flow-id=1f050a1f-39e6-4bb4-b15f-be18fe850997, invocation_id=a8889e45-4ca2-4d92-8ab0-20fca4b1af1d, invocation_timestamp=2023-01-22T14:00:34.401Z, origin=Only For Testing, session_id=a8889e45-4ca2-4d92-8ab0-20fca4b1af1d, session_timestamp=2023-01-22T14:00:34.401Z, thread-id=1002, tx_id=833426F8A5DBFAB33462EB9E388C28708447A386CCA9BB8F5D3783DFF1127963}
[INFO ] 2023-01-22T14:00:34,424Z [Mock network] corda.flow. - Recording transaction locally. {actor_id=Only For Testing, actor_owning_identity=O=Mock Company 2, L=London, C=GB, actor_store_id=TEST, fiber-id=10000005, flow-id=1f050a1f-39e6-4bb4-b15f-be18fe850997, invocation_id=a8889e45-4ca2-4d92-8ab0-20fca4b1af1d, invocation_timestamp=2023-01-22T14:00:34.401Z, origin=Only For Testing, session_id=a8889e45-4ca2-4d92-8ab0-20fca4b1af1d, session_timestamp=2023-01-22T14:00:34.401Z, thread-id=1002, tx_id=833426F8A5DBFAB33462EB9E388C28708447A386CCA9BB8F5D3783DFF1127963}
[INFO ] 2023-01-22T14:00:34,427Z [Mock network] corda.flow. - Recorded transaction locally successfully. {actor_id=Only For Testing, actor_owning_identity=O=Mock Company 2, L=London, C=GB, actor_store_id=TEST, fiber-id=10000005, flow-id=1f050a1f-39e6-4bb4-b15f-be18fe850997, invocation_id=a8889e45-4ca2-4d92-8ab0-20fca4b1af1d, invocation_timestamp=2023-01-22T14:00:34.401Z, origin=Only For Testing, session_id=a8889e45-4ca2-4d92-8ab0-20fca4b1af1d, session_timestamp=2023-01-22T14:00:34.401Z, thread-id=1002, tx_id=833426F8A5DBFAB33462EB9E388C28708447A386CCA9BB8F5D3783DFF1127963}
[INFO ] 2023-01-22T14:00:34,427Z [Mock network] corda.flow. - All parties received the transaction successfully. {actor_id=Only For Testing, actor_owning_identity=O=Mock Company 2, L=London, C=GB, actor_store_id=TEST, fiber-id=10000005, flow-id=1f050a1f-39e6-4bb4-b15f-be18fe850997, invocation_id=a8889e45-4ca2-4d92-8ab0-20fca4b1af1d, invocation_timestamp=2023-01-22T14:00:34.401Z, origin=Only For Testing, session_id=a8889e45-4ca2-4d92-8ab0-20fca4b1af1d, session_timestamp=2023-01-22T14:00:34.401Z, thread-id=1002, tx_id=833426F8A5DBFAB33462EB9E388C28708447A386CCA9BB8F5D3783DFF1127963}
[INFO ] 2023-01-22T14:00:34,485Z [Mock network] corda.flow. - Received transaction acknowledgement request from party O=Mock Company 2, L=London, C=GB. {fiber-id=10000007, flow-id=774bce42-242a-4e22-99b8-ee8a1c303a61, invocation_id=dcb0e821-d498-45d9-9b73-068a3a6c9b58, invocation_timestamp=2023-01-22T14:00:34.474Z, origin=O=Mock Company 2, L=London, C=GB, session_id=dcb0e821-d498-45d9-9b73-068a3a6c9b58, session_timestamp=2023-01-22T14:00:34.474Z, thread-id=1002, tx_id=833426F8A5DBFAB33462EB9E388C28708447A386CCA9BB8F5D3783DFF1127963}
[INFO ] 2023-01-22T14:00:34,494Z [Mock network] corda.flow. - Transaction dependencies resolution completed. {fiber-id=10000007, flow-id=774bce42-242a-4e22-99b8-ee8a1c303a61, invocation_id=dcb0e821-d498-45d9-9b73-068a3a6c9b58, invocation_timestamp=2023-01-22T14:00:34.474Z, origin=O=Mock Company 2, L=London, C=GB, session_id=dcb0e821-d498-45d9-9b73-068a3a6c9b58, session_timestamp=2023-01-22T14:00:34.474Z, thread-id=1002, tx_id=833426F8A5DBFAB33462EB9E388C28708447A386CCA9BB8F5D3783DFF1127963}
[INFO ] 2023-01-22T14:00:34,497Z [Mock network] corda.flow. - Successfully received fully signed tx. Sending it to the vault for processing. {fiber-id=10000007, flow-id=774bce42-242a-4e22-99b8-ee8a1c303a61, invocation_id=dcb0e821-d498-45d9-9b73-068a3a6c9b58, invocation_timestamp=2023-01-22T14:00:34.474Z, origin=O=Mock Company 2, L=London, C=GB, session_id=dcb0e821-d498-45d9-9b73-068a3a6c9b58, session_timestamp=2023-01-22T14:00:34.474Z, thread-id=1002, tx_id=833426F8A5DBFAB33462EB9E388C28708447A386CCA9BB8F5D3783DFF1127963}
[INFO ] 2023-01-22T14:00:34,503Z [Mock network] corda.flow. - Successfully recorded received transaction locally. {fiber-id=10000007, flow-id=774bce42-242a-4e22-99b8-ee8a1c303a61, invocation_id=dcb0e821-d498-45d9-9b73-068a3a6c9b58, invocation_timestamp=2023-01-22T14:00:34.474Z, origin=O=Mock Company 2, L=London, C=GB, session_id=dcb0e821-d498-45d9-9b73-068a3a6c9b58, session_timestamp=2023-01-22T14:00:34.474Z, thread-id=1002, tx_id=833426F8A5DBFAB33462EB9E388C28708447A386CCA9BB8F5D3783DFF1127963}
[INFO ] 2023-01-22T14:00:34,546Z [Mock network] identity.PersistentIdentityService. - Linking: B30F232584349856AB78F951BA42BDD157003DE98805AA2DBDB275D0A71DE323 to O=Mock Company 1, L=London, C=GB {actor_id=Only For Testing, actor_owning_identity=O=Mock Company 1, L=London, C=GB, actor_store_id=TEST, fiber-id=10000008, flow-id=de4166d1-6b3d-40b6-a16d-bda6c83ceb4b, invocation_id=654960e1-3d16-4fbd-8cbe-946789595841, invocation_timestamp=2023-01-22T14:00:34.530Z, origin=Only For Testing, session_id=654960e1-3d16-4fbd-8cbe-946789595841, session_timestamp=2023-01-22T14:00:34.530Z, thread-id=1002}
[INFO ] 2023-01-22T14:00:34,728Z [Mock network] identity.PersistentIdentityService. - Linking: A721A6D39430E6319D1E7BF5B329FE1B561B43489BCEB1CA7FFE26C84A2B3BC7 to O=Mock Company 2, L=London, C=GB {fiber-id=10000009, flow-id=987f5fda-5183-4d3e-8b85-6b06dededcb5, invocation_id=b38d88f5-1890-4d63-b1fa-b0daeae9a98d, invocation_timestamp=2023-01-22T14:00:34.596Z, origin=O=Mock Company 1, L=London, C=GB, session_id=b38d88f5-1890-4d63-b1fa-b0daeae9a98d, session_timestamp=2023-01-22T14:00:34.596Z, thread-id=1002}
[INFO ] 2023-01-22T14:00:34,763Z [Mock network] identity.PersistentIdentityService. - Linking: A721A6D39430E6319D1E7BF5B329FE1B561B43489BCEB1CA7FFE26C84A2B3BC7 to O=Mock Company 2, L=London, C=GB {actor_id=Only For Testing, actor_owning_identity=O=Mock Company 1, L=London, C=GB, actor_store_id=TEST, fiber-id=10000008, flow-id=de4166d1-6b3d-40b6-a16d-bda6c83ceb4b, invocation_id=654960e1-3d16-4fbd-8cbe-946789595841, invocation_timestamp=2023-01-22T14:00:34.530Z, origin=Only For Testing, session_id=654960e1-3d16-4fbd-8cbe-946789595841, session_timestamp=2023-01-22T14:00:34.530Z, thread-id=1002}
[INFO ] 2023-01-22T14:00:34,913Z [Mock network] corda.flow. - Received transaction acknowledgement request from party O=Mock Company 1, L=London, C=GB. {fiber-id=10000010, flow-id=5c310b1b-32ce-4780-89e2-fa432f928888, invocation_id=00d949ae-ac97-4308-a3e0-dd7dee6573e8, invocation_timestamp=2023-01-22T14:00:34.887Z, origin=O=Mock Company 1, L=London, C=GB, session_id=00d949ae-ac97-4308-a3e0-dd7dee6573e8, session_timestamp=2023-01-22T14:00:34.887Z, thread-id=1002, tx_id=7BE29243881EB34A2E584642E3D7853AADEEDDF19307B04BA77C8166334B20E5}
[INFO ] 2023-01-22T14:00:34,928Z [Mock network] corda.flow. - Transaction dependencies resolution completed. {fiber-id=10000010, flow-id=5c310b1b-32ce-4780-89e2-fa432f928888, invocation_id=00d949ae-ac97-4308-a3e0-dd7dee6573e8, invocation_timestamp=2023-01-22T14:00:34.887Z, origin=O=Mock Company 1, L=London, C=GB, session_id=00d949ae-ac97-4308-a3e0-dd7dee6573e8, session_timestamp=2023-01-22T14:00:34.887Z, thread-id=1002, tx_id=7BE29243881EB34A2E584642E3D7853AADEEDDF19307B04BA77C8166334B20E5}
[INFO ] 2023-01-22T14:00:35,056Z [Mock network] corda.flow. - No need to notarise this transaction. {actor_id=Only For Testing, actor_owning_identity=O=Mock Company 1, L=London, C=GB, actor_store_id=TEST, fiber-id=10000008, flow-id=de4166d1-6b3d-40b6-a16d-bda6c83ceb4b, invocation_id=654960e1-3d16-4fbd-8cbe-946789595841, invocation_timestamp=2023-01-22T14:00:34.530Z, origin=Only For Testing, session_id=654960e1-3d16-4fbd-8cbe-946789595841, session_timestamp=2023-01-22T14:00:34.530Z, thread-id=1002, tx_id=7BE29243881EB34A2E584642E3D7853AADEEDDF19307B04BA77C8166334B20E5}
[INFO ] 2023-01-22T14:00:35,056Z [Mock network] corda.flow. - Recording transaction locally. {actor_id=Only For Testing, actor_owning_identity=O=Mock Company 1, L=London, C=GB, actor_store_id=TEST, fiber-id=10000008, flow-id=de4166d1-6b3d-40b6-a16d-bda6c83ceb4b, invocation_id=654960e1-3d16-4fbd-8cbe-946789595841, invocation_timestamp=2023-01-22T14:00:34.530Z, origin=Only For Testing, session_id=654960e1-3d16-4fbd-8cbe-946789595841, session_timestamp=2023-01-22T14:00:34.530Z, thread-id=1002, tx_id=7BE29243881EB34A2E584642E3D7853AADEEDDF19307B04BA77C8166334B20E5}
[INFO ] 2023-01-22T14:00:35,064Z [Mock network] corda.flow. - Recorded transaction locally successfully. {actor_id=Only For Testing, actor_owning_identity=O=Mock Company 1, L=London, C=GB, actor_store_id=TEST, fiber-id=10000008, flow-id=de4166d1-6b3d-40b6-a16d-bda6c83ceb4b, invocation_id=654960e1-3d16-4fbd-8cbe-946789595841, invocation_timestamp=2023-01-22T14:00:34.530Z, origin=Only For Testing, session_id=654960e1-3d16-4fbd-8cbe-946789595841, session_timestamp=2023-01-22T14:00:34.530Z, thread-id=1002, tx_id=7BE29243881EB34A2E584642E3D7853AADEEDDF19307B04BA77C8166334B20E5}
[INFO ] 2023-01-22T14:00:35,089Z [Mock network] corda.flow. - Received transaction acknowledgement request from party O=Mock Company 1, L=London, C=GB. {fiber-id=10000010, flow-id=5c310b1b-32ce-4780-89e2-fa432f928888, invocation_id=00d949ae-ac97-4308-a3e0-dd7dee6573e8, invocation_timestamp=2023-01-22T14:00:34.887Z, origin=O=Mock Company 1, L=London, C=GB, session_id=00d949ae-ac97-4308-a3e0-dd7dee6573e8, session_timestamp=2023-01-22T14:00:34.887Z, thread-id=1002, tx_id=7BE29243881EB34A2E584642E3D7853AADEEDDF19307B04BA77C8166334B20E5}
[INFO ] 2023-01-22T14:00:35,101Z [Mock network] corda.flow. - Transaction dependencies resolution completed. {fiber-id=10000010, flow-id=5c310b1b-32ce-4780-89e2-fa432f928888, invocation_id=00d949ae-ac97-4308-a3e0-dd7dee6573e8, invocation_timestamp=2023-01-22T14:00:34.887Z, origin=O=Mock Company 1, L=London, C=GB, session_id=00d949ae-ac97-4308-a3e0-dd7dee6573e8, session_timestamp=2023-01-22T14:00:34.887Z, thread-id=1002, tx_id=7BE29243881EB34A2E584642E3D7853AADEEDDF19307B04BA77C8166334B20E5}
[INFO ] 2023-01-22T14:00:35,105Z [Mock network] corda.flow. - Successfully received fully signed tx. Sending it to the vault for processing. {fiber-id=10000010, flow-id=5c310b1b-32ce-4780-89e2-fa432f928888, invocation_id=00d949ae-ac97-4308-a3e0-dd7dee6573e8, invocation_timestamp=2023-01-22T14:00:34.887Z, origin=O=Mock Company 1, L=London, C=GB, session_id=00d949ae-ac97-4308-a3e0-dd7dee6573e8, session_timestamp=2023-01-22T14:00:34.887Z, thread-id=1002, tx_id=7BE29243881EB34A2E584642E3D7853AADEEDDF19307B04BA77C8166334B20E5}
[INFO ] 2023-01-22T14:00:35,111Z [Mock network] corda.flow. - Successfully recorded received transaction locally. {fiber-id=10000010, flow-id=5c310b1b-32ce-4780-89e2-fa432f928888, invocation_id=00d949ae-ac97-4308-a3e0-dd7dee6573e8, invocation_timestamp=2023-01-22T14:00:34.887Z, origin=O=Mock Company 1, L=London, C=GB, session_id=00d949ae-ac97-4308-a3e0-dd7dee6573e8, session_timestamp=2023-01-22T14:00:34.887Z, thread-id=1002, tx_id=7BE29243881EB34A2E584642E3D7853AADEEDDF19307B04BA77C8166334B20E5}
[WARN ] 2023-01-22T14:00:35,114Z [Mock network] persistence.AbstractPartyToX500NameAsStringConverter. - Identity service unable to resolve AbstractParty: Anonymous(DLD3yNCCDF6pkj1cWXWpkQiyuxxPcLovGkjZBRxE2JjT38) {actor_id=Only For Testing, actor_owning_identity=O=Mock Company 1, L=London, C=GB, actor_store_id=TEST, fiber-id=10000010, flow-id=5c310b1b-32ce-4780-89e2-fa432f928888, invocation_id=00d949ae-ac97-4308-a3e0-dd7dee6573e8, invocation_timestamp=2023-01-22T14:00:34.887Z, origin=O=Mock Company 1, L=London, C=GB, session_id=00d949ae-ac97-4308-a3e0-dd7dee6573e8, session_timestamp=2023-01-22T14:00:34.887Z, thread-id=1002}
[INFO ] 2023-01-22T14:00:35,120Z [Mock network] corda.flow. - Party O=Mock Company 2, L=London, C=GB received the transaction. {actor_id=Only For Testing, actor_owning_identity=O=Mock Company 1, L=London, C=GB, actor_store_id=TEST, fiber-id=10000008, flow-id=de4166d1-6b3d-40b6-a16d-bda6c83ceb4b, invocation_id=654960e1-3d16-4fbd-8cbe-946789595841, invocation_timestamp=2023-01-22T14:00:34.530Z, origin=Only For Testing, session_id=654960e1-3d16-4fbd-8cbe-946789595841, session_timestamp=2023-01-22T14:00:34.530Z, thread-id=1002, tx_id=7BE29243881EB34A2E584642E3D7853AADEEDDF19307B04BA77C8166334B20E5}
[INFO ] 2023-01-22T14:00:35,120Z [Mock network] corda.flow. - All parties received the transaction successfully. {actor_id=Only For Testing, actor_owning_identity=O=Mock Company 1, L=London, C=GB, actor_store_id=TEST, fiber-id=10000008, flow-id=de4166d1-6b3d-40b6-a16d-bda6c83ceb4b, invocation_id=654960e1-3d16-4fbd-8cbe-946789595841, invocation_timestamp=2023-01-22T14:00:34.530Z, origin=Only For Testing, session_id=654960e1-3d16-4fbd-8cbe-946789595841, session_timestamp=2023-01-22T14:00:34.530Z, thread-id=1002, tx_id=7BE29243881EB34A2E584642E3D7853AADEEDDF19307B04BA77C8166334B20E5}
[INFO ] 2023-01-22T14:00:35,152Z [Test worker] internal.InternalMockNetwork$MockNode. - Node status update: [STARTED] -> [STOPPING] {}
[INFO ] 2023-01-22T14:00:35,153Z [Test worker] persistence.CordaPersistence. - Closing HikariDataSource (HikariPool-4) {}
[INFO ] 2023-01-22T14:00:35,166Z [Test worker] internal.MockNodeMessagingService. - Status change to false {}
[INFO ] 2023-01-22T14:00:35,166Z [Test worker] internal.InternalMockNetwork$MockNode. - MessagingService active change to: false {}
[INFO ] 2023-01-22T14:00:35,167Z [Test worker] internal.InternalMockNetwork$MockNode. - Node status update: [STARTED] -> [STOPPING] {}
[INFO ] 2023-01-22T14:00:35,168Z [Test worker] persistence.CordaPersistence. - Closing HikariDataSource (HikariPool-5) {}
[INFO ] 2023-01-22T14:00:35,181Z [Test worker] internal.MockNodeMessagingService. - Status change to false {}
[INFO ] 2023-01-22T14:00:35,181Z [Test worker] internal.InternalMockNetwork$MockNode. - MessagingService active change to: false {}
[INFO ] 2023-01-22T14:00:35,182Z [Test worker] internal.InternalMockNetwork$MockNode. - Node status update: [STARTED] -> [STOPPING] {}
[INFO ] 2023-01-22T14:00:35,183Z [Test worker] persistence.CordaPersistence. - Closing HikariDataSource (HikariPool-6) {}
[INFO ] 2023-01-22T14:00:35,196Z [Test worker] internal.MockNodeMessagingService. - Status change to false {}
[INFO ] 2023-01-22T14:00:35,196Z [Test worker] internal.InternalMockNetwork$MockNode. - MessagingService active change to: false {}
